2026-06-20 14:31:51,515 - discord.gateway - INFO - Shard ID None has connected to Gateway (Session ID: cfd335e51cf2b50f1999f992479705ea).
2026-06-20 14:31:53,530 - utils.startup_log - INFO - ╔══════════════════════════════════════════════════╗
2026-06-20 14:31:53,531 - utils.startup_log - INFO - ║ БОТ УВД — ЗАПУСК                                 ║
2026-06-20 14:31:53,531 - utils.startup_log - INFO - ╚══════════════════════════════════════════════════╝
2026-06-20 14:31:53,531 - utils.startup_log - INFO - 
2026-06-20 14:31:53,564 - utils.startup_log - INFO -   ▶ Подключение
2026-06-20 14:31:53,564 - utils.startup_log - INFO -   ──────────────────────────────────────────────────
2026-06-20 14:31:53,564 - utils.startup_log - INFO -     • Бот — Помощник#1719
2026-06-20 14:31:53,564 - utils.startup_log - INFO -     • ID бота — 1508421824227053629
2026-06-20 14:31:53,564 - utils.startup_log - INFO - 
2026-06-20 14:31:53,564 - utils.startup_log - INFO -   ▶ База данных
2026-06-20 14:31:53,565 - utils.startup_log - INFO -   ──────────────────────────────────────────────────
2026-06-20 14:31:53,587 - database - INFO - БД: открыто новое соединение (path=data/bot.db, journal_mode=WAL, foreign_keys=ON)
2026-06-20 14:31:53,591 - utils.startup_log - INFO -     • БД подключена — OK
2026-06-20 14:31:53,594 - services.warehouse_session - INFO - WarehouseSession: загружено 94 сессий из БД
2026-06-20 14:31:53,594 - utils.startup_log - INFO -     • Сессии склада — загружены из БД
2026-06-20 14:31:53,595 - services.warehouse_cooldown - INFO - WarehouseCooldown: загружено 102 записей из БД
2026-06-20 14:31:53,595 - utils.startup_log - INFO -     • Кулдауны склада — загружены из БД
2026-06-20 14:31:53,595 - utils.startup_log - INFO - 
2026-06-20 14:31:53,595 - utils.startup_log - INFO -   ▶ Слэш-команды
2026-06-20 14:31:53,596 - utils.startup_log - INFO -   ──────────────────────────────────────────────────
2026-06-20 14:31:54,086 - utils.startup_log - INFO -     • Синхронизированы — orls_promotion_setup, osb_promotion_setup, grom_promotion_setup, pps_promotion_setup, promotion_setup_all
2026-06-20 14:31:54,086 - utils.startup_log - INFO - 
2026-06-20 14:31:54,087 - utils.startup_log - INFO -   ▶ Восстановление View
2026-06-20 14:31:54,087 - utils.startup_log - INFO -   ──────────────────────────────────────────────────
2026-06-20 14:31:54,087 - services.restore_views - INFO - Восстановление View...
2026-06-20 14:31:54,088 - services.restore_views - INFO - Стартовые View восстановлены
2026-06-20 14:31:54,129 - services.restore_views - INFO - 📦 Загружено из БД: заявок=0, увольнений=0, повышений=0, склад=0, переводы=0
2026-06-20 14:31:54,129 - services.restore_views - INFO - 🔨 Восстановлено кнопок заявок: 0 | удалено из БД: 0 | пропущено: 0
2026-06-20 14:31:54,130 - services.restore_views - INFO - 🔨 Восстановлено кнопок увольнений: 0 | удалено из БД: 0 | пропущено: 0
2026-06-20 14:31:54,130 - services.restore_views - INFO - 🔨 Восстановлено кнопок повышений: 0 | удалено из БД: 0 | пропущено: 0
2026-06-20 14:31:54,130 - services.restore_views - INFO - 🔨 Восстановлено кнопок склада: 0 | удалено из БД: 0 | пропущено: 0
2026-06-20 14:31:54,130 - services.restore_views - INFO - 🔨 Восстановлено кнопок заявок на перевод: 0 | удалено из БД: 0 | пропущено: 0
2026-06-20 14:31:54,131 - services.restore_views - INFO - Восстановление View завершено
2026-06-20 14:31:54,131 - utils.startup_log - INFO -     • View восстановлены — OK
2026-06-20 14:31:54,131 - utils.startup_log - INFO - 
2026-06-20 14:31:54,131 - utils.startup_log - INFO -   ▶ Проверки при запуске
2026-06-20 14:31:54,131 - utils.startup_log - INFO -   ──────────────────────────────────────────────────
2026-06-20 14:31:54,131 - services.startup_checks - INFO - ========== ПРОВЕРКА ПРИ ЗАПУСКЕ ==========
2026-06-20 14:31:54,132 - services.startup_checks - INFO - ✅ Сервер: ЧВК Варкин (ID=1470858553530257473)
2026-06-20 14:31:54,132 - services.startup_checks - INFO - ✅ Бот: Помощник#1719 | верхняя роль='Помощник' | позиция=13
2026-06-20 14:31:54,132 - services.startup_checks - INFO - ✅ START_CHANNEL_ID: канал найден и доступен (ID=1482723021805584605)
2026-06-20 14:31:54,132 - services.startup_checks - INFO - ✅ REQUEST_CHANNEL_ID: канал найден и доступен (ID=1482723021805584605)
2026-06-20 14:31:54,132 - services.startup_checks - INFO - ✅ FIRING_CHANNEL_ID: канал найден и доступен (ID=1517132584142770207)
2026-06-20 14:31:54,133 - services.startup_checks - INFO - ✅ WAREHOUSE_REQUEST_CHANNEL_ID: канал найден и доступен (ID=1471112353184616629)
2026-06-20 14:31:54,133 - services.startup_checks - INFO - ✅ WAREHOUSE_AUDIT_CHANNEL_ID: канал найден и доступен (ID=1471947080200356017)
2026-06-20 14:31:54,133 - services.startup_checks - INFO - ✅ ACADEMY_CHANNEL_ID: канал найден и доступен (ID=1503034563184693338)
2026-06-20 14:31:54,133 - services.startup_checks - INFO - ✅ EXAM_CHANNEL_ID: канал найден и доступен (ID=1517849406433529856)
2026-06-20 14:31:54,133 - services.startup_checks - INFO - ✅ CHANNEL_APPLY_GROM: канал найден и доступен (ID=1517833352185380925)
2026-06-20 14:31:54,134 - services.startup_checks - INFO - ✅ CHANNEL_APPLY_PPS: канал найден и доступен (ID=1517833799818547222)
2026-06-20 14:31:54,134 - services.startup_checks - INFO - ✅ CHANNEL_APPLY_OSB: канал найден и доступен (ID=1517833889362481182)
2026-06-20 14:31:54,134 - services.startup_checks - INFO - ✅ CHANNEL_APPLY_ORLS: канал найден и доступен (ID=1517833579059740682)
2026-06-20 14:31:54,134 - services.startup_checks - INFO - ✅ CHANNEL_ADMIN_TRANSFER: канал найден и доступен (ID=1517834808011657327)
2026-06-20 14:31:54,134 - services.startup_checks - INFO - ✅ CHANNEL_CADRE_LOG: канал найден и доступен (ID=1517164403030753331)
2026-06-20 14:31:54,134 - services.startup_checks - WARNING - ⚠️ STAFF_ROLE_ID: роль найдена, но она выше/равна роли бота ('Кадровый отдел' >= 'Помощник'). Бот не сможет её выдать/снять.
2026-06-20 14:31:54,134 - services.startup_checks - WARNING - ⚠️ TRANSFER_STAFF_ROLE_ID: роль найдена, но она выше/равна роли бота ('Кадровый отдел' >= 'Помощник'). Бот не сможет её выдать/снять.
2026-06-20 14:31:54,134 - services.startup_checks - WARNING - ⚠️ GOV_STAFF_ROLE_ID: роль найдена, но она выше/равна роли бота ('Кадровый отдел' >= 'Помощник'). Бот не сможет её выдать/снять.
2026-06-20 14:31:54,134 - services.startup_checks - WARNING - ⚠️ FIRING_STAFF_ROLE_ID: роль найдена, но она выше/равна роли бота ('Кадровый отдел' >= 'Помощник'). Бот не сможет её выдать/снять.
2026-06-20 14:31:54,135 - services.startup_checks - WARNING - ⚠️ FIRING_SENIOR_ROLE_ID: роль найдена, но она выше/равна роли бота ('Кадровый отдел' >= 'Помощник'). Бот не сможет её выдать/снять.
2026-06-20 14:31:54,135 - services.startup_checks - WARNING - ⚠️ WAREHOUSE_STAFF_ROLE_ID: роль найдена, но она выше/равна роли бота ('Кадровый отдел' >= 'Помощник'). Бот не сможет её выдать/снять.
2026-06-20 14:31:54,135 - services.startup_checks - WARNING - ⚠️ FIRED_ROLE_ID: роль найдена, но она выше/равна роли бота ('уволен' >= 'Помощник'). Бот не сможет её выдать/снять.
2026-06-20 14:31:54,135 - services.startup_checks - WARNING - ⚠️ ROLES_TO_KEEP_ON_FIRE: список пустой
2026-06-20 14:31:54,135 - services.startup_checks - INFO - ✅ CADET_ROLES_TO_GIVE -> 1517132125504147519: роль найдена (ID=1517132125504147519, name='рядовой')
2026-06-20 14:31:54,135 - services.startup_checks - WARNING - ⚠️ TRANSFER_ROLES_TO_GIVE -> 1483105783179771987: роль найдена, но она выше/равна роли бота ('ЧВК' >= 'Помощник'). Бот не сможет её выдать/снять.
2026-06-20 14:31:54,135 - services.startup_checks - WARNING - ⚠️ GOV_ROLE_TO_GIVE: роль найдена, но она выше/равна роли бота ('Гос Служащий' >= 'Помощник'). Бот не сможет её выдать/снять.
2026-06-20 14:31:54,135 - services.startup_checks - INFO - ✅ PPS_ROLE_IDS -> 1517184354940485782: роль найдена (ID=1517184354940485782, name='ППС')
2026-06-20 14:31:54,135 - services.startup_checks - WARNING - ⚠️ PPS_ROLE_IDS -> 1483154326829404312: роль найдена, но она выше/равна роли бота ('Ведьма' >= 'Помощник'). Бот не сможет её выдать/снять.
2026-06-20 14:31:54,141 - services.startup_checks - WARNING - ⚠️ ROLE_CHIEF_GROM: роль найдена, но она выше/равна роли бота ('Командир СОБР' >= 'Помощник'). Бот не сможет её выдать/снять.
2026-06-20 14:31:54,142 - services.startup_checks - WARNING - ⚠️ ROLE_DEPUTY_GROM: роль найдена, но она выше/равна роли бота ('Зам. Ком. СОБР' >= 'Помощник'). Бот не сможет её выдать/снять.
2026-06-20 14:31:54,142 - services.startup_checks - WARNING - ⚠️ ROLE_CHIEF_PPS: роль найдена, но она выше/равна роли бота ('Командир АВНГ' >= 'Помощник'). Бот не сможет её выдать/снять.
2026-06-20 14:31:54,142 - services.startup_checks - WARNING - ⚠️ ROLE_DEPUTY_PPS: роль найдена, но она выше/равна роли бота ('Зам. ком. УВО' >= 'Помощник'). Бот не сможет её выдать/снять.
2026-06-20 14:31:54,142 - services.startup_checks - WARNING - ⚠️ ROLE_CHIEF_OSB: роль найдена, но она выше/равна роли бота ('Начальник ОСБ' >= 'Помощник'). Бот не сможет её выдать/снять.
2026-06-20 14:31:54,142 - services.startup_checks - WARNING - ⚠️ ROLE_DEPUTY_OSB: роль найдена, но она выше/равна роли бота ('Зам. Нач. ОСБ' >= 'Помощник'). Бот не сможет её выдать/снять.
2026-06-20 14:31:54,142 - services.startup_checks - WARNING - ⚠️ ROLE_CHIEF_ORLS: роль найдена, но она выше/равна роли бота ('Командир УВО' >= 'Помощник'). Бот не сможет её выдать/снять.
2026-06-20 14:31:54,142 - services.startup_checks - WARNING - ⚠️ ROLE_DEPUTY_ORLS: роль найдена, но она выше/равна роли бота ('Зам. ком. УВО' >= 'Помощник'). Бот не сможет её выдать/снять.
2026-06-20 14:31:54,142 - services.startup_checks - WARNING - ⚠️ ROLE_DEPT_GROM: роль найдена, но она выше/равна роли бота ('СОБР' >= 'Помощник'). Бот не сможет её выдать/снять.
2026-06-20 14:31:54,142 - services.startup_checks - WARNING - ⚠️ ROLE_DEPT_PPS: роль найдена, но она выше/равна роли бота ('АВНГ' >= 'Помощник'). Бот не сможет её выдать/снять.
2026-06-20 14:31:54,142 - services.startup_checks - WARNING - ⚠️ ROLE_DEPT_OSB: роль найдена, но она выше/равна роли бота ('ОСБ' >= 'Помощник'). Бот не сможет её выдать/снять.
2026-06-20 14:31:54,143 - services.startup_checks - WARNING - ⚠️ ROLE_DEPT_ORLS: роль найдена, но она выше/равна роли бота ('АВНГ' >= 'Помощник'). Бот не сможет её выдать/снять.
2026-06-20 14:31:54,143 - services.startup_checks - WARNING - ⚠️ ROLE_RANK_GROM: список пустой
2026-06-20 14:31:54,143 - services.startup_checks - WARNING - ⚠️ ROLE_RANK_PPS -> 1487044914624856174: роль найдена, но она выше/равна роли бота ('белая ворона' >= 'Помощник'). Бот не сможет её выдать/снять.
2026-06-20 14:31:54,143 - services.startup_checks - WARNING - ⚠️ ROLE_RANK_OSB -> 1471110087107018822: роль найдена, но она выше/равна роли бота ('Шпион' >= 'Помощник'). Бот не сможет её выдать/снять.
2026-06-20 14:31:54,143 - services.startup_checks - WARNING - ⚠️ ROLE_RANK_ORLS: список пустой
2026-06-20 14:31:54,143 - services.startup_checks - INFO - ✅ ROLE_ACADEMY: роль найдена (ID=1517837058977042622, name='академия')
2026-06-20 14:31:54,143 - services.startup_checks - WARNING - ⚠️ ROLE_DEPT_ACADEMY: роль найдена, но она выше/равна роли бота ('АВНГ' >= 'Помощник'). Бот не сможет её выдать/снять.
2026-06-20 14:31:54,157 - services.startup_checks - WARNING - ⚠️ ROLE_PASSED_ACADEMY: роль найдена, но она выше/равна роли бота ('Ефрейтор' >= 'Помощник'). Бот не сможет её выдать/снять.
2026-06-20 14:31:54,157 - services.startup_checks - INFO - ✅ Канал повышений 1471108664457826446: канал найден и доступен (ID=1471108664457826446)
2026-06-20 14:31:54,157 - services.startup_checks - INFO - ✅ Роль кадровика для канала повышений 1471108664457826446: роль найдена (ID=1508437640263761952, name='Кадровый отдел')
2026-06-20 14:31:54,157 - services.startup_checks - INFO - ✅ ALL_RANK_ROLE_IDS -> 1517132125504147519: роль найдена (ID=1517132125504147519, name='рядовой')
2026-06-20 14:31:54,157 - services.startup_checks - INFO - ✅ ALL_RANK_ROLE_IDS -> 1500207254765437048: роль найдена (ID=1500207254765437048, name='Майор')
2026-06-20 14:31:54,158 - services.startup_checks - ERROR - ❌ RANK_ROLE_MAPPING: роль не найдена для 'Рядовой -> Младший Сержант' (ID=0)
2026-06-20 14:31:54,158 - services.startup_checks - INFO - ✅ Канал рапортов ОРЛС: канал найден и доступен (ID=1517850589852205106)
2026-06-20 14:31:54,158 - services.startup_checks - INFO - ✅ Канал рапортов ОСБ: канал найден и доступен (ID=1517850633502199838)
2026-06-20 14:31:54,158 - services.startup_checks - INFO - ✅ Канал рапортов ГРОМ: канал найден и доступен (ID=1517850560110530581)
2026-06-20 14:31:54,158 - services.startup_checks - INFO - ✅ Канал рапортов ППС: канал найден и доступен (ID=1517850560110530581)
2026-06-20 14:31:54,158 - services.startup_checks - INFO - ✅ У бота есть право 'Управлять ролями'
2026-06-20 14:31:54,158 - services.startup_checks - INFO - ✅ У бота есть право 'Управлять никами'
2026-06-20 14:31:54,159 - services.startup_checks - INFO - ======== ПРОВЕРКА ПРИ ЗАПУСКЕ ЗАВЕРШЕНА ========
2026-06-20 14:31:54,159 - utils.startup_log - INFO -     • Каналы и роли — проверены
2026-06-20 14:31:54,159 - utils.startup_log - INFO - 
2026-06-20 14:31:54,159 - utils.startup_log - INFO -   ▶ Состояние
2026-06-20 14:31:54,159 - utils.startup_log - INFO -   ──────────────────────────────────────────────────
2026-06-20 14:31:54,159 - services.health_report - INFO - ========== ОТЧЁТ О СОСТОЯНИИ ==========
2026-06-20 14:31:54,159 - services.health_report - INFO - 📊 ПАМЯТЬ | заявки=0 | увольнения=0 | повышения=0 | склад=0 | переводы=0 | черновики_ОРЛС=0 ОСБ=0 ГРОМ=0 ППС=0 Акад=0 | сообщ_рапортов=0
2026-06-20 14:31:54,165 - services.health_report - INFO - 🗄️ БАЗА   | заявки=20 | увольнения=102 | повышения=31 | склад=20 | переводы=18
2026-06-20 14:31:54,166 - services.health_report - INFO - 🧹 Проверка осиротевших записей (только проверка=True)...
2026-06-20 14:31:54,595 - services.health_report - WARNING - 🧹 ЛИШНЯЯ ЗАПИСЬ (увольнение): message_id=1513618665600319630 (сообщение удалено)
2026-06-20 14:31:54,913 - services.health_report - WARNING - 🧹 ЛИШНЯЯ ЗАПИСЬ (увольнение): message_id=1513619167570432032 (сообщение удалено)
2026-06-20 14:31:55,226 - services.health_report - WARNING - 🧹 ЛИШНЯЯ ЗАПИСЬ (увольнение): message_id=1513622778031640748 (сообщение удалено)
2026-06-20 14:31:55,543 - services.health_report - WARNING - 🧹 ЛИШНЯЯ ЗАПИСЬ (увольнение): message_id=1513626072791515340 (сообщение удалено)
2026-06-20 14:31:55,839 - services.health_report - WARNING - 🧹 ЛИШНЯЯ ЗАПИСЬ (увольнение): message_id=1513627820944003234 (сообщение удалено)
2026-06-20 14:32:00,596 - services.health_report - WARNING - 🧹 ЛИШНЯЯ ЗАПИСЬ (увольнение): message_id=1513633130353918043 (сообщение удалено)
2026-06-20 14:32:00,892 - services.health_report - WARNING - 🧹 ЛИШНЯЯ ЗАПИСЬ (увольнение): message_id=1513633287007113367 (сообщение удалено)
2026-06-20 14:32:01,196 - services.health_report - WARNING - 🧹 ЛИШНЯЯ ЗАПИСЬ (увольнение): message_id=1513662922759344141 (сообщение удалено)
2026-06-20 14:32:01,480 - services.health_report - WARNING - 🧹 ЛИШНЯЯ ЗАПИСЬ (увольнение): message_id=1513672036507979846 (сообщение удалено)
2026-06-20 14:32:01,776 - services.health_report - WARNING - 🧹 ЛИШНЯЯ ЗАПИСЬ (увольнение): message_id=1513680345130602637 (сообщение удалено)
2026-06-20 14:32:02,058 - services.health_report - WARNING - 🧹 ЛИШНЯЯ ЗАПИСЬ (увольнение): message_id=1513766264990863380 (сообщение удалено)
2026-06-20 14:32:06,893 - services.health_report - WARNING - 🧹 ЛИШНЯЯ ЗАПИСЬ (увольнение): message_id=1513842850448674986 (сообщение удалено)
2026-06-20 14:32:07,189 - services.health_report - WARNING - 🧹 ЛИШНЯЯ ЗАПИСЬ (увольнение): message_id=1513860595840061511 (сообщение удалено)
2026-06-20 14:32:07,555 - services.health_report - WARNING - 🧹 ЛИШНЯЯ ЗАПИСЬ (увольнение): message_id=1513875560009568416 (сообщение удалено)
2026-06-20 14:32:07,884 - services.health_report - WARNING - 🧹 ЛИШНЯЯ ЗАПИСЬ (увольнение): message_id=1513877789462368267 (сообщение удалено)
2026-06-20 14:32:08,277 - services.health_report - WARNING - 🧹 ЛИШНЯЯ ЗАПИСЬ (увольнение): message_id=1513945681549721620 (сообщение удалено)
2026-06-20 14:32:08,605 - services.health_report - WARNING - 🧹 ЛИШНЯЯ ЗАПИСЬ (увольнение): message_id=1514143239236751481 (сообщение удалено)
2026-06-20 14:32:13,205 - services.health_report - WARNING - 🧹 ЛИШНЯЯ ЗАПИСЬ (увольнение): message_id=1514174187034509355 (сообщение удалено)
2026-06-20 14:32:13,522 - services.health_report - WARNING - 🧹 ЛИШНЯЯ ЗАПИСЬ (увольнение): message_id=1514218125397200957 (сообщение удалено)
2026-06-20 14:32:13,898 - services.health_report - WARNING - 🧹 ЛИШНЯЯ ЗАПИСЬ (увольнение): message_id=1514220042948972625 (сообщение удалено)
2026-06-20 14:32:14,183 - services.health_report - WARNING - 🧹 ЛИШНЯЯ ЗАПИСЬ (увольнение): message_id=1514225176345051277 (сообщение удалено)
2026-06-20 14:32:14,657 - services.health_report - WARNING - 🧹 ЛИШНЯЯ ЗАПИСЬ (увольнение): message_id=1514232480549441667 (сообщение удалено)
2026-06-20 14:32:14,996 - services.health_report - WARNING - 🧹 ЛИШНЯЯ ЗАПИСЬ (увольнение): message_id=1514241729526763713 (сообщение удалено)
2026-06-20 14:32:19,523 - services.health_report - WARNING - 🧹 ЛИШНЯЯ ЗАПИСЬ (увольнение): message_id=1514247442953142353 (сообщение удалено)
2026-06-20 14:32:19,798 - services.health_report - WARNING - 🧹 ЛИШНЯЯ ЗАПИСЬ (увольнение): message_id=1514266755760132187 (сообщение удалено)
2026-06-20 14:32:20,124 - services.health_report - WARNING - 🧹 ЛИШНЯЯ ЗАПИСЬ (увольнение): message_id=1514283144029933628 (сообщение удалено)
2026-06-20 14:32:20,433 - services.health_report - WARNING - 🧹 ЛИШНЯЯ ЗАПИСЬ (увольнение): message_id=1514333489850486905 (сообщение удалено)
2026-06-20 14:32:20,764 - services.health_report - WARNING - 🧹 ЛИШНЯЯ ЗАПИСЬ (увольнение): message_id=1514351399536689233 (сообщение удалено)
2026-06-20 14:32:21,096 - services.health_report - WARNING - 🧹 ЛИШНЯЯ ЗАПИСЬ (увольнение): message_id=1514352687007793292 (сообщение удалено)
2026-06-20 14:32:25,824 - services.health_report - WARNING - 🧹 ЛИШНЯЯ ЗАПИСЬ (увольнение): message_id=1514355578313375776 (сообщение удалено)
2026-06-20 14:32:26,125 - services.health_report - WARNING - 🧹 ЛИШНЯЯ ЗАПИСЬ (увольнение): message_id=1514371740544008332 (сообщение удалено)
2026-06-20 14:32:26,407 - services.health_report - WARNING - 🧹 ЛИШНЯЯ ЗАПИСЬ (увольнение): message_id=1514383747053785120 (сообщение удалено)
2026-06-20 14:32:26,709 - services.health_report - WARNING - 🧹 ЛИШНЯЯ ЗАПИСЬ (увольнение): message_id=1514414727428706364 (сообщение удалено)
2026-06-20 14:32:27,100 - services.health_report - WARNING - 🧹 ЛИШНЯЯ ЗАПИСЬ (увольнение): message_id=1514550206815932486 (сообщение удалено)
2026-06-20 14:32:27,441 - services.health_report - WARNING - 🧹 ЛИШНЯЯ ЗАПИСЬ (увольнение): message_id=1514553333560643746 (сообщение удалено)
2026-06-20 14:32:32,124 - services.health_report - WARNING - 🧹 ЛИШНЯЯ ЗАПИСЬ (увольнение): message_id=1514558241307099176 (сообщение удалено)
2026-06-20 14:32:32,428 - services.health_report - WARNING - 🧹 ЛИШНЯЯ ЗАПИСЬ (увольнение): message_id=1514575430848352269 (сообщение удалено)
2026-06-20 14:32:32,786 - services.health_report - WARNING - 🧹 ЛИШНЯЯ ЗАПИСЬ (увольнение): message_id=1514605024242565220 (сообщение удалено)
2026-06-20 14:32:33,126 - services.health_report - WARNING - 🧹 ЛИШНЯЯ ЗАПИСЬ (увольнение): message_id=1514619937325453462 (сообщение удалено)
2026-06-20 14:32:33,457 - services.health_report - WARNING - 🧹 ЛИШНЯЯ ЗАПИСЬ (увольнение): message_id=1514638734828769383 (сообщение удалено)
2026-06-20 14:32:33,808 - services.health_report - WARNING - 🧹 ЛИШНЯЯ ЗАПИСЬ (увольнение): message_id=1514650693812748399 (сообщение удалено)
2026-06-20 14:32:38,458 - services.health_report - WARNING - 🧹 ЛИШНЯЯ ЗАПИСЬ (увольнение): message_id=1514654880491376793 (сообщение удалено)
2026-06-20 14:32:38,801 - services.health_report - WARNING - 🧹 ЛИШНЯЯ ЗАПИСЬ (увольнение): message_id=1514686177423261859 (сообщение удалено)
2026-06-20 14:32:39,118 - services.health_report - WARNING - 🧹 ЛИШНЯЯ ЗАПИСЬ (увольнение): message_id=1514697660177846283 (сообщение удалено)
2026-06-20 14:32:39,519 - services.health_report - WARNING - 🧹 ЛИШНЯЯ ЗАПИСЬ (увольнение): message_id=1514823588694331596 (сообщение удалено)
2026-06-20 14:32:39,832 - services.health_report - WARNING - 🧹 ЛИШНЯЯ ЗАПИСЬ (увольнение): message_id=1514896228540874792 (сообщение удалено)
2026-06-20 14:32:40,147 - services.health_report - WARNING - 🧹 ЛИШНЯЯ ЗАПИСЬ (увольнение): message_id=1514918800464543886 (сообщение удалено)
2026-06-20 14:32:44,805 - services.health_report - WARNING - 🧹 ЛИШНЯЯ ЗАПИСЬ (увольнение): message_id=1514930244165963917 (сообщение удалено)
2026-06-20 14:32:45,112 - services.health_report - WARNING - 🧹 ЛИШНЯЯ ЗАПИСЬ (увольнение): message_id=1514933440175149127 (сообщение удалено)
2026-06-20 14:32:45,441 - services.health_report - WARNING - 🧹 ЛИШНЯЯ ЗАПИСЬ (увольнение): message_id=1514937495119466588 (сообщение удалено)
2026-06-20 14:32:45,723 - services.health_report - WARNING - 🧹 ЛИШНЯЯ ЗАПИСЬ (увольнение): message_id=1514937717371174942 (сообщение удалено)
2026-06-20 14:32:46,009 - services.health_report - WARNING - 🧹 ЛИШНЯЯ ЗАПИСЬ (увольнение): message_id=1514951095150051519 (сообщение удалено)
2026-06-20 14:32:46,411 - services.health_report - WARNING - 🧹 ЛИШНЯЯ ЗАПИСЬ (увольнение): message_id=1514959277482049707 (сообщение удалено)
2026-06-20 14:32:51,117 - services.health_report - WARNING - 🧹 ЛИШНЯЯ ЗАПИСЬ (увольнение): message_id=1514961505622425633 (сообщение удалено)
2026-06-20 14:32:51,459 - services.health_report - WARNING - 🧹 ЛИШНЯЯ ЗАПИСЬ (увольнение): message_id=1514963705014652949 (сообщение удалено)
2026-06-20 14:32:52,080 - services.health_report - WARNING - 🧹 ЛИШНЯЯ ЗАПИСЬ (увольнение): message_id=1515060692590264472 (сообщение удалено)
2026-06-20 14:32:52,372 - services.health_report - WARNING - 🧹 ЛИШНЯЯ ЗАПИСЬ (увольнение): message_id=1515074383536848958 (сообщение удалено)
2026-06-20 14:32:52,657 - services.health_report - WARNING - 🧹 ЛИШНЯЯ ЗАПИСЬ (увольнение): message_id=1515094790952456253 (сообщение удалено)
2026-06-20 14:32:52,970 - services.health_report - WARNING - 🧹 ЛИШНЯЯ ЗАПИСЬ (увольнение): message_id=1515105263462383758 (сообщение удалено)
2026-06-20 14:32:57,444 - services.health_report - WARNING - 🧹 ЛИШНЯЯ ЗАПИСЬ (увольнение): message_id=1515167258383618078 (сообщение удалено)
2026-06-20 14:32:57,812 - services.health_report - WARNING - 🧹 ЛИШНЯЯ ЗАПИСЬ (увольнение): message_id=1515217975504797829 (сообщение удалено)
2026-06-20 14:32:58,128 - services.health_report - WARNING - 🧹 ЛИШНЯЯ ЗАПИСЬ (увольнение): message_id=1515263740520435762 (сообщение удалено)
2026-06-20 14:32:58,506 - services.health_report - WARNING - 🧹 ЛИШНЯЯ ЗАПИСЬ (увольнение): message_id=1515311674947801108 (сообщение удалено)
2026-06-20 14:32:58,815 - services.health_report - WARNING - 🧹 ЛИШНЯЯ ЗАПИСЬ (увольнение): message_id=1515346581778333836 (сообщение удалено)
2026-06-20 14:32:59,096 - services.health_report - WARNING - 🧹 ЛИШНЯЯ ЗАПИСЬ (увольнение): message_id=1515432583754813460 (сообщение удалено)
2026-06-20 14:33:03,741 - services.health_report - WARNING - 🧹 ЛИШНЯЯ ЗАПИСЬ (увольнение): message_id=1515456223699275778 (сообщение удалено)
2026-06-20 14:33:04,028 - services.health_report - WARNING - 🧹 ЛИШНЯЯ ЗАПИСЬ (увольнение): message_id=1515456972412026950 (сообщение удалено)
2026-06-20 14:33:04,305 - services.health_report - WARNING - 🧹 ЛИШНЯЯ ЗАПИСЬ (увольнение): message_id=1515458280456196126 (сообщение удалено)
2026-06-20 14:33:04,643 - services.health_report - WARNING - 🧹 ЛИШНЯЯ ЗАПИСЬ (увольнение): message_id=1515469392010547350 (сообщение удалено)
2026-06-20 14:33:04,925 - services.health_report - WARNING - 🧹 ЛИШНЯЯ ЗАПИСЬ (увольнение): message_id=1515493833436172369 (сообщение удалено)
2026-06-20 14:33:05,218 - services.health_report - WARNING - 🧹 ЛИШНЯЯ ЗАПИСЬ (увольнение): message_id=1515494822079631450 (сообщение удалено)
2026-06-20 14:33:10,043 - services.health_report - WARNING - 🧹 ЛИШНЯЯ ЗАПИСЬ (увольнение): message_id=1515648848419098737 (сообщение удалено)
2026-06-20 14:33:10,338 - services.health_report - WARNING - 🧹 ЛИШНЯЯ ЗАПИСЬ (увольнение): message_id=1515650958481297408 (сообщение удалено)
2026-06-20 14:33:10,677 - services.health_report - WARNING - 🧹 ЛИШНЯЯ ЗАПИСЬ (увольнение): message_id=1515667237967499325 (сообщение удалено)
2026-06-20 14:33:11,003 - services.health_report - WARNING - 🧹 ЛИШНЯЯ ЗАПИСЬ (увольнение): message_id=1515692600248762378 (сообщение удалено)
2026-06-20 14:33:11,347 - services.health_report - WARNING - 🧹 ЛИШНЯЯ ЗАПИСЬ (увольнение): message_id=1515699543361060867 (сообщение удалено)
2026-06-20 14:33:11,653 - services.health_report - WARNING - 🧹 ЛИШНЯЯ ЗАПИСЬ (увольнение): message_id=1515701733739724992 (сообщение удалено)
2026-06-20 14:33:16,379 - services.health_report - WARNING - 🧹 ЛИШНЯЯ ЗАПИСЬ (увольнение): message_id=1515709485493129397 (сообщение удалено)
2026-06-20 14:33:16,655 - services.health_report - WARNING - 🧹 ЛИШНЯЯ ЗАПИСЬ (увольнение): message_id=1515720643268841563 (сообщение удалено)
2026-06-20 14:33:16,950 - services.health_report - WARNING - 🧹 ЛИШНЯЯ ЗАПИСЬ (увольнение): message_id=1515732658825465877 (сообщение удалено)
2026-06-20 14:33:17,284 - services.health_report - WARNING - 🧹 ЛИШНЯЯ ЗАПИСЬ (увольнение): message_id=1515742143115825304 (сообщение удалено)
2026-06-20 14:33:17,566 - services.health_report - WARNING - 🧹 ЛИШНЯЯ ЗАПИСЬ (увольнение): message_id=1515760444458008637 (сообщение удалено)
2026-06-20 14:33:17,852 - services.health_report - WARNING - 🧹 ЛИШНЯЯ ЗАПИСЬ (увольнение): message_id=1515767188261175336 (сообщение удалено)
2026-06-20 14:33:22,692 - services.health_report - WARNING - 🧹 ЛИШНЯЯ ЗАПИСЬ (увольнение): message_id=1515796636750712912 (сообщение удалено)
2026-06-20 14:33:23,047 - services.health_report - WARNING - 🧹 ЛИШНЯЯ ЗАПИСЬ (увольнение): message_id=1515797414982717697 (сообщение удалено)
2026-06-20 14:33:23,339 - services.health_report - WARNING - 🧹 ЛИШНЯЯ ЗАПИСЬ (увольнение): message_id=1515806384296562738 (сообщение удалено)
2026-06-20 14:33:23,633 - services.health_report - WARNING - 🧹 ЛИШНЯЯ ЗАПИСЬ (увольнение): message_id=1515872430890025101 (сообщение удалено)
2026-06-20 14:33:23,973 - services.health_report - WARNING - 🧹 ЛИШНЯЯ ЗАПИСЬ (увольнение): message_id=1515959062016163941 (сообщение удалено)
2026-06-20 14:33:24,296 - services.health_report - WARNING - 🧹 ЛИШНЯЯ ЗАПИСЬ (увольнение): message_id=1515959970049556632 (сообщение удалено)
2026-06-20 14:33:29,075 - services.health_report - WARNING - 🧹 ЛИШНЯЯ ЗАПИСЬ (увольнение): message_id=1515968485094854700 (сообщение удалено)
2026-06-20 14:33:29,369 - services.health_report - WARNING - 🧹 ЛИШНЯЯ ЗАПИСЬ (увольнение): message_id=1515986481909600346 (сообщение удалено)
2026-06-20 14:33:29,760 - services.health_report - WARNING - 🧹 ЛИШНЯЯ ЗАПИСЬ (увольнение): message_id=1515993233690329128 (сообщение удалено)
2026-06-20 14:33:30,058 - services.health_report - WARNING - 🧹 ЛИШНЯЯ ЗАПИСЬ (увольнение): message_id=1516023710165766291 (сообщение удалено)
2026-06-20 14:33:30,344 - services.health_report - WARNING - 🧹 ЛИШНЯЯ ЗАПИСЬ (увольнение): message_id=1516036534128607282 (сообщение удалено)
2026-06-20 14:33:30,673 - services.health_report - WARNING - 🧹 ЛИШНЯЯ ЗАПИСЬ (увольнение): message_id=1516064178916429856 (сообщение удалено)
2026-06-20 14:33:35,375 - services.health_report - WARNING - 🧹 ЛИШНЯЯ ЗАПИСЬ (увольнение): message_id=1516068844425445499 (сообщение удалено)
2026-06-20 14:33:35,681 - services.health_report - WARNING - 🧹 ЛИШНЯЯ ЗАПИСЬ (увольнение): message_id=1516082593425264790 (сообщение удалено)
2026-06-20 14:33:35,989 - services.health_report - WARNING - 🧹 ЛИШНЯЯ ЗАПИСЬ (увольнение): message_id=1516093600453099682 (сообщение удалено)
2026-06-20 14:33:36,305 - services.health_report - WARNING - 🧹 ЛИШНЯЯ ЗАПИСЬ (увольнение): message_id=1516100743902265516 (сообщение удалено)
2026-06-20 14:33:36,585 - services.health_report - WARNING - 🧹 ЛИШНЯЯ ЗАПИСЬ (увольнение): message_id=1516113088200577125 (сообщение удалено)
2026-06-20 14:33:36,927 - services.health_report - WARNING - 🧹 ЛИШНЯЯ ЗАПИСЬ (увольнение): message_id=1516116820401066054 (сообщение удалено)
2026-06-20 14:33:39,740 - __main__ - INFO - Остановка бота по запросу пользователя
2026-06-20 14:33:39,754 - __main__ - INFO - Соединение с БД закрыто
2026-06-20 14:33:39,778 - asyncio - ERROR - Task was destroyed but it is pending!
task: <Task pending name='discord.py: on_ready' coro=<Client._run_event() running at C:\Users\lorsw_gl9151b\Desktop\Новая папка\.venv\Lib\site-packages\discord\client.py:508> wait_for=<_GatheringFuture pending cb=[Task.task_wakeup()]>>
2026-06-20 14:33:42,605 - discord.gateway - INFO - Shard ID None has connected to Gateway (Session ID: e02530c96b67d9d673fff977648341c8).
2026-06-20 14:33:44,617 - utils.startup_log - INFO - ╔══════════════════════════════════════════════════╗
2026-06-20 14:33:44,617 - utils.startup_log - INFO - ║ БОТ УВД — ЗАПУСК                                 ║
2026-06-20 14:33:44,618 - utils.startup_log - INFO - ╚══════════════════════════════════════════════════╝
2026-06-20 14:33:44,618 - utils.startup_log - INFO - 
2026-06-20 14:33:44,618 - utils.startup_log - INFO -   ▶ Подключение
2026-06-20 14:33:44,618 - utils.startup_log - INFO -   ──────────────────────────────────────────────────
2026-06-20 14:33:44,618 - utils.startup_log - INFO -     • Бот — Помощник#1719
2026-06-20 14:33:44,618 - utils.startup_log - INFO -     • ID бота — 1508421824227053629
2026-06-20 14:33:44,618 - utils.startup_log - INFO - 
2026-06-20 14:33:44,618 - utils.startup_log - INFO -   ▶ База данных
2026-06-20 14:33:44,618 - utils.startup_log - INFO -   ──────────────────────────────────────────────────
2026-06-20 14:33:44,622 - database - INFO - БД: открыто новое соединение (path=data/bot.db, journal_mode=WAL, foreign_keys=ON)
2026-06-20 14:33:44,625 - utils.startup_log - INFO -     • БД подключена — OK
2026-06-20 14:33:44,627 - services.warehouse_session - INFO - WarehouseSession: загружено 94 сессий из БД
2026-06-20 14:33:44,627 - utils.startup_log - INFO -     • Сессии склада — загружены из БД
2026-06-20 14:33:44,627 - services.warehouse_cooldown - INFO - WarehouseCooldown: загружено 102 записей из БД
2026-06-20 14:33:44,627 - utils.startup_log - INFO -     • Кулдауны склада — загружены из БД
2026-06-20 14:33:44,627 - utils.startup_log - INFO - 
2026-06-20 14:33:44,628 - utils.startup_log - INFO -   ▶ Слэш-команды
2026-06-20 14:33:44,628 - utils.startup_log - INFO -   ──────────────────────────────────────────────────
2026-06-20 14:33:44,927 - utils.startup_log - INFO -     • Синхронизированы — orls_promotion_setup, osb_promotion_setup, grom_promotion_setup, pps_promotion_setup, promotion_setup_all
2026-06-20 14:33:44,928 - utils.startup_log - INFO - 
2026-06-20 14:33:44,928 - utils.startup_log - INFO -   ▶ Восстановление View
2026-06-20 14:33:44,928 - utils.startup_log - INFO -   ──────────────────────────────────────────────────
2026-06-20 14:33:44,928 - services.restore_views - INFO - Восстановление View...
2026-06-20 14:33:44,929 - services.restore_views - INFO - Стартовые View восстановлены
2026-06-20 14:33:44,934 - services.restore_views - INFO - 📦 Загружено из БД: заявок=0, увольнений=0, повышений=0, склад=0, переводы=0
2026-06-20 14:33:44,934 - services.restore_views - INFO - 🔨 Восстановлено кнопок заявок: 0 | удалено из БД: 0 | пропущено: 0
2026-06-20 14:33:44,934 - services.restore_views - INFO - 🔨 Восстановлено кнопок увольнений: 0 | удалено из БД: 0 | пропущено: 0
2026-06-20 14:33:44,935 - services.restore_views - INFO - 🔨 Восстановлено кнопок повышений: 0 | удалено из БД: 0 | пропущено: 0
2026-06-20 14:33:44,935 - services.restore_views - INFO - 🔨 Восстановлено кнопок склада: 0 | удалено из БД: 0 | пропущено: 0
2026-06-20 14:33:44,935 - services.restore_views - INFO - 🔨 Восстановлено кнопок заявок на перевод: 0 | удалено из БД: 0 | пропущено: 0
2026-06-20 14:33:44,935 - services.restore_views - INFO - Восстановление View завершено
2026-06-20 14:33:44,935 - utils.startup_log - INFO -     • View восстановлены — OK
2026-06-20 14:33:44,935 - utils.startup_log - INFO - 
2026-06-20 14:33:44,935 - utils.startup_log - INFO -   ▶ Проверки при запуске
2026-06-20 14:33:44,935 - utils.startup_log - INFO -   ──────────────────────────────────────────────────
2026-06-20 14:33:44,935 - services.startup_checks - INFO - ========== ПРОВЕРКА ПРИ ЗАПУСКЕ ==========
2026-06-20 14:33:44,935 - services.startup_checks - INFO - ✅ Сервер: ЧВК Варкин (ID=1470858553530257473)
2026-06-20 14:33:44,936 - services.startup_checks - INFO - ✅ Бот: Помощник#1719 | верхняя роль='Верховный администратор' | позиция=78
2026-06-20 14:33:44,936 - services.startup_checks - INFO - ✅ START_CHANNEL_ID: канал найден и доступен (ID=1482723021805584605)
2026-06-20 14:33:44,936 - services.startup_checks - INFO - ✅ REQUEST_CHANNEL_ID: канал найден и доступен (ID=1482723021805584605)
2026-06-20 14:33:44,936 - services.startup_checks - INFO - ✅ FIRING_CHANNEL_ID: канал найден и доступен (ID=1517132584142770207)
2026-06-20 14:33:44,936 - services.startup_checks - INFO - ✅ WAREHOUSE_REQUEST_CHANNEL_ID: канал найден и доступен (ID=1471112353184616629)
2026-06-20 14:33:44,936 - services.startup_checks - INFO - ✅ WAREHOUSE_AUDIT_CHANNEL_ID: канал найден и доступен (ID=1471947080200356017)
2026-06-20 14:33:44,936 - services.startup_checks - INFO - ✅ ACADEMY_CHANNEL_ID: канал найден и доступен (ID=1503034563184693338)
2026-06-20 14:33:44,936 - services.startup_checks - INFO - ✅ EXAM_CHANNEL_ID: канал найден и доступен (ID=1517849406433529856)
2026-06-20 14:33:44,936 - services.startup_checks - INFO - ✅ CHANNEL_APPLY_GROM: канал найден и доступен (ID=1517833352185380925)
2026-06-20 14:33:44,937 - services.startup_checks - INFO - ✅ CHANNEL_APPLY_PPS: канал найден и доступен (ID=1517833799818547222)
2026-06-20 14:33:44,937 - services.startup_checks - INFO - ✅ CHANNEL_APPLY_OSB: канал найден и доступен (ID=1517833889362481182)
2026-06-20 14:33:44,937 - services.startup_checks - INFO - ✅ CHANNEL_APPLY_ORLS: канал найден и доступен (ID=1517833579059740682)
2026-06-20 14:33:44,937 - services.startup_checks - INFO - ✅ CHANNEL_ADMIN_TRANSFER: канал найден и доступен (ID=1517834808011657327)
2026-06-20 14:33:44,937 - services.startup_checks - INFO - ✅ CHANNEL_CADRE_LOG: канал найден и доступен (ID=1517164403030753331)
2026-06-20 14:33:44,937 - services.startup_checks - INFO - ✅ STAFF_ROLE_ID: роль найдена (ID=1508437640263761952, name='Кадровый отдел')
2026-06-20 14:33:44,937 - services.startup_checks - INFO - ✅ TRANSFER_STAFF_ROLE_ID: роль найдена (ID=1508437640263761952, name='Кадровый отдел')
2026-06-20 14:33:44,937 - services.startup_checks - INFO - ✅ GOV_STAFF_ROLE_ID: роль найдена (ID=1508437640263761952, name='Кадровый отдел')
2026-06-20 14:33:44,937 - services.startup_checks - INFO - ✅ FIRING_STAFF_ROLE_ID: роль найдена (ID=1508437640263761952, name='Кадровый отдел')
2026-06-20 14:33:44,938 - services.startup_checks - INFO - ✅ FIRING_SENIOR_ROLE_ID: роль найдена (ID=1508437640263761952, name='Кадровый отдел')
2026-06-20 14:33:44,938 - services.startup_checks - INFO - ✅ WAREHOUSE_STAFF_ROLE_ID: роль найдена (ID=1508437640263761952, name='Кадровый отдел')
2026-06-20 14:33:44,938 - services.startup_checks - INFO - ✅ FIRED_ROLE_ID: роль найдена (ID=1500219579539128401, name='уволен')
2026-06-20 14:33:44,938 - services.startup_checks - WARNING - ⚠️ ROLES_TO_KEEP_ON_FIRE: список пустой
2026-06-20 14:33:44,938 - services.startup_checks - INFO - ✅ CADET_ROLES_TO_GIVE -> 1517132125504147519: роль найдена (ID=1517132125504147519, name='рядовой')
2026-06-20 14:33:44,938 - services.startup_checks - INFO - ✅ TRANSFER_ROLES_TO_GIVE -> 1483105783179771987: роль найдена (ID=1483105783179771987, name='ЧВК')
2026-06-20 14:33:44,938 - services.startup_checks - INFO - ✅ GOV_ROLE_TO_GIVE: роль найдена (ID=1500213796638298213, name='Гос Служащий')
2026-06-20 14:33:44,938 - services.startup_checks - INFO - ✅ PPS_ROLE_IDS -> 1517184354940485782: роль найдена (ID=1517184354940485782, name='ППС')
2026-06-20 14:33:44,938 - services.startup_checks - INFO - ✅ PPS_ROLE_IDS -> 1483154326829404312: роль найдена (ID=1483154326829404312, name='Ведьма')
2026-06-20 14:33:44,938 - services.startup_checks - INFO - ✅ ROLE_CHIEF_GROM: роль найдена (ID=1483444017520840916, name='Командир СОБР')
2026-06-20 14:33:44,938 - services.startup_checks - INFO - ✅ ROLE_DEPUTY_GROM: роль найдена (ID=1483444111330644099, name='Зам. Ком. СОБР')
2026-06-20 14:33:44,938 - services.startup_checks - INFO - ✅ ROLE_CHIEF_PPS: роль найдена (ID=1483444197527912481, name='Командир АВНГ')
2026-06-20 14:33:44,939 - services.startup_checks - INFO - ✅ ROLE_DEPUTY_PPS: роль найдена (ID=1483444604207501343, name='Зам. ком. УВО')
2026-06-20 14:33:44,939 - services.startup_checks - INFO - ✅ ROLE_CHIEF_OSB: роль найдена (ID=1483444329216348332, name='Начальник ОСБ')
2026-06-20 14:33:44,939 - services.startup_checks - INFO - ✅ ROLE_DEPUTY_OSB: роль найдена (ID=1483444394647486534, name='Зам. Нач. ОСБ')
2026-06-20 14:33:44,939 - services.startup_checks - INFO - ✅ ROLE_CHIEF_ORLS: роль найдена (ID=1483444847250636832, name='Командир УВО')
2026-06-20 14:33:44,939 - services.startup_checks - INFO - ✅ ROLE_DEPUTY_ORLS: роль найдена (ID=1483444604207501343, name='Зам. ком. УВО')
2026-06-20 14:33:44,939 - services.startup_checks - INFO - ✅ ROLE_DEPT_GROM: роль найдена (ID=1483445935739502745, name='СОБР')
2026-06-20 14:33:44,939 - services.startup_checks - INFO - ✅ ROLE_DEPT_PPS: роль найдена (ID=1483446295174582282, name='АВНГ')
2026-06-20 14:33:44,939 - services.startup_checks - INFO - ✅ ROLE_DEPT_OSB: роль найдена (ID=1483445838184185979, name='ОСБ')
2026-06-20 14:33:44,939 - services.startup_checks - INFO - ✅ ROLE_DEPT_ORLS: роль найдена (ID=1483446295174582282, name='АВНГ')
2026-06-20 14:33:44,939 - services.startup_checks - WARNING - ⚠️ ROLE_RANK_GROM: список пустой
2026-06-20 14:33:44,939 - services.startup_checks - INFO - ✅ ROLE_RANK_PPS -> 1487044914624856174: роль найдена (ID=1487044914624856174, name='белая ворона')
2026-06-20 14:33:44,939 - services.startup_checks - INFO - ✅ ROLE_RANK_OSB -> 1471110087107018822: роль найдена (ID=1471110087107018822, name='Шпион')
2026-06-20 14:33:44,940 - services.startup_checks - WARNING - ⚠️ ROLE_RANK_ORLS: список пустой
2026-06-20 14:33:44,940 - services.startup_checks - INFO - ✅ ROLE_ACADEMY: роль найдена (ID=1517837058977042622, name='академия')
2026-06-20 14:33:44,940 - services.startup_checks - INFO - ✅ ROLE_DEPT_ACADEMY: роль найдена (ID=1483446295174582282, name='АВНГ')
2026-06-20 14:33:44,940 - services.startup_checks - INFO - ✅ ROLE_PASSED_ACADEMY: роль найдена (ID=1471114268450623550, name='Ефрейтор')
2026-06-20 14:33:44,940 - services.startup_checks - INFO - ✅ Канал повышений 1471108664457826446: канал найден и доступен (ID=1471108664457826446)
2026-06-20 14:33:44,940 - services.startup_checks - INFO - ✅ Роль кадровика для канала повышений 1471108664457826446: роль найдена (ID=1508437640263761952, name='Кадровый отдел')
2026-06-20 14:33:44,940 - services.startup_checks - INFO - ✅ ALL_RANK_ROLE_IDS -> 1517132125504147519: роль найдена (ID=1517132125504147519, name='рядовой')
2026-06-20 14:33:44,940 - services.startup_checks - INFO - ✅ ALL_RANK_ROLE_IDS -> 1500207254765437048: роль найдена (ID=1500207254765437048, name='Майор')
2026-06-20 14:33:44,940 - services.startup_checks - ERROR - ❌ RANK_ROLE_MAPPING: роль не найдена для 'Рядовой -> Младший Сержант' (ID=0)
2026-06-20 14:33:44,940 - services.startup_checks - INFO - ✅ Канал рапортов ОРЛС: канал найден и доступен (ID=1517850589852205106)
2026-06-20 14:33:44,941 - services.startup_checks - INFO - ✅ Канал рапортов ОСБ: канал найден и доступен (ID=1517850633502199838)
2026-06-20 14:33:44,941 - services.startup_checks - INFO - ✅ Канал рапортов ГРОМ: канал найден и доступен (ID=1517850560110530581)
2026-06-20 14:33:44,941 - services.startup_checks - INFO - ✅ Канал рапортов ППС: канал найден и доступен (ID=1517850560110530581)
2026-06-20 14:33:44,941 - services.startup_checks - INFO - ✅ У бота есть право 'Управлять ролями'
2026-06-20 14:33:44,941 - services.startup_checks - INFO - ✅ У бота есть право 'Управлять никами'
2026-06-20 14:33:44,941 - services.startup_checks - INFO - ======== ПРОВЕРКА ПРИ ЗАПУСКЕ ЗАВЕРШЕНА ========
2026-06-20 14:33:44,941 - utils.startup_log - INFO -     • Каналы и роли — проверены
2026-06-20 14:33:44,941 - utils.startup_log - INFO - 
2026-06-20 14:33:44,941 - utils.startup_log - INFO -   ▶ Состояние
2026-06-20 14:33:44,941 - utils.startup_log - INFO -   ──────────────────────────────────────────────────
2026-06-20 14:33:44,941 - services.health_report - INFO - ========== ОТЧЁТ О СОСТОЯНИИ ==========
2026-06-20 14:33:44,942 - services.health_report - INFO - 📊 ПАМЯТЬ | заявки=0 | увольнения=0 | повышения=0 | склад=0 | переводы=0 | черновики_ОРЛС=0 ОСБ=0 ГРОМ=0 ППС=0 Акад=0 | сообщ_рапортов=0
2026-06-20 14:33:44,946 - services.health_report - INFO - 🗄️ БАЗА   | заявки=20 | увольнения=102 | повышения=31 | склад=20 | переводы=18
2026-06-20 14:33:44,946 - services.health_report - INFO - 🧹 Проверка осиротевших записей (только проверка=True)...
2026-06-20 14:33:45,298 - services.health_report - WARNING - 🧹 ЛИШНЯЯ ЗАПИСЬ (увольнение): message_id=1513618665600319630 (сообщение удалено)
2026-06-20 14:33:45,574 - services.health_report - WARNING - 🧹 ЛИШНЯЯ ЗАПИСЬ (увольнение): message_id=1513619167570432032 (сообщение удалено)
2026-06-20 14:33:45,984 - services.health_report - WARNING - 🧹 ЛИШНЯЯ ЗАПИСЬ (увольнение): message_id=1513622778031640748 (сообщение удалено)
2026-06-20 14:33:46,291 - services.health_report - WARNING - 🧹 ЛИШНЯЯ ЗАПИСЬ (увольнение): message_id=1513626072791515340 (сообщение удалено)
2026-06-20 14:33:46,572 - services.health_report - WARNING - 🧹 ЛИШНЯЯ ЗАПИСЬ (увольнение): message_id=1513627820944003234 (сообщение удалено)
2026-06-20 14:33:51,242 - services.health_report - WARNING - 🧹 ЛИШНЯЯ ЗАПИСЬ (увольнение): message_id=1513633130353918043 (сообщение удалено)
2026-06-20 14:33:51,527 - services.health_report - WARNING - 🧹 ЛИШНЯЯ ЗАПИСЬ (увольнение): message_id=1513633287007113367 (сообщение удалено)
2026-06-20 14:33:51,840 - services.health_report - WARNING - 🧹 ЛИШНЯЯ ЗАПИСЬ (увольнение): message_id=1513662922759344141 (сообщение удалено)
2026-06-20 14:33:52,118 - services.health_report - WARNING - 🧹 ЛИШНЯЯ ЗАПИСЬ (увольнение): message_id=1513672036507979846 (сообщение удалено)
2026-06-20 14:33:52,410 - services.health_report - WARNING - 🧹 ЛИШНЯЯ ЗАПИСЬ (увольнение): message_id=1513680345130602637 (сообщение удалено)
2026-06-20 14:33:52,838 - services.health_report - WARNING - 🧹 ЛИШНЯЯ ЗАПИСЬ (увольнение): message_id=1513766264990863380 (сообщение удалено)
2026-06-20 14:33:57,527 - services.health_report - WARNING - 🧹 ЛИШНЯЯ ЗАПИСЬ (увольнение): message_id=1513842850448674986 (сообщение удалено)
2026-06-20 14:33:57,806 - services.health_report - WARNING - 🧹 ЛИШНЯЯ ЗАПИСЬ (увольнение): message_id=1513860595840061511 (сообщение удалено)
2026-06-20 14:33:58,112 - services.health_report - WARNING - 🧹 ЛИШНЯЯ ЗАПИСЬ (увольнение): message_id=1513875560009568416 (сообщение удалено)
2026-06-20 14:33:58,403 - services.health_report - WARNING - 🧹 ЛИШНЯЯ ЗАПИСЬ (увольнение): message_id=1513877789462368267 (сообщение удалено)
2026-06-20 14:33:58,700 - services.health_report - WARNING - 🧹 ЛИШНЯЯ ЗАПИСЬ (увольнение): message_id=1513945681549721620 (сообщение удалено)
2026-06-20 14:33:59,053 - services.health_report - WARNING - 🧹 ЛИШНЯЯ ЗАПИСЬ (увольнение): message_id=1514143239236751481 (сообщение удалено)
2026-06-20 14:34:03,834 - services.health_report - WARNING - 🧹 ЛИШНЯЯ ЗАПИСЬ (увольнение): message_id=1514174187034509355 (сообщение удалено)
2026-06-20 14:34:04,115 - services.health_report - WARNING - 🧹 ЛИШНЯЯ ЗАПИСЬ (увольнение): message_id=1514218125397200957 (сообщение удалено)
2026-06-20 14:34:04,423 - services.health_report - WARNING - 🧹 ЛИШНЯЯ ЗАПИСЬ (увольнение): message_id=1514220042948972625 (сообщение удалено)
2026-06-20 14:34:04,946 - services.health_report - WARNING - 🧹 ЛИШНЯЯ ЗАПИСЬ (увольнение): message_id=1514225176345051277 (сообщение удалено)
2026-06-20 14:34:05,239 - services.health_report - WARNING - 🧹 ЛИШНЯЯ ЗАПИСЬ (увольнение): message_id=1514232480549441667 (сообщение удалено)
2026-06-20 14:34:05,637 - services.health_report - WARNING - 🧹 ЛИШНЯЯ ЗАПИСЬ (увольнение): message_id=1514241729526763713 (сообщение удалено)
2026-06-20 14:34:10,127 - services.health_report - WARNING - 🧹 ЛИШНЯЯ ЗАПИСЬ (увольнение): message_id=1514247442953142353 (сообщение удалено)
2026-06-20 14:34:10,429 - services.health_report - WARNING - 🧹 ЛИШНЯЯ ЗАПИСЬ (увольнение): message_id=1514266755760132187 (сообщение удалено)
2026-06-20 14:34:10,726 - services.health_report - WARNING - 🧹 ЛИШНЯЯ ЗАПИСЬ (увольнение): message_id=1514283144029933628 (сообщение удалено)
2026-06-20 14:34:11,092 - services.health_report - WARNING - 🧹 ЛИШНЯЯ ЗАПИСЬ (увольнение): message_id=1514333489850486905 (сообщение удалено)
2026-06-20 14:34:11,395 - services.health_report - WARNING - 🧹 ЛИШНЯЯ ЗАПИСЬ (увольнение): message_id=1514351399536689233 (сообщение удалено)
2026-06-20 14:34:11,685 - services.health_report - WARNING - 🧹 ЛИШНЯЯ ЗАПИСЬ (увольнение): message_id=1514352687007793292 (сообщение удалено)
2026-06-20 14:34:16,424 - services.health_report - WARNING - 🧹 ЛИШНЯЯ ЗАПИСЬ (увольнение): message_id=1514355578313375776 (сообщение удалено)
2026-06-20 14:34:16,712 - services.health_report - WARNING - 🧹 ЛИШНЯЯ ЗАПИСЬ (увольнение): message_id=1514371740544008332 (сообщение удалено)
2026-06-20 14:34:16,996 - services.health_report - WARNING - 🧹 ЛИШНЯЯ ЗАПИСЬ (увольнение): message_id=1514383747053785120 (сообщение удалено)
2026-06-20 14:34:17,283 - services.health_report - WARNING - 🧹 ЛИШНЯЯ ЗАПИСЬ (увольнение): message_id=1514414727428706364 (сообщение удалено)
2026-06-20 14:34:17,618 - services.health_report - WARNING - 🧹 ЛИШНЯЯ ЗАПИСЬ (увольнение): message_id=1514550206815932486 (сообщение удалено)
2026-06-20 14:34:17,918 - services.health_report - WARNING - 🧹 ЛИШНЯЯ ЗАПИСЬ (увольнение): message_id=1514553333560643746 (сообщение удалено)
2026-06-20 14:34:22,706 - services.health_report - WARNING - 🧹 ЛИШНЯЯ ЗАПИСЬ (увольнение): message_id=1514558241307099176 (сообщение удалено)
2026-06-20 14:34:22,983 - services.health_report - WARNING - 🧹 ЛИШНЯЯ ЗАПИСЬ (увольнение): message_id=1514575430848352269 (сообщение удалено)
2026-06-20 14:34:23,272 - services.health_report - WARNING - 🧹 ЛИШНЯЯ ЗАПИСЬ (увольнение): message_id=1514605024242565220 (сообщение удалено)
2026-06-20 14:34:23,607 - services.health_report - WARNING - 🧹 ЛИШНЯЯ ЗАПИСЬ (увольнение): message_id=1514619937325453462 (сообщение удалено)
2026-06-20 14:34:23,926 - services.health_report - WARNING - 🧹 ЛИШНЯЯ ЗАПИСЬ (увольнение): message_id=1514638734828769383 (сообщение удалено)
2026-06-20 14:34:24,229 - services.health_report - WARNING - 🧹 ЛИШНЯЯ ЗАПИСЬ (увольнение): message_id=1514650693812748399 (сообщение удалено)
2026-06-20 14:34:29,068 - services.health_report - WARNING - 🧹 ЛИШНЯЯ ЗАПИСЬ (увольнение): message_id=1514654880491376793 (сообщение удалено)
2026-06-20 14:34:29,372 - services.health_report - WARNING - 🧹 ЛИШНЯЯ ЗАПИСЬ (увольнение): message_id=1514686177423261859 (сообщение удалено)
2026-06-20 14:34:29,666 - services.health_report - WARNING - 🧹 ЛИШНЯЯ ЗАПИСЬ (увольнение): message_id=1514697660177846283 (сообщение удалено)
2026-06-20 14:34:29,956 - services.health_report - WARNING - 🧹 ЛИШНЯЯ ЗАПИСЬ (увольнение): message_id=1514823588694331596 (сообщение удалено)
2026-06-20 14:34:30,235 - services.health_report - WARNING - 🧹 ЛИШНЯЯ ЗАПИСЬ (увольнение): message_id=1514896228540874792 (сообщение удалено)
2026-06-20 14:34:30,511 - services.health_report - WARNING - 🧹 ЛИШНЯЯ ЗАПИСЬ (увольнение): message_id=1514918800464543886 (сообщение удалено)
2026-06-20 14:34:35,366 - services.health_report - WARNING - 🧹 ЛИШНЯЯ ЗАПИСЬ (увольнение): message_id=1514930244165963917 (сообщение удалено)
2026-06-20 14:34:35,678 - services.health_report - WARNING - 🧹 ЛИШНЯЯ ЗАПИСЬ (увольнение): message_id=1514933440175149127 (сообщение удалено)
2026-06-20 14:34:36,029 - services.health_report - WARNING - 🧹 ЛИШНЯЯ ЗАПИСЬ (увольнение): message_id=1514937495119466588 (сообщение удалено)
2026-06-20 14:34:36,399 - services.health_report - WARNING - 🧹 ЛИШНЯЯ ЗАПИСЬ (увольнение): message_id=1514937717371174942 (сообщение удалено)
2026-06-20 14:34:36,705 - services.health_report - WARNING - 🧹 ЛИШНЯЯ ЗАПИСЬ (увольнение): message_id=1514951095150051519 (сообщение удалено)
2026-06-20 14:34:37,024 - services.health_report - WARNING - 🧹 ЛИШНЯЯ ЗАПИСЬ (увольнение): message_id=1514959277482049707 (сообщение удалено)
2026-06-20 14:34:41,658 - services.health_report - WARNING - 🧹 ЛИШНЯЯ ЗАПИСЬ (увольнение): message_id=1514961505622425633 (сообщение удалено)
2026-06-20 14:34:41,948 - services.health_report - WARNING - 🧹 ЛИШНЯЯ ЗАПИСЬ (увольнение): message_id=1514963705014652949 (сообщение удалено)
2026-06-20 14:34:42,240 - services.health_report - WARNING - 🧹 ЛИШНЯЯ ЗАПИСЬ (увольнение): message_id=1515060692590264472 (сообщение удалено)
2026-06-20 14:34:42,531 - services.health_report - WARNING - 🧹 ЛИШНЯЯ ЗАПИСЬ (увольнение): message_id=1515074383536848958 (сообщение удалено)
2026-06-20 14:34:42,810 - services.health_report - WARNING - 🧹 ЛИШНЯЯ ЗАПИСЬ (увольнение): message_id=1515094790952456253 (сообщение удалено)
2026-06-20 14:34:43,091 - services.health_report - WARNING - 🧹 ЛИШНЯЯ ЗАПИСЬ (увольнение): message_id=1515105263462383758 (сообщение удалено)
2026-06-20 14:34:47,952 - services.health_report - WARNING - 🧹 ЛИШНЯЯ ЗАПИСЬ (увольнение): message_id=1515167258383618078 (сообщение удалено)
2026-06-20 14:34:48,279 - services.health_report - WARNING - 🧹 ЛИШНЯЯ ЗАПИСЬ (увольнение): message_id=1515217975504797829 (сообщение удалено)
2026-06-20 14:34:48,596 - services.health_report - WARNING - 🧹 ЛИШНЯЯ ЗАПИСЬ (увольнение): message_id=1515263740520435762 (сообщение удалено)
2026-06-20 14:34:48,956 - services.health_report - WARNING - 🧹 ЛИШНЯЯ ЗАПИСЬ (увольнение): message_id=1515311674947801108 (сообщение удалено)
2026-06-20 14:34:49,232 - services.health_report - WARNING - 🧹 ЛИШНЯЯ ЗАПИСЬ (увольнение): message_id=1515346581778333836 (сообщение удалено)
2026-06-20 14:34:49,513 - services.health_report - WARNING - 🧹 ЛИШНЯЯ ЗАПИСЬ (увольнение): message_id=1515432583754813460 (сообщение удалено)
2026-06-20 14:34:54,266 - services.health_report - WARNING - 🧹 ЛИШНЯЯ ЗАПИСЬ (увольнение): message_id=1515456223699275778 (сообщение удалено)
2026-06-20 14:34:54,563 - services.health_report - WARNING - 🧹 ЛИШНЯЯ ЗАПИСЬ (увольнение): message_id=1515456972412026950 (сообщение удалено)
2026-06-20 14:34:54,851 - services.health_report - WARNING - 🧹 ЛИШНЯЯ ЗАПИСЬ (увольнение): message_id=1515458280456196126 (сообщение удалено)
2026-06-20 14:34:55,192 - services.health_report - WARNING - 🧹 ЛИШНЯЯ ЗАПИСЬ (увольнение): message_id=1515469392010547350 (сообщение удалено)
2026-06-20 14:34:57,159 - services.health_report - WARNING - 🧹 ЛИШНЯЯ ЗАПИСЬ (увольнение): message_id=1515493833436172369 (сообщение удалено)
2026-06-20 14:34:57,495 - services.health_report - WARNING - 🧹 ЛИШНЯЯ ЗАПИСЬ (увольнение): message_id=1515494822079631450 (сообщение удалено)
2026-06-20 14:34:57,808 - services.health_report - WARNING - 🧹 ЛИШНЯЯ ЗАПИСЬ (увольнение): message_id=1515648848419098737 (сообщение удалено)
2026-06-20 14:34:58,112 - services.health_report - WARNING - 🧹 ЛИШНЯЯ ЗАПИСЬ (увольнение): message_id=1515650958481297408 (сообщение удалено)
2026-06-20 14:35:02,569 - services.health_report - WARNING - 🧹 ЛИШНЯЯ ЗАПИСЬ (увольнение): message_id=1515667237967499325 (сообщение удалено)
2026-06-20 14:35:02,909 - services.health_report - WARNING - 🧹 ЛИШНЯЯ ЗАПИСЬ (увольнение): message_id=1515692600248762378 (сообщение удалено)
2026-06-20 14:35:03,188 - services.health_report - WARNING - 🧹 ЛИШНЯЯ ЗАПИСЬ (увольнение): message_id=1515699543361060867 (сообщение удалено)
2026-06-20 14:35:03,528 - services.health_report - WARNING - 🧹 ЛИШНЯЯ ЗАПИСЬ (увольнение): message_id=1515701733739724992 (сообщение удалено)
2026-06-20 14:35:03,894 - services.health_report - WARNING - 🧹 ЛИШНЯЯ ЗАПИСЬ (увольнение): message_id=1515709485493129397 (сообщение удалено)
2026-06-20 14:35:04,204 - services.health_report - WARNING - 🧹 ЛИШНЯЯ ЗАПИСЬ (увольнение): message_id=1515720643268841563 (сообщение удалено)
2026-06-20 14:35:08,895 - services.health_report - WARNING - 🧹 ЛИШНЯЯ ЗАПИСЬ (увольнение): message_id=1515732658825465877 (сообщение удалено)
2026-06-20 14:35:09,254 - services.health_report - WARNING - 🧹 ЛИШНЯЯ ЗАПИСЬ (увольнение): message_id=1515742143115825304 (сообщение удалено)
2026-06-20 14:35:09,530 - services.health_report - WARNING - 🧹 ЛИШНЯЯ ЗАПИСЬ (увольнение): message_id=1515760444458008637 (сообщение удалено)
2026-06-20 14:35:09,804 - services.health_report - WARNING - 🧹 ЛИШНЯЯ ЗАПИСЬ (увольнение): message_id=1515767188261175336 (сообщение удалено)
2026-06-20 14:35:10,099 - services.health_report - WARNING - 🧹 ЛИШНЯЯ ЗАПИСЬ (увольнение): message_id=1515796636750712912 (сообщение удалено)
2026-06-20 14:35:10,200 - __main__ - INFO - Остановка бота по запросу пользователя
2026-06-20 14:35:10,202 - __main__ - INFO - Соединение с БД закрыто
2026-06-20 14:36:48,703 - discord.gateway - INFO - Shard ID None has connected to Gateway (Session ID: f1d8e77a3b86873032e526b4b3b7ea2f).
2026-06-20 14:36:50,725 - utils.startup_log - INFO - ╔══════════════════════════════════════════════════╗
2026-06-20 14:36:50,726 - utils.startup_log - INFO - ║ БОТ УВД — ЗАПУСК                                 ║
2026-06-20 14:36:50,726 - utils.startup_log - INFO - ╚══════════════════════════════════════════════════╝
2026-06-20 14:36:50,726 - utils.startup_log - INFO - 
2026-06-20 14:36:50,726 - utils.startup_log - INFO -   ▶ Подключение
2026-06-20 14:36:50,726 - utils.startup_log - INFO -   ──────────────────────────────────────────────────
2026-06-20 14:36:50,726 - utils.startup_log - INFO -     • Бот — Помощник#1719
2026-06-20 14:36:50,726 - utils.startup_log - INFO -     • ID бота — 1508421824227053629
2026-06-20 14:36:50,726 - utils.startup_log - INFO - 
2026-06-20 14:36:50,727 - utils.startup_log - INFO -   ▶ База данных
2026-06-20 14:36:50,727 - utils.startup_log - INFO -   ──────────────────────────────────────────────────
2026-06-20 14:36:50,730 - database - INFO - БД: открыто новое соединение (path=data/bot.db, journal_mode=WAL, foreign_keys=ON)
2026-06-20 14:36:50,733 - utils.startup_log - INFO -     • БД подключена — OK
2026-06-20 14:36:50,735 - services.warehouse_session - INFO - WarehouseSession: загружено 94 сессий из БД
2026-06-20 14:36:50,735 - utils.startup_log - INFO -     • Сессии склада — загружены из БД
2026-06-20 14:36:50,736 - services.warehouse_cooldown - INFO - WarehouseCooldown: загружено 102 записей из БД
2026-06-20 14:36:50,736 - utils.startup_log - INFO -     • Кулдауны склада — загружены из БД
2026-06-20 14:36:50,736 - utils.startup_log - INFO - 
2026-06-20 14:36:50,736 - utils.startup_log - INFO -   ▶ Слэш-команды
2026-06-20 14:36:50,736 - utils.startup_log - INFO -   ──────────────────────────────────────────────────
2026-06-20 14:36:51,151 - utils.startup_log - INFO -     • Синхронизированы — orls_promotion_setup, osb_promotion_setup, grom_promotion_setup, pps_promotion_setup, promotion_setup_all
2026-06-20 14:36:51,151 - utils.startup_log - INFO - 
2026-06-20 14:36:51,151 - utils.startup_log - INFO -   ▶ Восстановление View
2026-06-20 14:36:51,151 - utils.startup_log - INFO -   ──────────────────────────────────────────────────
2026-06-20 14:36:51,151 - services.restore_views - INFO - Восстановление View...
2026-06-20 14:36:51,152 - services.restore_views - INFO - Стартовые View восстановлены
2026-06-20 14:36:51,157 - services.restore_views - INFO - 📦 Загружено из БД: заявок=0, увольнений=0, повышений=0, склад=0, переводы=0
2026-06-20 14:36:51,157 - services.restore_views - INFO - 🔨 Восстановлено кнопок заявок: 0 | удалено из БД: 0 | пропущено: 0
2026-06-20 14:36:51,157 - services.restore_views - INFO - 🔨 Восстановлено кнопок увольнений: 0 | удалено из БД: 0 | пропущено: 0
2026-06-20 14:36:51,158 - services.restore_views - INFO - 🔨 Восстановлено кнопок повышений: 0 | удалено из БД: 0 | пропущено: 0
2026-06-20 14:36:51,158 - services.restore_views - INFO - 🔨 Восстановлено кнопок склада: 0 | удалено из БД: 0 | пропущено: 0
2026-06-20 14:36:51,158 - services.restore_views - INFO - 🔨 Восстановлено кнопок заявок на перевод: 0 | удалено из БД: 0 | пропущено: 0
2026-06-20 14:36:51,158 - services.restore_views - INFO - Восстановление View завершено
2026-06-20 14:36:51,158 - utils.startup_log - INFO -     • View восстановлены — OK
2026-06-20 14:36:51,158 - utils.startup_log - INFO - 
2026-06-20 14:36:51,158 - utils.startup_log - INFO -   ▶ Проверки при запуске
2026-06-20 14:36:51,158 - utils.startup_log - INFO -   ──────────────────────────────────────────────────
2026-06-20 14:36:51,158 - services.startup_checks - INFO - ========== ПРОВЕРКА ПРИ ЗАПУСКЕ ==========
2026-06-20 14:36:51,159 - services.startup_checks - INFO - ✅ Сервер: ЧВК Варкин (ID=1470858553530257473)
2026-06-20 14:36:51,159 - services.startup_checks - INFO - ✅ Бот: Помощник#1719 | верхняя роль='Верховный администратор' | позиция=79
2026-06-20 14:36:51,159 - services.startup_checks - INFO - ✅ START_CHANNEL_ID: канал найден и доступен (ID=1482723021805584605)
2026-06-20 14:36:51,159 - services.startup_checks - INFO - ✅ REQUEST_CHANNEL_ID: канал найден и доступен (ID=1482723021805584605)
2026-06-20 14:36:51,159 - services.startup_checks - INFO - ✅ FIRING_CHANNEL_ID: канал найден и доступен (ID=1517132584142770207)
2026-06-20 14:36:51,159 - services.startup_checks - INFO - ✅ WAREHOUSE_REQUEST_CHANNEL_ID: канал найден и доступен (ID=1471112353184616629)
2026-06-20 14:36:51,159 - services.startup_checks - INFO - ✅ WAREHOUSE_AUDIT_CHANNEL_ID: канал найден и доступен (ID=1471947080200356017)
2026-06-20 14:36:51,159 - services.startup_checks - INFO - ✅ ACADEMY_CHANNEL_ID: канал найден и доступен (ID=1503034563184693338)
2026-06-20 14:36:51,159 - services.startup_checks - INFO - ✅ EXAM_CHANNEL_ID: канал найден и доступен (ID=1517849406433529856)
2026-06-20 14:36:51,160 - services.startup_checks - INFO - ✅ CHANNEL_APPLY_GROM: канал найден и доступен (ID=1517833352185380925)
2026-06-20 14:36:51,160 - services.startup_checks - INFO - ✅ CHANNEL_APPLY_PPS: канал найден и доступен (ID=1517833799818547222)
2026-06-20 14:36:51,160 - services.startup_checks - INFO - ✅ CHANNEL_APPLY_OSB: канал найден и доступен (ID=1517833889362481182)
2026-06-20 14:36:51,160 - services.startup_checks - INFO - ✅ CHANNEL_APPLY_ORLS: канал найден и доступен (ID=1517833579059740682)
2026-06-20 14:36:51,160 - services.startup_checks - INFO - ✅ CHANNEL_ADMIN_TRANSFER: канал найден и доступен (ID=1517834808011657327)
2026-06-20 14:36:51,160 - services.startup_checks - INFO - ✅ CHANNEL_CADRE_LOG: канал найден и доступен (ID=1517164403030753331)
2026-06-20 14:36:51,160 - services.startup_checks - INFO - ✅ STAFF_ROLE_ID: роль найдена (ID=1508437640263761952, name='Кадровый отдел')
2026-06-20 14:36:51,160 - services.startup_checks - INFO - ✅ TRANSFER_STAFF_ROLE_ID: роль найдена (ID=1508437640263761952, name='Кадровый отдел')
2026-06-20 14:36:51,160 - services.startup_checks - INFO - ✅ GOV_STAFF_ROLE_ID: роль найдена (ID=1508437640263761952, name='Кадровый отдел')
2026-06-20 14:36:51,161 - services.startup_checks - INFO - ✅ FIRING_STAFF_ROLE_ID: роль найдена (ID=1508437640263761952, name='Кадровый отдел')
2026-06-20 14:36:51,161 - services.startup_checks - INFO - ✅ FIRING_SENIOR_ROLE_ID: роль найдена (ID=1508437640263761952, name='Кадровый отдел')
2026-06-20 14:36:51,161 - services.startup_checks - INFO - ✅ WAREHOUSE_STAFF_ROLE_ID: роль найдена (ID=1508437640263761952, name='Кадровый отдел')
2026-06-20 14:36:51,161 - services.startup_checks - INFO - ✅ FIRED_ROLE_ID: роль найдена (ID=1500219579539128401, name='уволен')
2026-06-20 14:36:51,161 - services.startup_checks - WARNING - ⚠️ ROLES_TO_KEEP_ON_FIRE: список пустой
2026-06-20 14:36:51,161 - services.startup_checks - INFO - ✅ CADET_ROLES_TO_GIVE -> 1517132125504147519: роль найдена (ID=1517132125504147519, name='рядовой')
2026-06-20 14:36:51,161 - services.startup_checks - INFO - ✅ TRANSFER_ROLES_TO_GIVE -> 1483105783179771987: роль найдена (ID=1483105783179771987, name='ЧВК')
2026-06-20 14:36:51,161 - services.startup_checks - INFO - ✅ GOV_ROLE_TO_GIVE: роль найдена (ID=1500213796638298213, name='Гос Служащий')
2026-06-20 14:36:51,161 - services.startup_checks - INFO - ✅ PPS_ROLE_IDS -> 1517184354940485782: роль найдена (ID=1517184354940485782, name='ППС')
2026-06-20 14:36:51,161 - services.startup_checks - INFO - ✅ PPS_ROLE_IDS -> 1483154326829404312: роль найдена (ID=1483154326829404312, name='Ведьма')
2026-06-20 14:36:51,161 - services.startup_checks - INFO - ✅ ROLE_CHIEF_GROM: роль найдена (ID=1483444017520840916, name='Командир СОБР')
2026-06-20 14:36:51,162 - services.startup_checks - INFO - ✅ ROLE_DEPUTY_GROM: роль найдена (ID=1483444111330644099, name='Зам. Ком. СОБР')
2026-06-20 14:36:51,162 - services.startup_checks - INFO - ✅ ROLE_CHIEF_PPS: роль найдена (ID=1483444197527912481, name='Командир АВНГ')
2026-06-20 14:36:51,162 - services.startup_checks - INFO - ✅ ROLE_DEPUTY_PPS: роль найдена (ID=1483444604207501343, name='Зам. ком. УВО')
2026-06-20 14:36:51,162 - services.startup_checks - INFO - ✅ ROLE_CHIEF_OSB: роль найдена (ID=1483444329216348332, name='Начальник ОСБ')
2026-06-20 14:36:51,162 - services.startup_checks - INFO - ✅ ROLE_DEPUTY_OSB: роль найдена (ID=1483444394647486534, name='Зам. Нач. ОСБ')
2026-06-20 14:36:51,162 - services.startup_checks - INFO - ✅ ROLE_CHIEF_ORLS: роль найдена (ID=1483444847250636832, name='Командир УВО')
2026-06-20 14:36:51,162 - services.startup_checks - INFO - ✅ ROLE_DEPUTY_ORLS: роль найдена (ID=1483444604207501343, name='Зам. ком. УВО')
2026-06-20 14:36:51,162 - services.startup_checks - INFO - ✅ ROLE_DEPT_GROM: роль найдена (ID=1483445935739502745, name='СОБР')
2026-06-20 14:36:51,162 - services.startup_checks - INFO - ✅ ROLE_DEPT_PPS: роль найдена (ID=1471110817779810324, name='Рядовой')
2026-06-20 14:36:51,162 - services.startup_checks - INFO - ✅ ROLE_DEPT_OSB: роль найдена (ID=1483445838184185979, name='ОСБ')
2026-06-20 14:36:51,162 - services.startup_checks - INFO - ✅ ROLE_DEPT_ORLS: роль найдена (ID=1471110817779810324, name='Рядовой')
2026-06-20 14:36:51,162 - services.startup_checks - WARNING - ⚠️ ROLE_RANK_GROM: список пустой
2026-06-20 14:36:51,163 - services.startup_checks - INFO - ✅ ROLE_RANK_PPS -> 1487044914624856174: роль найдена (ID=1487044914624856174, name='белая ворона')
2026-06-20 14:36:51,163 - services.startup_checks - INFO - ✅ ROLE_RANK_OSB -> 1471110087107018822: роль найдена (ID=1471110087107018822, name='Шпион')
2026-06-20 14:36:51,163 - services.startup_checks - WARNING - ⚠️ ROLE_RANK_ORLS: список пустой
2026-06-20 14:36:51,163 - services.startup_checks - INFO - ✅ ROLE_ACADEMY: роль найдена (ID=1508437640263761952, name='Кадровый отдел')
2026-06-20 14:36:51,163 - services.startup_checks - INFO - ✅ ROLE_DEPT_ACADEMY: роль найдена (ID=1483446295174582282, name='АВНГ')
2026-06-20 14:36:51,163 - services.startup_checks - INFO - ✅ ROLE_PASSED_ACADEMY: роль найдена (ID=1471114268450623550, name='Ефрейтор')
2026-06-20 14:36:51,163 - services.startup_checks - INFO - ✅ Канал повышений 1471108664457826446: канал найден и доступен (ID=1471108664457826446)
2026-06-20 14:36:51,163 - services.startup_checks - INFO - ✅ Роль кадровика для канала повышений 1471108664457826446: роль найдена (ID=1508437640263761952, name='Кадровый отдел')
2026-06-20 14:36:51,163 - services.startup_checks - INFO - ✅ ALL_RANK_ROLE_IDS -> 1517132125504147519: роль найдена (ID=1517132125504147519, name='рядовой')
2026-06-20 14:36:51,163 - services.startup_checks - INFO - ✅ ALL_RANK_ROLE_IDS -> 1517855095033827428: роль найдена (ID=1517855095033827428, name='младший сержант')
2026-06-20 14:36:51,163 - services.startup_checks - INFO - ✅ ALL_RANK_ROLE_IDS -> 1500207254765437048: роль найдена (ID=1500207254765437048, name='Майор')
2026-06-20 14:36:51,164 - services.startup_checks - ERROR - ❌ RANK_ROLE_MAPPING: роль не найдена для 'Рядовой -> Младший Сержант' (ID=0)
2026-06-20 14:36:51,164 - services.startup_checks - INFO - ✅ Канал рапортов ОРЛС: канал найден и доступен (ID=1517850589852205106)
2026-06-20 14:36:51,164 - services.startup_checks - INFO - ✅ Канал рапортов ОСБ: канал найден и доступен (ID=1517850633502199838)
2026-06-20 14:36:51,164 - services.startup_checks - INFO - ✅ Канал рапортов ГРОМ: канал найден и доступен (ID=1517850560110530581)
2026-06-20 14:36:51,164 - services.startup_checks - INFO - ✅ Канал рапортов ППС: канал найден и доступен (ID=1517850560110530581)
2026-06-20 14:36:51,164 - services.startup_checks - INFO - ✅ У бота есть право 'Управлять ролями'
2026-06-20 14:36:51,164 - services.startup_checks - INFO - ✅ У бота есть право 'Управлять никами'
2026-06-20 14:36:51,164 - services.startup_checks - INFO - ======== ПРОВЕРКА ПРИ ЗАПУСКЕ ЗАВЕРШЕНА ========
2026-06-20 14:36:51,164 - utils.startup_log - INFO -     • Каналы и роли — проверены
2026-06-20 14:36:51,164 - utils.startup_log - INFO - 
2026-06-20 14:36:51,165 - utils.startup_log - INFO -   ▶ Состояние
2026-06-20 14:36:51,165 - utils.startup_log - INFO -   ──────────────────────────────────────────────────
2026-06-20 14:36:51,165 - services.health_report - INFO - ========== ОТЧЁТ О СОСТОЯНИИ ==========
2026-06-20 14:36:51,165 - services.health_report - INFO - 📊 ПАМЯТЬ | заявки=0 | увольнения=0 | повышения=0 | склад=0 | переводы=0 | черновики_ОРЛС=0 ОСБ=0 ГРОМ=0 ППС=0 Акад=0 | сообщ_рапортов=0
2026-06-20 14:36:51,169 - services.health_report - INFO - 🗄️ БАЗА   | заявки=20 | увольнения=102 | повышения=31 | склад=20 | переводы=18
2026-06-20 14:36:51,169 - services.health_report - INFO - 🧹 Проверка осиротевших записей (только проверка=True)...
2026-06-20 14:36:51,570 - services.health_report - WARNING - 🧹 ЛИШНЯЯ ЗАПИСЬ (увольнение): message_id=1513618665600319630 (сообщение удалено)
2026-06-20 14:36:51,907 - services.health_report - WARNING - 🧹 ЛИШНЯЯ ЗАПИСЬ (увольнение): message_id=1513619167570432032 (сообщение удалено)
2026-06-20 14:36:52,228 - services.health_report - WARNING - 🧹 ЛИШНЯЯ ЗАПИСЬ (увольнение): message_id=1513622778031640748 (сообщение удалено)
2026-06-20 14:36:52,512 - services.health_report - WARNING - 🧹 ЛИШНЯЯ ЗАПИСЬ (увольнение): message_id=1513626072791515340 (сообщение удалено)
2026-06-20 14:36:52,800 - services.health_report - WARNING - 🧹 ЛИШНЯЯ ЗАПИСЬ (увольнение): message_id=1513627820944003234 (сообщение удалено)
2026-06-20 14:36:57,519 - services.health_report - WARNING - 🧹 ЛИШНЯЯ ЗАПИСЬ (увольнение): message_id=1513633130353918043 (сообщение удалено)
2026-06-20 14:36:57,795 - services.health_report - WARNING - 🧹 ЛИШНЯЯ ЗАПИСЬ (увольнение): message_id=1513633287007113367 (сообщение удалено)
2026-06-20 14:36:58,072 - services.health_report - WARNING - 🧹 ЛИШНЯЯ ЗАПИСЬ (увольнение): message_id=1513662922759344141 (сообщение удалено)
2026-06-20 14:36:58,465 - services.health_report - WARNING - 🧹 ЛИШНЯЯ ЗАПИСЬ (увольнение): message_id=1513672036507979846 (сообщение удалено)
2026-06-20 14:36:58,767 - services.health_report - WARNING - 🧹 ЛИШНЯЯ ЗАПИСЬ (увольнение): message_id=1513680345130602637 (сообщение удалено)
2026-06-20 14:36:59,066 - services.health_report - WARNING - 🧹 ЛИШНЯЯ ЗАПИСЬ (увольнение): message_id=1513766264990863380 (сообщение удалено)
2026-06-20 14:37:03,831 - services.health_report - WARNING - 🧹 ЛИШНЯЯ ЗАПИСЬ (увольнение): message_id=1513842850448674986 (сообщение удалено)
2026-06-20 14:37:04,255 - services.health_report - WARNING - 🧹 ЛИШНЯЯ ЗАПИСЬ (увольнение): message_id=1513860595840061511 (сообщение удалено)
2026-06-20 14:37:04,549 - services.health_report - WARNING - 🧹 ЛИШНЯЯ ЗАПИСЬ (увольнение): message_id=1513875560009568416 (сообщение удалено)
2026-06-20 14:37:04,830 - services.health_report - WARNING - 🧹 ЛИШНЯЯ ЗАПИСЬ (увольнение): message_id=1513877789462368267 (сообщение удалено)
2026-06-20 14:37:05,166 - services.health_report - WARNING - 🧹 ЛИШНЯЯ ЗАПИСЬ (увольнение): message_id=1513945681549721620 (сообщение удалено)
2026-06-20 14:37:05,552 - services.health_report - WARNING - 🧹 ЛИШНЯЯ ЗАПИСЬ (увольнение): message_id=1514143239236751481 (сообщение удалено)
2026-06-20 14:37:10,206 - services.health_report - WARNING - 🧹 ЛИШНЯЯ ЗАПИСЬ (увольнение): message_id=1514174187034509355 (сообщение удалено)
2026-06-20 14:37:10,548 - services.health_report - WARNING - 🧹 ЛИШНЯЯ ЗАПИСЬ (увольнение): message_id=1514218125397200957 (сообщение удалено)
2026-06-20 14:37:10,871 - services.health_report - WARNING - 🧹 ЛИШНЯЯ ЗАПИСЬ (увольнение): message_id=1514220042948972625 (сообщение удалено)
2026-06-20 14:37:11,157 - services.health_report - WARNING - 🧹 ЛИШНЯЯ ЗАПИСЬ (увольнение): message_id=1514225176345051277 (сообщение удалено)
2026-06-20 14:37:11,449 - services.health_report - WARNING - 🧹 ЛИШНЯЯ ЗАПИСЬ (увольнение): message_id=1514232480549441667 (сообщение удалено)
2026-06-20 14:37:11,875 - services.health_report - WARNING - 🧹 ЛИШНЯЯ ЗАПИСЬ (увольнение): message_id=1514241729526763713 (сообщение удалено)
2026-06-20 14:37:16,533 - services.health_report - WARNING - 🧹 ЛИШНЯЯ ЗАПИСЬ (увольнение): message_id=1514247442953142353 (сообщение удалено)
2026-06-20 14:37:16,852 - services.health_report - WARNING - 🧹 ЛИШНЯЯ ЗАПИСЬ (увольнение): message_id=1514266755760132187 (сообщение удалено)
2026-06-20 14:37:17,176 - services.health_report - WARNING - 🧹 ЛИШНЯЯ ЗАПИСЬ (увольнение): message_id=1514283144029933628 (сообщение удалено)
2026-06-20 14:37:17,516 - services.health_report - WARNING - 🧹 ЛИШНЯЯ ЗАПИСЬ (увольнение): message_id=1514333489850486905 (сообщение удалено)
2026-06-20 14:37:17,904 - services.health_report - WARNING - 🧹 ЛИШНЯЯ ЗАПИСЬ (увольнение): message_id=1514351399536689233 (сообщение удалено)
2026-06-20 14:37:18,261 - services.health_report - WARNING - 🧹 ЛИШНЯЯ ЗАПИСЬ (увольнение): message_id=1514352687007793292 (сообщение удалено)
2026-06-20 14:37:22,879 - services.health_report - WARNING - 🧹 ЛИШНЯЯ ЗАПИСЬ (увольнение): message_id=1514355578313375776 (сообщение удалено)
2026-06-20 14:37:23,214 - services.health_report - WARNING - 🧹 ЛИШНЯЯ ЗАПИСЬ (увольнение): message_id=1514371740544008332 (сообщение удалено)
2026-06-20 14:37:23,505 - services.health_report - WARNING - 🧹 ЛИШНЯЯ ЗАПИСЬ (увольнение): message_id=1514383747053785120 (сообщение удалено)
2026-06-20 14:37:23,791 - services.health_report - WARNING - 🧹 ЛИШНЯЯ ЗАПИСЬ (увольнение): message_id=1514414727428706364 (сообщение удалено)
2026-06-20 14:37:24,267 - services.health_report - WARNING - 🧹 ЛИШНЯЯ ЗАПИСЬ (увольнение): message_id=1514550206815932486 (сообщение удалено)
2026-06-20 14:37:24,555 - services.health_report - WARNING - 🧹 ЛИШНЯЯ ЗАПИСЬ (увольнение): message_id=1514553333560643746 (сообщение удалено)
2026-06-20 14:37:29,187 - services.health_report - WARNING - 🧹 ЛИШНЯЯ ЗАПИСЬ (увольнение): message_id=1514558241307099176 (сообщение удалено)
2026-06-20 14:37:29,478 - services.health_report - WARNING - 🧹 ЛИШНЯЯ ЗАПИСЬ (увольнение): message_id=1514575430848352269 (сообщение удалено)
2026-06-20 14:37:29,794 - services.health_report - WARNING - 🧹 ЛИШНЯЯ ЗАПИСЬ (увольнение): message_id=1514605024242565220 (сообщение удалено)
2026-06-20 14:37:30,139 - services.health_report - WARNING - 🧹 ЛИШНЯЯ ЗАПИСЬ (увольнение): message_id=1514619937325453462 (сообщение удалено)
2026-06-20 14:37:30,449 - services.health_report - WARNING - 🧹 ЛИШНЯЯ ЗАПИСЬ (увольнение): message_id=1514638734828769383 (сообщение удалено)
2026-06-20 14:37:30,756 - services.health_report - WARNING - 🧹 ЛИШНЯЯ ЗАПИСЬ (увольнение): message_id=1514650693812748399 (сообщение удалено)
2026-06-20 14:37:30,794 - __main__ - INFO - Остановка бота по запросу пользователя
2026-06-20 14:37:30,796 - __main__ - INFO - Соединение с БД закрыто
2026-06-20 14:43:29,066 - discord.gateway - INFO - Shard ID None has connected to Gateway (Session ID: 39d86f9ca08070f7ded4b2c61e178699).
2026-06-20 14:43:31,085 - utils.startup_log - INFO - ╔══════════════════════════════════════════════════╗
2026-06-20 14:43:31,085 - utils.startup_log - INFO - ║ БОТ УВД — ЗАПУСК                                 ║
2026-06-20 14:43:31,086 - utils.startup_log - INFO - ╚══════════════════════════════════════════════════╝
2026-06-20 14:43:31,086 - utils.startup_log - INFO - 
2026-06-20 14:43:31,086 - utils.startup_log - INFO -   ▶ Подключение
2026-06-20 14:43:31,086 - utils.startup_log - INFO -   ──────────────────────────────────────────────────
2026-06-20 14:43:31,086 - utils.startup_log - INFO -     • Бот — Помощник#1719
2026-06-20 14:43:31,086 - utils.startup_log - INFO -     • ID бота — 1508421824227053629
2026-06-20 14:43:31,086 - utils.startup_log - INFO - 
2026-06-20 14:43:31,086 - utils.startup_log - INFO -   ▶ База данных
2026-06-20 14:43:31,086 - utils.startup_log - INFO -   ──────────────────────────────────────────────────
2026-06-20 14:43:31,090 - database - INFO - БД: открыто новое соединение (path=data/bot.db, journal_mode=WAL, foreign_keys=ON)
2026-06-20 14:43:31,093 - utils.startup_log - INFO -     • БД подключена — OK
2026-06-20 14:43:31,094 - services.warehouse_session - INFO - WarehouseSession: загружено 94 сессий из БД
2026-06-20 14:43:31,095 - utils.startup_log - INFO -     • Сессии склада — загружены из БД
2026-06-20 14:43:31,095 - services.warehouse_cooldown - INFO - WarehouseCooldown: загружено 102 записей из БД
2026-06-20 14:43:31,095 - utils.startup_log - INFO -     • Кулдауны склада — загружены из БД
2026-06-20 14:43:31,095 - utils.startup_log - INFO - 
2026-06-20 14:43:31,096 - utils.startup_log - INFO -   ▶ Слэш-команды
2026-06-20 14:43:31,096 - utils.startup_log - INFO -   ──────────────────────────────────────────────────
2026-06-20 14:43:31,384 - utils.startup_log - INFO -     • Синхронизированы — orls_promotion_setup, osb_promotion_setup, grom_promotion_setup, pps_promotion_setup, promotion_setup_all
2026-06-20 14:43:31,384 - utils.startup_log - INFO - 
2026-06-20 14:43:31,384 - utils.startup_log - INFO -   ▶ Восстановление View
2026-06-20 14:43:31,384 - utils.startup_log - INFO -   ──────────────────────────────────────────────────
2026-06-20 14:43:31,384 - services.restore_views - INFO - Восстановление View...
2026-06-20 14:43:31,385 - services.restore_views - INFO - Стартовые View восстановлены
2026-06-20 14:43:31,391 - services.restore_views - INFO - 📦 Загружено из БД: заявок=0, увольнений=0, повышений=0, склад=0, переводы=0
2026-06-20 14:43:31,392 - services.restore_views - INFO - 🔨 Восстановлено кнопок заявок: 0 | удалено из БД: 0 | пропущено: 0
2026-06-20 14:43:31,392 - services.restore_views - INFO - 🔨 Восстановлено кнопок увольнений: 0 | удалено из БД: 0 | пропущено: 0
2026-06-20 14:43:31,392 - services.restore_views - INFO - 🔨 Восстановлено кнопок повышений: 0 | удалено из БД: 0 | пропущено: 0
2026-06-20 14:43:31,392 - services.restore_views - INFO - 🔨 Восстановлено кнопок склада: 0 | удалено из БД: 0 | пропущено: 0
2026-06-20 14:43:31,392 - services.restore_views - INFO - 🔨 Восстановлено кнопок заявок на перевод: 0 | удалено из БД: 0 | пропущено: 0
2026-06-20 14:43:31,392 - services.restore_views - INFO - Восстановление View завершено
2026-06-20 14:43:31,392 - utils.startup_log - INFO -     • View восстановлены — OK
2026-06-20 14:43:31,392 - utils.startup_log - INFO - 
2026-06-20 14:43:31,392 - utils.startup_log - INFO -   ▶ Проверки при запуске
2026-06-20 14:43:31,393 - utils.startup_log - INFO -   ──────────────────────────────────────────────────
2026-06-20 14:43:31,393 - services.startup_checks - INFO - ========== ПРОВЕРКА ПРИ ЗАПУСКЕ ==========
2026-06-20 14:43:31,393 - services.startup_checks - INFO - ✅ Сервер: ЧВК Варкин (ID=1470858553530257473)
2026-06-20 14:43:31,393 - services.startup_checks - INFO - ✅ Бот: Помощник#1719 | верхняя роль='Верховный администратор' | позиция=79
2026-06-20 14:43:31,393 - services.startup_checks - INFO - ✅ START_CHANNEL_ID: канал найден и доступен (ID=1482723021805584605)
2026-06-20 14:43:31,393 - services.startup_checks - INFO - ✅ REQUEST_CHANNEL_ID: канал найден и доступен (ID=1482723021805584605)
2026-06-20 14:43:31,393 - services.startup_checks - INFO - ✅ FIRING_CHANNEL_ID: канал найден и доступен (ID=1517132584142770207)
2026-06-20 14:43:31,393 - services.startup_checks - INFO - ✅ WAREHOUSE_REQUEST_CHANNEL_ID: канал найден и доступен (ID=1471112353184616629)
2026-06-20 14:43:31,394 - services.startup_checks - INFO - ✅ WAREHOUSE_AUDIT_CHANNEL_ID: канал найден и доступен (ID=1471947080200356017)
2026-06-20 14:43:31,394 - services.startup_checks - INFO - ✅ ACADEMY_CHANNEL_ID: канал найден и доступен (ID=1503034563184693338)
2026-06-20 14:43:31,394 - services.startup_checks - INFO - ✅ EXAM_CHANNEL_ID: канал найден и доступен (ID=1517849406433529856)
2026-06-20 14:43:31,394 - services.startup_checks - INFO - ✅ CHANNEL_APPLY_GROM: канал найден и доступен (ID=1517833352185380925)
2026-06-20 14:43:31,394 - services.startup_checks - INFO - ✅ CHANNEL_APPLY_PPS: канал найден и доступен (ID=1517833799818547222)
2026-06-20 14:43:31,394 - services.startup_checks - INFO - ✅ CHANNEL_APPLY_OSB: канал найден и доступен (ID=1517833889362481182)
2026-06-20 14:43:31,394 - services.startup_checks - INFO - ✅ CHANNEL_APPLY_ORLS: канал найден и доступен (ID=1517833579059740682)
2026-06-20 14:43:31,394 - services.startup_checks - INFO - ✅ CHANNEL_ADMIN_TRANSFER: канал найден и доступен (ID=1517834808011657327)
2026-06-20 14:43:31,394 - services.startup_checks - INFO - ✅ CHANNEL_CADRE_LOG: канал найден и доступен (ID=1517164403030753331)
2026-06-20 14:43:31,394 - services.startup_checks - INFO - ✅ STAFF_ROLE_ID: роль найдена (ID=1508437640263761952, name='Кадровый отдел')
2026-06-20 14:43:31,395 - services.startup_checks - INFO - ✅ TRANSFER_STAFF_ROLE_ID: роль найдена (ID=1508437640263761952, name='Кадровый отдел')
2026-06-20 14:43:31,395 - services.startup_checks - INFO - ✅ GOV_STAFF_ROLE_ID: роль найдена (ID=1508437640263761952, name='Кадровый отдел')
2026-06-20 14:43:31,395 - services.startup_checks - INFO - ✅ FIRING_STAFF_ROLE_ID: роль найдена (ID=1508437640263761952, name='Кадровый отдел')
2026-06-20 14:43:31,395 - services.startup_checks - INFO - ✅ FIRING_SENIOR_ROLE_ID: роль найдена (ID=1508437640263761952, name='Кадровый отдел')
2026-06-20 14:43:31,395 - services.startup_checks - INFO - ✅ WAREHOUSE_STAFF_ROLE_ID: роль найдена (ID=1508437640263761952, name='Кадровый отдел')
2026-06-20 14:43:31,395 - services.startup_checks - INFO - ✅ FIRED_ROLE_ID: роль найдена (ID=1500219579539128401, name='уволен')
2026-06-20 14:43:31,395 - services.startup_checks - WARNING - ⚠️ ROLES_TO_KEEP_ON_FIRE: список пустой
2026-06-20 14:43:31,395 - services.startup_checks - INFO - ✅ CADET_ROLES_TO_GIVE -> 1517132125504147519: роль найдена (ID=1517132125504147519, name='рядовой')
2026-06-20 14:43:31,395 - services.startup_checks - INFO - ✅ TRANSFER_ROLES_TO_GIVE -> 1483105783179771987: роль найдена (ID=1483105783179771987, name='ЧВК')
2026-06-20 14:43:31,395 - services.startup_checks - INFO - ✅ GOV_ROLE_TO_GIVE: роль найдена (ID=1500213796638298213, name='Гос Служащий')
2026-06-20 14:43:31,395 - services.startup_checks - INFO - ✅ PPS_ROLE_IDS -> 1517184354940485782: роль найдена (ID=1517184354940485782, name='ППС')
2026-06-20 14:43:31,396 - services.startup_checks - INFO - ✅ PPS_ROLE_IDS -> 1483154326829404312: роль найдена (ID=1483154326829404312, name='Ведьма')
2026-06-20 14:43:31,396 - services.startup_checks - INFO - ✅ ROLE_CHIEF_GROM: роль найдена (ID=1483444017520840916, name='Командир СОБР')
2026-06-20 14:43:31,396 - services.startup_checks - INFO - ✅ ROLE_DEPUTY_GROM: роль найдена (ID=1483444111330644099, name='Зам. Ком. СОБР')
2026-06-20 14:43:31,396 - services.startup_checks - INFO - ✅ ROLE_CHIEF_PPS: роль найдена (ID=1483444197527912481, name='Командир АВНГ')
2026-06-20 14:43:31,396 - services.startup_checks - INFO - ✅ ROLE_DEPUTY_PPS: роль найдена (ID=1483444604207501343, name='Зам. ком. УВО')
2026-06-20 14:43:31,396 - services.startup_checks - INFO - ✅ ROLE_CHIEF_OSB: роль найдена (ID=1483444329216348332, name='Начальник ОСБ')
2026-06-20 14:43:31,396 - services.startup_checks - INFO - ✅ ROLE_DEPUTY_OSB: роль найдена (ID=1483444394647486534, name='Зам. Нач. ОСБ')
2026-06-20 14:43:31,396 - services.startup_checks - INFO - ✅ ROLE_CHIEF_ORLS: роль найдена (ID=1483444847250636832, name='Командир УВО')
2026-06-20 14:43:31,396 - services.startup_checks - INFO - ✅ ROLE_DEPUTY_ORLS: роль найдена (ID=1483444604207501343, name='Зам. ком. УВО')
2026-06-20 14:43:31,396 - services.startup_checks - INFO - ✅ ROLE_DEPT_GROM: роль найдена (ID=1483445935739502745, name='СОБР')
2026-06-20 14:43:31,396 - services.startup_checks - INFO - ✅ ROLE_DEPT_PPS: роль найдена (ID=1471110817779810324, name='Рядовой')
2026-06-20 14:43:31,396 - services.startup_checks - INFO - ✅ ROLE_DEPT_OSB: роль найдена (ID=1483445838184185979, name='ОСБ')
2026-06-20 14:43:31,397 - services.startup_checks - INFO - ✅ ROLE_DEPT_ORLS: роль найдена (ID=1471110817779810324, name='Рядовой')
2026-06-20 14:43:31,397 - services.startup_checks - WARNING - ⚠️ ROLE_RANK_GROM: список пустой
2026-06-20 14:43:31,397 - services.startup_checks - INFO - ✅ ROLE_RANK_PPS -> 1487044914624856174: роль найдена (ID=1487044914624856174, name='белая ворона')
2026-06-20 14:43:31,397 - services.startup_checks - INFO - ✅ ROLE_RANK_OSB -> 1471110087107018822: роль найдена (ID=1471110087107018822, name='Шпион')
2026-06-20 14:43:31,397 - services.startup_checks - WARNING - ⚠️ ROLE_RANK_ORLS: список пустой
2026-06-20 14:43:31,397 - services.startup_checks - INFO - ✅ ROLE_ACADEMY: роль найдена (ID=1508437640263761952, name='Кадровый отдел')
2026-06-20 14:43:31,397 - services.startup_checks - INFO - ✅ ROLE_DEPT_ACADEMY: роль найдена (ID=1483446295174582282, name='АВНГ')
2026-06-20 14:43:31,397 - services.startup_checks - INFO - ✅ ROLE_PASSED_ACADEMY: роль найдена (ID=1471114268450623550, name='Ефрейтор')
2026-06-20 14:43:31,397 - services.startup_checks - INFO - ✅ Канал повышений 1471108664457826446: канал найден и доступен (ID=1471108664457826446)
2026-06-20 14:43:31,397 - services.startup_checks - INFO - ✅ Роль кадровика для канала повышений 1471108664457826446: роль найдена (ID=1508437640263761952, name='Кадровый отдел')
2026-06-20 14:43:31,397 - services.startup_checks - INFO - ✅ ALL_RANK_ROLE_IDS -> 1517132125504147519: роль найдена (ID=1517132125504147519, name='рядовой')
2026-06-20 14:43:31,397 - services.startup_checks - INFO - ✅ ALL_RANK_ROLE_IDS -> 1517855095033827428: роль найдена (ID=1517855095033827428, name='младший сержант')
2026-06-20 14:43:31,398 - services.startup_checks - INFO - ✅ ALL_RANK_ROLE_IDS -> 1500207254765437048: роль найдена (ID=1500207254765437048, name='Майор')
2026-06-20 14:43:31,398 - services.startup_checks - ERROR - ❌ RANK_ROLE_MAPPING: роль не найдена для 'Рядовой -> Младший Сержант' (ID=0)
2026-06-20 14:43:31,398 - services.startup_checks - INFO - ✅ Канал рапортов ОРЛС: канал найден и доступен (ID=1517850589852205106)
2026-06-20 14:43:31,398 - services.startup_checks - INFO - ✅ Канал рапортов ОСБ: канал найден и доступен (ID=1517850633502199838)
2026-06-20 14:43:31,398 - services.startup_checks - INFO - ✅ Канал рапортов ГРОМ: канал найден и доступен (ID=1517850560110530581)
2026-06-20 14:43:31,398 - services.startup_checks - INFO - ✅ Канал рапортов ППС: канал найден и доступен (ID=1517850560110530581)
2026-06-20 14:43:31,398 - services.startup_checks - INFO - ✅ У бота есть право 'Управлять ролями'
2026-06-20 14:43:31,398 - services.startup_checks - INFO - ✅ У бота есть право 'Управлять никами'
2026-06-20 14:43:31,398 - services.startup_checks - INFO - ======== ПРОВЕРКА ПРИ ЗАПУСКЕ ЗАВЕРШЕНА ========
2026-06-20 14:43:31,399 - utils.startup_log - INFO -     • Каналы и роли — проверены
2026-06-20 14:43:31,399 - utils.startup_log - INFO - 
2026-06-20 14:43:31,399 - utils.startup_log - INFO -   ▶ Состояние
2026-06-20 14:43:31,399 - utils.startup_log - INFO -   ──────────────────────────────────────────────────
2026-06-20 14:43:31,399 - services.health_report - INFO - ========== ОТЧЁТ О СОСТОЯНИИ ==========
2026-06-20 14:43:31,399 - services.health_report - INFO - 📊 ПАМЯТЬ | заявки=0 | увольнения=0 | повышения=0 | склад=0 | переводы=0 | черновики_ОРЛС=0 ОСБ=0 ГРОМ=0 ППС=0 Акад=0 | сообщ_рапортов=0
2026-06-20 14:43:31,403 - services.health_report - INFO - 🗄️ БАЗА   | заявки=20 | увольнения=102 | повышения=31 | склад=20 | переводы=18
2026-06-20 14:43:31,403 - services.health_report - INFO - 🧹 Проверка осиротевших записей (только проверка=True)...
2026-06-20 14:43:31,721 - services.health_report - WARNING - 🧹 ЛИШНЯЯ ЗАПИСЬ (увольнение): message_id=1513618665600319630 (сообщение удалено)
2026-06-20 14:43:32,095 - services.health_report - WARNING - 🧹 ЛИШНЯЯ ЗАПИСЬ (увольнение): message_id=1513619167570432032 (сообщение удалено)
2026-06-20 14:43:32,447 - services.health_report - WARNING - 🧹 ЛИШНЯЯ ЗАПИСЬ (увольнение): message_id=1513622778031640748 (сообщение удалено)
2026-06-20 14:43:32,790 - services.health_report - WARNING - 🧹 ЛИШНЯЯ ЗАПИСЬ (увольнение): message_id=1513626072791515340 (сообщение удалено)
2026-06-20 14:43:33,091 - services.health_report - WARNING - 🧹 ЛИШНЯЯ ЗАПИСЬ (увольнение): message_id=1513627820944003234 (сообщение удалено)
2026-06-20 14:43:37,714 - services.health_report - WARNING - 🧹 ЛИШНЯЯ ЗАПИСЬ (увольнение): message_id=1513633130353918043 (сообщение удалено)
2026-06-20 14:43:38,030 - services.health_report - WARNING - 🧹 ЛИШНЯЯ ЗАПИСЬ (увольнение): message_id=1513633287007113367 (сообщение удалено)
2026-06-20 14:43:38,324 - services.health_report - WARNING - 🧹 ЛИШНЯЯ ЗАПИСЬ (увольнение): message_id=1513662922759344141 (сообщение удалено)
2026-06-20 14:43:38,691 - services.health_report - WARNING - 🧹 ЛИШНЯЯ ЗАПИСЬ (увольнение): message_id=1513672036507979846 (сообщение удалено)
2026-06-20 14:43:39,039 - services.health_report - WARNING - 🧹 ЛИШНЯЯ ЗАПИСЬ (увольнение): message_id=1513680345130602637 (сообщение удалено)
2026-06-20 14:43:39,314 - services.health_report - WARNING - 🧹 ЛИШНЯЯ ЗАПИСЬ (увольнение): message_id=1513766264990863380 (сообщение удалено)
2026-06-20 14:43:44,014 - services.health_report - WARNING - 🧹 ЛИШНЯЯ ЗАПИСЬ (увольнение): message_id=1513842850448674986 (сообщение удалено)
2026-06-20 14:43:44,377 - services.health_report - WARNING - 🧹 ЛИШНЯЯ ЗАПИСЬ (увольнение): message_id=1513860595840061511 (сообщение удалено)
2026-06-20 14:43:44,672 - services.health_report - WARNING - 🧹 ЛИШНЯЯ ЗАПИСЬ (увольнение): message_id=1513875560009568416 (сообщение удалено)
2026-06-20 14:43:44,996 - services.health_report - WARNING - 🧹 ЛИШНЯЯ ЗАПИСЬ (увольнение): message_id=1513877789462368267 (сообщение удалено)
2026-06-20 14:43:45,296 - services.health_report - WARNING - 🧹 ЛИШНЯЯ ЗАПИСЬ (увольнение): message_id=1513945681549721620 (сообщение удалено)
2026-06-20 14:43:45,677 - services.health_report - WARNING - 🧹 ЛИШНЯЯ ЗАПИСЬ (увольнение): message_id=1514143239236751481 (сообщение удалено)
2026-06-20 14:43:50,337 - services.health_report - WARNING - 🧹 ЛИШНЯЯ ЗАПИСЬ (увольнение): message_id=1514174187034509355 (сообщение удалено)
2026-06-20 14:43:50,707 - services.health_report - WARNING - 🧹 ЛИШНЯЯ ЗАПИСЬ (увольнение): message_id=1514218125397200957 (сообщение удалено)
2026-06-20 14:43:51,007 - services.health_report - WARNING - 🧹 ЛИШНЯЯ ЗАПИСЬ (увольнение): message_id=1514220042948972625 (сообщение удалено)
2026-06-20 14:43:51,297 - services.health_report - WARNING - 🧹 ЛИШНЯЯ ЗАПИСЬ (увольнение): message_id=1514225176345051277 (сообщение удалено)
2026-06-20 14:43:51,610 - services.health_report - WARNING - 🧹 ЛИШНЯЯ ЗАПИСЬ (увольнение): message_id=1514232480549441667 (сообщение удалено)
2026-06-20 14:43:51,922 - services.health_report - WARNING - 🧹 ЛИШНЯЯ ЗАПИСЬ (увольнение): message_id=1514241729526763713 (сообщение удалено)
2026-06-20 14:43:56,657 - services.health_report - WARNING - 🧹 ЛИШНЯЯ ЗАПИСЬ (увольнение): message_id=1514247442953142353 (сообщение удалено)
2026-06-20 14:43:56,975 - services.health_report - WARNING - 🧹 ЛИШНЯЯ ЗАПИСЬ (увольнение): message_id=1514266755760132187 (сообщение удалено)
2026-06-20 14:43:57,250 - services.health_report - WARNING - 🧹 ЛИШНЯЯ ЗАПИСЬ (увольнение): message_id=1514283144029933628 (сообщение удалено)
2026-06-20 14:43:57,529 - services.health_report - WARNING - 🧹 ЛИШНЯЯ ЗАПИСЬ (увольнение): message_id=1514333489850486905 (сообщение удалено)
2026-06-20 14:43:57,824 - services.health_report - WARNING - 🧹 ЛИШНЯЯ ЗАПИСЬ (увольнение): message_id=1514351399536689233 (сообщение удалено)
2026-06-20 14:43:58,125 - services.health_report - WARNING - 🧹 ЛИШНЯЯ ЗАПИСЬ (увольнение): message_id=1514352687007793292 (сообщение удалено)
2026-06-20 14:44:02,981 - services.health_report - WARNING - 🧹 ЛИШНЯЯ ЗАПИСЬ (увольнение): message_id=1514355578313375776 (сообщение удалено)
2026-06-20 14:44:03,299 - services.health_report - WARNING - 🧹 ЛИШНЯЯ ЗАПИСЬ (увольнение): message_id=1514371740544008332 (сообщение удалено)
2026-06-20 14:44:03,661 - services.health_report - WARNING - 🧹 ЛИШНЯЯ ЗАПИСЬ (увольнение): message_id=1514383747053785120 (сообщение удалено)
2026-06-20 14:44:03,935 - services.health_report - WARNING - 🧹 ЛИШНЯЯ ЗАПИСЬ (увольнение): message_id=1514414727428706364 (сообщение удалено)
2026-06-20 14:44:04,220 - services.health_report - WARNING - 🧹 ЛИШНЯЯ ЗАПИСЬ (увольнение): message_id=1514550206815932486 (сообщение удалено)
2026-06-20 14:44:04,569 - services.health_report - WARNING - 🧹 ЛИШНЯЯ ЗАПИСЬ (увольнение): message_id=1514553333560643746 (сообщение удалено)
2026-06-20 14:44:09,306 - services.health_report - WARNING - 🧹 ЛИШНЯЯ ЗАПИСЬ (увольнение): message_id=1514558241307099176 (сообщение удалено)
2026-06-20 14:44:09,592 - services.health_report - WARNING - 🧹 ЛИШНЯЯ ЗАПИСЬ (увольнение): message_id=1514575430848352269 (сообщение удалено)
2026-06-20 14:44:09,931 - services.health_report - WARNING - 🧹 ЛИШНЯЯ ЗАПИСЬ (увольнение): message_id=1514605024242565220 (сообщение удалено)
2026-06-20 14:44:10,271 - services.health_report - WARNING - 🧹 ЛИШНЯЯ ЗАПИСЬ (увольнение): message_id=1514619937325453462 (сообщение удалено)
2026-06-20 14:44:10,594 - services.health_report - WARNING - 🧹 ЛИШНЯЯ ЗАПИСЬ (увольнение): message_id=1514638734828769383 (сообщение удалено)
2026-06-20 14:44:10,932 - services.health_report - WARNING - 🧹 ЛИШНЯЯ ЗАПИСЬ (увольнение): message_id=1514650693812748399 (сообщение удалено)
2026-06-20 14:44:15,603 - services.health_report - WARNING - 🧹 ЛИШНЯЯ ЗАПИСЬ (увольнение): message_id=1514654880491376793 (сообщение удалено)
2026-06-20 14:44:15,949 - services.health_report - WARNING - 🧹 ЛИШНЯЯ ЗАПИСЬ (увольнение): message_id=1514686177423261859 (сообщение удалено)
2026-06-20 14:44:16,286 - services.health_report - WARNING - 🧹 ЛИШНЯЯ ЗАПИСЬ (увольнение): message_id=1514697660177846283 (сообщение удалено)
2026-06-20 14:44:16,607 - services.health_report - WARNING - 🧹 ЛИШНЯЯ ЗАПИСЬ (увольнение): message_id=1514823588694331596 (сообщение удалено)
2026-06-20 14:44:16,921 - services.health_report - WARNING - 🧹 ЛИШНЯЯ ЗАПИСЬ (увольнение): message_id=1514896228540874792 (сообщение удалено)
2026-06-20 14:44:17,221 - services.health_report - WARNING - 🧹 ЛИШНЯЯ ЗАПИСЬ (увольнение): message_id=1514918800464543886 (сообщение удалено)
2026-06-20 14:44:21,955 - services.health_report - WARNING - 🧹 ЛИШНЯЯ ЗАПИСЬ (увольнение): message_id=1514930244165963917 (сообщение удалено)
2026-06-20 14:44:22,253 - services.health_report - WARNING - 🧹 ЛИШНЯЯ ЗАПИСЬ (увольнение): message_id=1514933440175149127 (сообщение удалено)
2026-06-20 14:44:22,539 - services.health_report - WARNING - 🧹 ЛИШНЯЯ ЗАПИСЬ (увольнение): message_id=1514937495119466588 (сообщение удалено)
2026-06-20 14:44:22,840 - services.health_report - WARNING - 🧹 ЛИШНЯЯ ЗАПИСЬ (увольнение): message_id=1514937717371174942 (сообщение удалено)
2026-06-20 14:44:23,147 - services.health_report - WARNING - 🧹 ЛИШНЯЯ ЗАПИСЬ (увольнение): message_id=1514951095150051519 (сообщение удалено)
2026-06-20 14:44:23,496 - services.health_report - WARNING - 🧹 ЛИШНЯЯ ЗАПИСЬ (увольнение): message_id=1514959277482049707 (сообщение удалено)
2026-06-20 14:44:28,316 - services.health_report - WARNING - 🧹 ЛИШНЯЯ ЗАПИСЬ (увольнение): message_id=1514961505622425633 (сообщение удалено)
2026-06-20 14:44:28,606 - services.health_report - WARNING - 🧹 ЛИШНЯЯ ЗАПИСЬ (увольнение): message_id=1514963705014652949 (сообщение удалено)
2026-06-20 14:44:28,896 - services.health_report - WARNING - 🧹 ЛИШНЯЯ ЗАПИСЬ (увольнение): message_id=1515060692590264472 (сообщение удалено)
2026-06-20 14:44:29,179 - services.health_report - WARNING - 🧹 ЛИШНЯЯ ЗАПИСЬ (увольнение): message_id=1515074383536848958 (сообщение удалено)
2026-06-20 14:44:29,547 - services.health_report - WARNING - 🧹 ЛИШНЯЯ ЗАПИСЬ (увольнение): message_id=1515094790952456253 (сообщение удалено)
2026-06-20 14:44:29,847 - services.health_report - WARNING - 🧹 ЛИШНЯЯ ЗАПИСЬ (увольнение): message_id=1515105263462383758 (сообщение удалено)
2026-06-20 14:44:34,611 - services.health_report - WARNING - 🧹 ЛИШНЯЯ ЗАПИСЬ (увольнение): message_id=1515167258383618078 (сообщение удалено)
2026-06-20 14:44:34,894 - services.health_report - WARNING - 🧹 ЛИШНЯЯ ЗАПИСЬ (увольнение): message_id=1515217975504797829 (сообщение удалено)
2026-06-20 14:44:35,213 - services.health_report - WARNING - 🧹 ЛИШНЯЯ ЗАПИСЬ (увольнение): message_id=1515263740520435762 (сообщение удалено)
2026-06-20 14:44:35,610 - services.health_report - WARNING - 🧹 ЛИШНЯЯ ЗАПИСЬ (увольнение): message_id=1515311674947801108 (сообщение удалено)
2026-06-20 14:44:35,875 - services.health_report - WARNING - 🧹 ЛИШНЯЯ ЗАПИСЬ (увольнение): message_id=1515346581778333836 (сообщение удалено)
2026-06-20 14:44:36,149 - services.health_report - WARNING - 🧹 ЛИШНЯЯ ЗАПИСЬ (увольнение): message_id=1515432583754813460 (сообщение удалено)
2026-06-20 14:44:40,912 - services.health_report - WARNING - 🧹 ЛИШНЯЯ ЗАПИСЬ (увольнение): message_id=1515456223699275778 (сообщение удалено)
2026-06-20 14:44:41,214 - services.health_report - WARNING - 🧹 ЛИШНЯЯ ЗАПИСЬ (увольнение): message_id=1515456972412026950 (сообщение удалено)
2026-06-20 14:44:41,515 - services.health_report - WARNING - 🧹 ЛИШНЯЯ ЗАПИСЬ (увольнение): message_id=1515458280456196126 (сообщение удалено)
2026-06-20 14:44:41,814 - services.health_report - WARNING - 🧹 ЛИШНЯЯ ЗАПИСЬ (увольнение): message_id=1515469392010547350 (сообщение удалено)
2026-06-20 14:44:42,159 - services.health_report - WARNING - 🧹 ЛИШНЯЯ ЗАПИСЬ (увольнение): message_id=1515493833436172369 (сообщение удалено)
2026-06-20 14:44:42,454 - services.health_report - WARNING - 🧹 ЛИШНЯЯ ЗАПИСЬ (увольнение): message_id=1515494822079631450 (сообщение удалено)
2026-06-20 14:44:47,262 - services.health_report - WARNING - 🧹 ЛИШНЯЯ ЗАПИСЬ (увольнение): message_id=1515648848419098737 (сообщение удалено)
2026-06-20 14:44:47,553 - services.health_report - WARNING - 🧹 ЛИШНЯЯ ЗАПИСЬ (увольнение): message_id=1515650958481297408 (сообщение удалено)
2026-06-20 14:44:47,884 - services.health_report - WARNING - 🧹 ЛИШНЯЯ ЗАПИСЬ (увольнение): message_id=1515667237967499325 (сообщение удалено)
2026-06-20 14:44:48,209 - services.health_report - WARNING - 🧹 ЛИШНЯЯ ЗАПИСЬ (увольнение): message_id=1515692600248762378 (сообщение удалено)
2026-06-20 14:44:48,532 - services.health_report - WARNING - 🧹 ЛИШНЯЯ ЗАПИСЬ (увольнение): message_id=1515699543361060867 (сообщение удалено)
2026-06-20 14:44:48,814 - services.health_report - WARNING - 🧹 ЛИШНЯЯ ЗАПИСЬ (увольнение): message_id=1515701733739724992 (сообщение удалено)
2026-06-20 14:44:53,581 - services.health_report - WARNING - 🧹 ЛИШНЯЯ ЗАПИСЬ (увольнение): message_id=1515709485493129397 (сообщение удалено)
2026-06-20 14:44:53,984 - services.health_report - WARNING - 🧹 ЛИШНЯЯ ЗАПИСЬ (увольнение): message_id=1515720643268841563 (сообщение удалено)
2026-06-20 14:44:54,331 - services.health_report - WARNING - 🧹 ЛИШНЯЯ ЗАПИСЬ (увольнение): message_id=1515732658825465877 (сообщение удалено)
2026-06-20 14:44:54,676 - services.health_report - WARNING - 🧹 ЛИШНЯЯ ЗАПИСЬ (увольнение): message_id=1515742143115825304 (сообщение удалено)
2026-06-20 14:44:54,965 - services.health_report - WARNING - 🧹 ЛИШНЯЯ ЗАПИСЬ (увольнение): message_id=1515760444458008637 (сообщение удалено)
2026-06-20 14:44:55,325 - services.health_report - WARNING - 🧹 ЛИШНЯЯ ЗАПИСЬ (увольнение): message_id=1515767188261175336 (сообщение удалено)
2026-06-20 14:44:59,957 - services.health_report - WARNING - 🧹 ЛИШНЯЯ ЗАПИСЬ (увольнение): message_id=1515796636750712912 (сообщение удалено)
2026-06-20 14:45:00,279 - services.health_report - WARNING - 🧹 ЛИШНЯЯ ЗАПИСЬ (увольнение): message_id=1515797414982717697 (сообщение удалено)
2026-06-20 14:45:00,615 - services.health_report - WARNING - 🧹 ЛИШНЯЯ ЗАПИСЬ (увольнение): message_id=1515806384296562738 (сообщение удалено)
2026-06-20 14:45:00,922 - services.health_report - WARNING - 🧹 ЛИШНЯЯ ЗАПИСЬ (увольнение): message_id=1515872430890025101 (сообщение удалено)
2026-06-20 14:45:01,300 - services.health_report - WARNING - 🧹 ЛИШНЯЯ ЗАПИСЬ (увольнение): message_id=1515959062016163941 (сообщение удалено)
2026-06-20 14:45:01,592 - services.health_report - WARNING - 🧹 ЛИШНЯЯ ЗАПИСЬ (увольнение): message_id=1515959970049556632 (сообщение удалено)
2026-06-20 14:45:06,269 - services.health_report - WARNING - 🧹 ЛИШНЯЯ ЗАПИСЬ (увольнение): message_id=1515968485094854700 (сообщение удалено)
2026-06-20 14:45:06,572 - services.health_report - WARNING - 🧹 ЛИШНЯЯ ЗАПИСЬ (увольнение): message_id=1515986481909600346 (сообщение удалено)
2026-06-20 14:45:06,889 - services.health_report - WARNING - 🧹 ЛИШНЯЯ ЗАПИСЬ (увольнение): message_id=1515993233690329128 (сообщение удалено)
2026-06-20 14:45:07,231 - services.health_report - WARNING - 🧹 ЛИШНЯЯ ЗАПИСЬ (увольнение): message_id=1516023710165766291 (сообщение удалено)
2026-06-20 14:45:07,527 - services.health_report - WARNING - 🧹 ЛИШНЯЯ ЗАПИСЬ (увольнение): message_id=1516036534128607282 (сообщение удалено)
2026-06-20 14:45:07,881 - services.health_report - WARNING - 🧹 ЛИШНЯЯ ЗАПИСЬ (увольнение): message_id=1516064178916429856 (сообщение удалено)
2026-06-20 14:45:12,565 - services.health_report - WARNING - 🧹 ЛИШНЯЯ ЗАПИСЬ (увольнение): message_id=1516068844425445499 (сообщение удалено)
2026-06-20 14:45:12,842 - services.health_report - WARNING - 🧹 ЛИШНЯЯ ЗАПИСЬ (увольнение): message_id=1516082593425264790 (сообщение удалено)
2026-06-20 14:45:13,144 - services.health_report - WARNING - 🧹 ЛИШНЯЯ ЗАПИСЬ (увольнение): message_id=1516093600453099682 (сообщение удалено)
2026-06-20 14:45:13,487 - services.health_report - WARNING - 🧹 ЛИШНЯЯ ЗАПИСЬ (увольнение): message_id=1516100743902265516 (сообщение удалено)
2026-06-20 14:45:13,807 - services.health_report - WARNING - 🧹 ЛИШНЯЯ ЗАПИСЬ (увольнение): message_id=1516113088200577125 (сообщение удалено)
2026-06-20 14:45:14,096 - services.health_report - WARNING - 🧹 ЛИШНЯЯ ЗАПИСЬ (увольнение): message_id=1516116820401066054 (сообщение удалено)
2026-06-20 14:45:18,859 - services.health_report - WARNING - 🧹 ЛИШНЯЯ ЗАПИСЬ (увольнение): message_id=1516123344918024345 (сообщение удалено)
2026-06-20 14:45:19,180 - services.health_report - WARNING - 🧹 ЛИШНЯЯ ЗАПИСЬ (склад): message_id=1513910392198529164 (сообщение удалено)
2026-06-20 14:45:19,499 - services.health_report - WARNING - 🧹 ЛИШНЯЯ ЗАПИСЬ (склад): message_id=1513940024599642213 (сообщение удалено)
2026-06-20 14:45:19,823 - services.health_report - WARNING - 🧹 ЛИШНЯЯ ЗАПИСЬ (склад): message_id=1514022427447922759 (сообщение удалено)
2026-06-20 14:45:20,158 - services.health_report - WARNING - 🧹 ЛИШНЯЯ ЗАПИСЬ (склад): message_id=1514165142047297577 (сообщение удалено)
2026-06-20 14:45:20,449 - services.health_report - WARNING - 🧹 ЛИШНЯЯ ЗАПИСЬ (склад): message_id=1514221300942508124 (сообщение удалено)
2026-06-20 14:45:25,179 - services.health_report - WARNING - 🧹 ЛИШНЯЯ ЗАПИСЬ (склад): message_id=1514282996579172614 (сообщение удалено)
2026-06-20 14:45:25,586 - services.health_report - WARNING - 🧹 ЛИШНЯЯ ЗАПИСЬ (склад): message_id=1514298999463739392 (сообщение удалено)
2026-06-20 14:45:25,876 - services.health_report - WARNING - 🧹 ЛИШНЯЯ ЗАПИСЬ (склад): message_id=1514307721371980007 (сообщение удалено)
2026-06-20 14:45:26,182 - services.health_report - WARNING - 🧹 ЛИШНЯЯ ЗАПИСЬ (склад): message_id=1514330891512578048 (сообщение удалено)
2026-06-20 14:45:26,572 - services.health_report - WARNING - 🧹 ЛИШНЯЯ ЗАПИСЬ (склад): message_id=1514346494218735819 (сообщение удалено)
2026-06-20 14:45:26,859 - services.health_report - WARNING - 🧹 ЛИШНЯЯ ЗАПИСЬ (склад): message_id=1514380170373370017 (сообщение удалено)
2026-06-20 14:45:31,542 - services.health_report - WARNING - 🧹 ЛИШНЯЯ ЗАПИСЬ (склад): message_id=1514642688782110730 (сообщение удалено)
2026-06-20 14:45:31,860 - services.health_report - WARNING - 🧹 ЛИШНЯЯ ЗАПИСЬ (склад): message_id=1514689526679863538 (сообщение удалено)
2026-06-20 14:45:32,165 - services.health_report - WARNING - 🧹 ЛИШНЯЯ ЗАПИСЬ (склад): message_id=1514739249218584696 (сообщение удалено)
2026-06-20 14:45:32,514 - services.health_report - WARNING - 🧹 ЛИШНЯЯ ЗАПИСЬ (склад): message_id=1515082854835556565 (сообщение удалено)
2026-06-20 14:45:32,790 - services.health_report - WARNING - 🧹 ЛИШНЯЯ ЗАПИСЬ (склад): message_id=1515279110451232840 (сообщение удалено)
2026-06-20 14:45:33,125 - services.health_report - WARNING - 🧹 ЛИШНЯЯ ЗАПИСЬ (склад): message_id=1515306070917120092 (сообщение удалено)
2026-06-20 14:45:37,869 - services.health_report - WARNING - 🧹 ЛИШНЯЯ ЗАПИСЬ (склад): message_id=1515402802786992148 (сообщение удалено)
2026-06-20 14:45:38,155 - services.health_report - WARNING - 🧹 ЛИШНЯЯ ЗАПИСЬ (склад): message_id=1515801730594508981 (сообщение удалено)
2026-06-20 14:45:38,447 - services.health_report - WARNING - 🧹 ЛИШНЯЯ ЗАПИСЬ (склад): message_id=1516114081881526322 (сообщение удалено)
2026-06-20 14:45:38,764 - services.health_report - WARNING - 🧹 ЛИШНЯЯ ЗАПИСЬ (повышение): message_id=1513630421886435338 (сообщение удалено)
2026-06-20 14:45:39,099 - services.health_report - WARNING - 🧹 ЛИШНЯЯ ЗАПИСЬ (повышение): message_id=1513639942226575441 (сообщение удалено)
2026-06-20 14:45:39,379 - services.health_report - WARNING - 🧹 ЛИШНЯЯ ЗАПИСЬ (повышение): message_id=1513856546101268651 (сообщение удалено)
2026-06-20 14:45:39,668 - services.health_report - WARNING - 🧹 ЛИШНЯЯ ЗАПИСЬ (повышение): message_id=1513860169660895252 (сообщение удалено)
2026-06-20 14:45:39,986 - services.health_report - WARNING - 🧹 ЛИШНЯЯ ЗАПИСЬ (повышение): message_id=1513895367723188395 (сообщение удалено)
2026-06-20 14:45:44,753 - services.health_report - WARNING - 🧹 ЛИШНЯЯ ЗАПИСЬ (повышение): message_id=1513928112021176512 (сообщение удалено)
2026-06-20 14:45:45,049 - services.health_report - WARNING - 🧹 ЛИШНЯЯ ЗАПИСЬ (повышение): message_id=1513983323230441614 (сообщение удалено)
2026-06-20 14:45:45,379 - services.health_report - WARNING - 🧹 ЛИШНЯЯ ЗАПИСЬ (повышение): message_id=1514011874729922711 (сообщение удалено)
2026-06-20 14:45:45,650 - services.health_report - WARNING - 🧹 ЛИШНЯЯ ЗАПИСЬ (повышение): message_id=1514214756377165864 (сообщение удалено)
2026-06-20 14:45:45,919 - services.health_report - WARNING - 🧹 ЛИШНЯЯ ЗАПИСЬ (повышение): message_id=1514236106156150896 (сообщение удалено)
2026-06-20 14:45:46,217 - services.health_report - WARNING - 🧹 ЛИШНЯЯ ЗАПИСЬ (повышение): message_id=1514394405723705414 (сообщение удалено)
2026-06-20 14:45:51,149 - services.health_report - WARNING - 🧹 ЛИШНЯЯ ЗАПИСЬ (повышение): message_id=1514566285978239037 (сообщение удалено)
2026-06-20 14:45:51,465 - services.health_report - WARNING - 🧹 ЛИШНЯЯ ЗАПИСЬ (повышение): message_id=1514683473858924675 (сообщение удалено)
2026-06-20 14:45:51,815 - services.health_report - WARNING - 🧹 ЛИШНЯЯ ЗАПИСЬ (повышение): message_id=1514689730510586137 (сообщение удалено)
2026-06-20 14:45:52,149 - services.health_report - WARNING - 🧹 ЛИШНЯЯ ЗАПИСЬ (повышение): message_id=1514734781055635561 (сообщение удалено)
2026-06-20 14:45:52,462 - services.health_report - WARNING - 🧹 ЛИШНЯЯ ЗАПИСЬ (повышение): message_id=1514749464722800790 (сообщение удалено)
2026-06-20 14:45:52,757 - services.health_report - WARNING - 🧹 ЛИШНЯЯ ЗАПИСЬ (повышение): message_id=1514771546533527633 (сообщение удалено)
2026-06-20 14:45:57,508 - services.health_report - WARNING - 🧹 ЛИШНЯЯ ЗАПИСЬ (повышение): message_id=1514962251084202135 (сообщение удалено)
2026-06-20 14:45:57,794 - services.health_report - WARNING - 🧹 ЛИШНЯЯ ЗАПИСЬ (повышение): message_id=1515078845508620288 (сообщение удалено)
2026-06-20 14:45:58,080 - services.health_report - WARNING - 🧹 ЛИШНЯЯ ЗАПИСЬ (повышение): message_id=1515441527495594004 (сообщение удалено)
2026-06-20 14:45:58,403 - services.health_report - WARNING - 🧹 ЛИШНЯЯ ЗАПИСЬ (повышение): message_id=1515466312967651460 (сообщение удалено)
2026-06-20 14:45:58,669 - services.health_report - WARNING - 🧹 ЛИШНЯЯ ЗАПИСЬ (повышение): message_id=1515779319002169475 (сообщение удалено)
2026-06-20 14:45:58,960 - services.health_report - WARNING - 🧹 ЛИШНЯЯ ЗАПИСЬ (повышение): message_id=1515806228171718717 (сообщение удалено)
2026-06-20 14:46:03,806 - services.health_report - WARNING - 🧹 ЛИШНЯЯ ЗАПИСЬ (повышение): message_id=1515817587278221400 (сообщение удалено)
2026-06-20 14:46:04,158 - services.health_report - WARNING - 🧹 ЛИШНЯЯ ЗАПИСЬ (повышение): message_id=1515822851087798342 (сообщение удалено)
2026-06-20 14:46:04,485 - services.health_report - WARNING - 🧹 ЛИШНЯЯ ЗАПИСЬ (повышение): message_id=1515983272281112667 (сообщение удалено)
2026-06-20 14:46:04,824 - services.health_report - WARNING - 🧹 ЛИШНЯЯ ЗАПИСЬ (повышение): message_id=1516040108397301830 (сообщение удалено)
2026-06-20 14:46:05,154 - services.health_report - WARNING - 🧹 ЛИШНЯЯ ЗАПИСЬ (повышение): message_id=1516052747307319396 (сообщение удалено)
2026-06-20 14:46:05,475 - services.health_report - WARNING - 🧹 ЛИШНЯЯ ЗАПИСЬ (повышение): message_id=1516094665118584884 (сообщение удалено)
2026-06-20 14:46:10,119 - services.health_report - WARNING - 🧹 ЛИШНЯЯ ЗАПИСЬ (повышение): message_id=1516097916941500486 (сообщение удалено)
2026-06-20 14:46:10,392 - services.health_report - WARNING - 🧹 ЛИШНЯЯ ЗАПИСЬ (повышение): message_id=1516122223130181834 (сообщение удалено)
2026-06-20 14:46:11,607 - services.health_report - WARNING - 🧹 ЛИШНЯЯ ЗАПИСЬ (заявка перевод): message_id=1513873970246586538 (сообщение удалено)
2026-06-20 14:46:12,973 - services.health_report - WARNING - 🧹 ЛИШНЯЯ ЗАПИСЬ (заявка перевод): message_id=1514042749236809859 (сообщение удалено)
2026-06-20 14:46:14,225 - services.health_report - WARNING - 🧹 ЛИШНЯЯ ЗАПИСЬ (заявка перевод): message_id=1514209437563355176 (сообщение удалено)
2026-06-20 14:46:15,414 - services.health_report - WARNING - 🧹 ЛИШНЯЯ ЗАПИСЬ (заявка перевод): message_id=1514244852798197841 (сообщение удалено)
2026-06-20 14:46:16,723 - services.health_report - WARNING - 🧹 ЛИШНЯЯ ЗАПИСЬ (заявка перевод): message_id=1514379819171840000 (сообщение удалено)
2026-06-20 14:46:17,990 - services.health_report - WARNING - 🧹 ЛИШНЯЯ ЗАПИСЬ (заявка перевод): message_id=1514388098371289179 (сообщение удалено)
2026-06-20 14:46:19,300 - services.health_report - WARNING - 🧹 ЛИШНЯЯ ЗАПИСЬ (заявка перевод): message_id=1514557713911386164 (сообщение удалено)
2026-06-20 14:46:20,531 - services.health_report - WARNING - 🧹 ЛИШНЯЯ ЗАПИСЬ (заявка перевод): message_id=1514558161875632260 (сообщение удалено)
2026-06-20 14:46:21,711 - services.health_report - WARNING - 🧹 ЛИШНЯЯ ЗАПИСЬ (заявка перевод): message_id=1514684661538885835 (сообщение удалено)
2026-06-20 14:46:22,878 - services.health_report - WARNING - 🧹 ЛИШНЯЯ ЗАПИСЬ (заявка перевод): message_id=1514706501565153483 (сообщение удалено)
2026-06-20 14:46:24,337 - services.health_report - WARNING - 🧹 ЛИШНЯЯ ЗАПИСЬ (заявка перевод): message_id=1514719306624274432 (сообщение удалено)
2026-06-20 14:46:25,533 - services.health_report - WARNING - 🧹 ЛИШНЯЯ ЗАПИСЬ (заявка перевод): message_id=1515064429514068128 (сообщение удалено)
2026-06-20 14:46:26,796 - services.health_report - WARNING - 🧹 ЛИШНЯЯ ЗАПИСЬ (заявка перевод): message_id=1515295155614121994 (сообщение удалено)
2026-06-20 14:46:28,123 - services.health_report - WARNING - 🧹 ЛИШНЯЯ ЗАПИСЬ (заявка перевод): message_id=1515332801962967072 (сообщение удалено)
2026-06-20 14:46:29,370 - services.health_report - WARNING - 🧹 ЛИШНЯЯ ЗАПИСЬ (заявка перевод): message_id=1515635190133690488 (сообщение удалено)
2026-06-20 14:46:30,636 - services.health_report - WARNING - 🧹 ЛИШНЯЯ ЗАПИСЬ (заявка перевод): message_id=1516019436480364605 (сообщение удалено)
2026-06-20 14:46:31,824 - services.health_report - WARNING - 🧹 ЛИШНЯЯ ЗАПИСЬ (заявка перевод): message_id=1516033835614343309 (сообщение удалено)
2026-06-20 14:46:33,009 - services.health_report - WARNING - 🧹 ЛИШНЯЯ ЗАПИСЬ (заявка перевод): message_id=1516046242575290508 (сообщение удалено)
2026-06-20 14:46:33,009 - services.health_report - INFO - 🧹 Проверка лишних записей завершена
2026-06-20 14:46:33,009 - services.health_report - INFO - ======== ОТЧЁТ О СОСТОЯНИИ ГОТОВ ========
2026-06-20 14:46:33,009 - utils.startup_log - INFO -     • Отчёт состояния — выведен выше
2026-06-20 14:46:34,368 - utils.startup_log - INFO -     • Сообщения для рапортов — проверены/созданы
2026-06-20 14:46:34,369 - utils.startup_log - INFO - 
2026-06-20 14:46:34,369 - utils.startup_log - INFO -   ▶ Фоновые задачи
2026-06-20 14:46:34,369 - utils.startup_log - INFO -   ──────────────────────────────────────────────────
2026-06-20 14:46:34,369 - services.worker_queue - INFO - Воркер очереди задач запущен
2026-06-20 14:46:34,369 - events - INFO - Запущена фоновая задача: start_position_checker
2026-06-20 14:46:34,369 - events - INFO - Запущена фоновая задача: warehouse_position_checker
2026-06-20 14:46:34,370 - events - INFO - Запущена фоновая задача: cleanup_manager
2026-06-20 14:46:34,370 - events - INFO - Запущена фоновая задача: apply_grom_position_checker
2026-06-20 14:46:34,370 - events - INFO - Запущена фоновая задача: apply_pps_position_checker
2026-06-20 14:46:34,370 - events - INFO - Запущена фоновая задача: apply_osb_position_checker
2026-06-20 14:46:34,370 - events - INFO - Запущена фоновая задача: apply_orls_position_checker
2026-06-20 14:46:34,370 - events - INFO - Запущена фоновая задача: academy_apply_position_checker
2026-06-20 14:46:34,371 - events - INFO - Запущена фоновая задача: admin_transfer_position_checker
2026-06-20 14:46:34,371 - events - INFO - Запущена фоновая задача: firing_position_checker
2026-06-20 14:46:34,371 - events - INFO - Запущена фоновая задача: promotion_setup_position_check
2026-06-20 14:46:34,416 - services.cleanup - INFO - 🧠 SQLite optimize выполнен
2026-06-20 14:46:34,421 - services.cleanup - INFO - 🧹 Удалено черновиков ППС (старше 14 дней): 3
2026-06-20 14:46:34,422 - services.warehouse_session - INFO - 🧹 WarehouseSession: очищено 94 старых сессий
2026-06-20 14:46:34,422 - services.cleanup - INFO - 🧹 Очищено просроченных сессий склада: 94
2026-06-20 14:46:34,422 - services.cleanup - INFO - 🧹 Периодическая очистка завершена
2026-06-20 14:46:34,422 - utils.startup_log - INFO - 
2026-06-20 14:46:34,423 - utils.startup_log - INFO - ╔══════════════════════════════════════════════════╗
2026-06-20 14:46:34,423 - utils.startup_log - INFO - ║ БОТ ГОТОВ К РАБОТЕ                               ║
2026-06-20 14:46:34,423 - utils.startup_log - INFO - ║                                                  ║
2026-06-20 14:46:34,423 - utils.startup_log - INFO - ║ Помощник#1719                                    ║
2026-06-20 14:46:34,423 - utils.startup_log - INFO - ║ ЧВК Варкин (ID: 1470858553530257473)             ║
2026-06-20 14:46:34,423 - utils.startup_log - INFO - ╚══════════════════════════════════════════════════╝
2026-06-20 14:46:34,423 - utils.startup_log - INFO - 
2026-06-20 14:46:34,423 - utils.startup_log - INFO - done
2026-06-20 14:46:35,035 - services.base_position - INFO - Сообщение не найдено в канале 1471112353184616629 - создаем
2026-06-20 14:46:35,100 - services.base_position - INFO - Сообщение не найдено в канале 1482723021805584605 - создаем
2026-06-20 14:46:35,213 - services.base_position - INFO - Сообщение не найдено в канале 1517834808011657327 - создаем
2026-06-20 14:46:35,223 - services.base_position - INFO - Сообщение не найдено в канале 1517132584142770207 - создаем
2026-06-20 14:46:35,322 - services.base_position - INFO - Сообщение не найдено в канале 1517833889362481182 - создаем
2026-06-20 14:46:35,326 - services.base_position - INFO - Сообщение не найдено в канале 1517833352185380925 - создаем
2026-06-20 14:46:35,337 - services.base_position - INFO - Сообщение не найдено в канале 1517833799818547222 - создаем
2026-06-20 14:46:35,430 - services.base_position - INFO - Сообщение не найдено в канале 1517833579059740682 - создаем
2026-06-20 14:46:35,771 - services.base_position - INFO - 🔄 Сообщение обновлено в канале 1471112353184616629 (msg_id=1517858200404234332)
2026-06-20 14:46:35,919 - services.base_position - INFO - 🔄 Сообщение обновлено в канале 1517834808011657327 (msg_id=1517858200764813505)
2026-06-20 14:46:35,955 - services.base_position - INFO - 🔄 Сообщение обновлено в канале 1482723021805584605 (msg_id=1517858200613945412)
2026-06-20 14:46:36,090 - services.base_position - INFO - 🔄 Сообщение обновлено в канале 1517132584142770207 (msg_id=1517858201201283234)
2026-06-20 14:46:36,147 - services.base_position - INFO - 🔄 Сообщение обновлено в канале 1517833352185380925 (msg_id=1517858201205342334)
2026-06-20 14:46:36,190 - services.base_position - INFO - 🔄 Сообщение обновлено в канале 1517833799818547222 (msg_id=1517858201809195030)
2026-06-20 14:46:36,218 - services.base_position - INFO - 🔄 Сообщение обновлено в канале 1517833579059740682 (msg_id=1517858202018906153)
2026-06-20 14:46:36,245 - services.base_position - INFO - 🔄 Сообщение обновлено в канале 1517833889362481182 (msg_id=1517858201754669127)
2026-06-20 14:47:41,685 - views.warehouse_actions - INFO - Текущая корзина (544908452120494080): []
2026-06-20 14:47:46,661 - views.warehouse_selectors - INFO - Выбран предмет: Аптечка
2026-06-20 14:47:59,953 - services.action_locks - INFO - 🔒 Лок установлен: выдача склада | message_id=1517858541741019137
2026-06-20 14:48:00,777 - services.warehouse_audit - INFO - Аудит: 544908452120494080 выдал 544908452120494080
2026-06-20 14:48:01,131 - services.warehouse_cooldown - INFO - ✅ Кулдаун установлен для 544908452120494080 до 2026-06-20 20:48:01.131900
2026-06-20 14:48:01,546 - views.warehouse_request_buttons - INFO - Склад выдал 544908452120494080 для 544908452120494080 (msg_id=1517858541741019137)
2026-06-20 14:48:01,546 - services.action_locks - INFO - 🔓 Лок снят: выдача склада | message_id=1517858541741019137
2026-06-20 14:48:08,420 - services.base_position - INFO - Сообщение не внизу канала 1471112353184616629 - перемещаем
2026-06-20 14:48:09,614 - services.base_position - INFO - 🔄 Сообщение обновлено в канале 1471112353184616629 (msg_id=1517858593532280845)
2026-06-20 14:51:51,675 - services.action_locks - INFO - 🔒 Лок установлен: подтверждение увольнения | message_id=1517859517151449090
2026-06-20 14:51:58,831 - utils.rate_limiter - ERROR - Нет прав для remove_roles
2026-06-20 14:51:59,315 - services.action_locks - INFO - 🔓 Лок снят: подтверждение увольнения | message_id=1517859517151449090
2026-06-20 14:52:15,860 - services.action_locks - INFO - 🔒 Лок установлен: подтверждение увольнения | message_id=1517859517151449090
2026-06-20 14:52:17,155 - utils.rate_limiter - ERROR - Нет прав для remove_roles
2026-06-20 14:52:17,563 - services.action_locks - INFO - 🔓 Лок снят: подтверждение увольнения | message_id=1517859517151449090
2026-06-20 14:52:33,916 - services.action_locks - INFO - 🔒 Лок установлен: подтверждение увольнения | message_id=1517859517151449090
2026-06-20 14:52:35,955 - utils.rate_limiter - ERROR - Нет прав для edit
2026-06-20 14:52:35,956 - views.firing_view - WARNING - Нет прав на смену ника пользователя 544908452120494080
2026-06-20 14:52:35,956 - services.audit - WARNING - Аудит: AUDIT_FORM_URL не настроен, отправка в форму пропущена
2026-06-20 14:52:38,297 - views.firing_view - INFO - Пользователь 544908452120494080 уволен сотрудником 544908452120494080
2026-06-20 14:52:38,297 - services.action_locks - INFO - 🔓 Лок снят: подтверждение увольнения | message_id=1517859517151449090
2026-06-20 14:52:40,501 - services.base_position - INFO - Сообщение не внизу канала 1517132584142770207 - перемещаем
2026-06-20 14:52:41,697 - services.base_position - INFO - 🔄 Сообщение обновлено в канале 1517132584142770207 (msg_id=1517859734877900834)
2026-06-20 14:53:19,546 - modals.base - INFO - создана новая заявка cadet от 544908452120494080
2026-06-20 14:53:31,116 - services.action_locks - INFO - 🔒 Лок установлен: принятие заявки | message_id=1517859893279981740
2026-06-20 14:53:32,275 - utils.rate_limiter - ERROR - Нет прав для edit
2026-06-20 14:53:32,275 - views.request_view - WARNING - Нет прав на смену ника пользователю 544908452120494080 (роль выше бота или владелец сервера)
2026-06-20 14:53:32,275 - services.audit - WARNING - Аудит: AUDIT_FORM_URL не настроен, отправка в форму пропущена
2026-06-20 14:53:34,115 - services.action_locks - INFO - 🔓 Лок снят: принятие заявки | message_id=1517859893279981740
2026-06-20 14:53:40,996 - services.base_position - INFO - Сообщение не внизу канала 1482723021805584605 - перемещаем
2026-06-20 14:53:42,216 - services.base_position - INFO - 🔄 Сообщение обновлено в канале 1482723021805584605 (msg_id=1517859988377174137)
2026-06-20 14:54:18,776 - modals.admin_transfer_modal - ERROR - Ошибка админ-перевода: 404 Not Found (error code: 10013): Unknown User
Traceback (most recent call last):
  File "C:\Users\lorsw_gl9151b\Desktop\Новая папка\modals\admin_transfer_modal.py", line 64, in on_submit
    member = guild.get_member(target_id) or await guild.fetch_member(target_id)
                                            ^^^^^^^^^^^^^^^^^^^^^^^^^^^^^^^^^^^
  File "C:\Users\lorsw_gl9151b\Desktop\Новая папка\.venv\Lib\site-packages\discord\guild.py", line 2561, in fetch_member
    data = await self._state.http.get_member(self.id, member_id)
           ^^^^^^^^^^^^^^^^^^^^^^^^^^^^^^^^^^^^^^^^^^^^^^^^^^^^^
  File "C:\Users\lorsw_gl9151b\Desktop\Новая папка\.venv\Lib\site-packages\discord\http.py", line 774, in request
    raise NotFound(response, data)
discord.errors.NotFound: 404 Not Found (error code: 10013): Unknown User
2026-06-20 14:55:33,405 - views.training_buttons - INFO - Сообщение экзамена автоудалено (user_id=544908452120494080, timeout=120)
2026-06-20 14:57:06,602 - __main__ - INFO - Остановка бота по запросу пользователя
2026-06-20 14:57:06,603 - services.worker_queue - INFO - Воркер очереди задач остановлен
2026-06-20 14:57:06,603 - services.worker_queue - INFO - Воркер очереди задач остановлен по CancelledError
2026-06-20 14:57:06,603 - services.base_position - INFO - Фоновая проверка позиции остановлена (канал 1482723021805584605)
2026-06-20 14:57:06,603 - services.base_position - INFO - Фоновая проверка позиции остановлена (канал 1471112353184616629)
2026-06-20 14:57:06,603 - services.cleanup - INFO - Фоновая задача очистки остановлена по CancelledError
2026-06-20 14:57:06,603 - services.base_position - INFO - Фоновая проверка позиции остановлена (канал 1517833352185380925)
2026-06-20 14:57:06,603 - services.base_position - INFO - Фоновая проверка позиции остановлена (канал 1517833799818547222)
2026-06-20 14:57:06,604 - services.base_position - INFO - Фоновая проверка позиции остановлена (канал 1517833889362481182)
2026-06-20 14:57:06,604 - services.base_position - INFO - Фоновая проверка позиции остановлена (канал 1517833579059740682)
2026-06-20 14:57:06,604 - services.base_position - INFO - Фоновая проверка позиции остановлена (канал 1503034563184693338)
2026-06-20 14:57:06,604 - services.base_position - INFO - Фоновая проверка позиции остановлена (канал 1517834808011657327)
2026-06-20 14:57:06,604 - services.base_position - INFO - Фоновая проверка позиции остановлена (канал 1517132584142770207)
2026-06-20 14:57:06,604 - events - WARNING - Фоновая задача 'start_position_checker' отменена
2026-06-20 14:57:06,604 - events - WARNING - Фоновая задача 'warehouse_position_checker' отменена
2026-06-20 14:57:06,604 - events - WARNING - Фоновая задача 'cleanup_manager' отменена
2026-06-20 14:57:06,604 - events - WARNING - Фоновая задача 'apply_grom_position_checker' отменена
2026-06-20 14:57:06,605 - events - WARNING - Фоновая задача 'apply_pps_position_checker' отменена
2026-06-20 14:57:06,605 - events - WARNING - Фоновая задача 'apply_osb_position_checker' отменена
2026-06-20 14:57:06,605 - events - WARNING - Фоновая задача 'apply_orls_position_checker' отменена
2026-06-20 14:57:06,605 - events - WARNING - Фоновая задача 'academy_apply_position_checker' отменена
2026-06-20 14:57:06,605 - events - WARNING - Фоновая задача 'admin_transfer_position_checker' отменена
2026-06-20 14:57:06,605 - events - WARNING - Фоновая задача 'firing_position_checker' отменена
2026-06-20 14:57:06,605 - events - WARNING - Фоновая задача 'promotion_setup_position_check' отменена
2026-06-20 14:57:06,643 - __main__ - INFO - Соединение с БД закрыто
2026-06-20 14:57:15,735 - discord.gateway - INFO - Shard ID None has connected to Gateway (Session ID: 29665878e0ba29d98d7a83538e8ed736).
2026-06-20 14:57:17,750 - utils.startup_log - INFO - ╔══════════════════════════════════════════════════╗
2026-06-20 14:57:17,750 - utils.startup_log - INFO - ║ БОТ УВД — ЗАПУСК                                 ║
2026-06-20 14:57:17,750 - utils.startup_log - INFO - ╚══════════════════════════════════════════════════╝
2026-06-20 14:57:17,750 - utils.startup_log - INFO - 
2026-06-20 14:57:17,750 - utils.startup_log - INFO -   ▶ Подключение
2026-06-20 14:57:17,750 - utils.startup_log - INFO -   ──────────────────────────────────────────────────
2026-06-20 14:57:17,750 - utils.startup_log - INFO -     • Бот — Помощник#1719
2026-06-20 14:57:17,751 - utils.startup_log - INFO -     • ID бота — 1508421824227053629
2026-06-20 14:57:17,751 - utils.startup_log - INFO - 
2026-06-20 14:57:17,751 - utils.startup_log - INFO -   ▶ База данных
2026-06-20 14:57:17,751 - utils.startup_log - INFO -   ──────────────────────────────────────────────────
2026-06-20 14:57:17,754 - database - INFO - БД: открыто новое соединение (path=data/bot.db, journal_mode=WAL, foreign_keys=ON)
2026-06-20 14:57:17,757 - utils.startup_log - INFO -     • БД подключена — OK
2026-06-20 14:57:17,759 - services.warehouse_session - INFO - WarehouseSession: загружено 94 сессий из БД
2026-06-20 14:57:17,759 - utils.startup_log - INFO -     • Сессии склада — загружены из БД
2026-06-20 14:57:17,760 - services.warehouse_cooldown - INFO - WarehouseCooldown: загружено 102 записей из БД
2026-06-20 14:57:17,760 - utils.startup_log - INFO -     • Кулдауны склада — загружены из БД
2026-06-20 14:57:17,760 - utils.startup_log - INFO - 
2026-06-20 14:57:17,760 - utils.startup_log - INFO -   ▶ Слэш-команды
2026-06-20 14:57:17,761 - utils.startup_log - INFO -   ──────────────────────────────────────────────────
2026-06-20 14:57:18,035 - utils.startup_log - INFO -     • Синхронизированы — orls_promotion_setup, osb_promotion_setup, grom_promotion_setup, pps_promotion_setup, promotion_setup_all
2026-06-20 14:57:18,035 - utils.startup_log - INFO - 
2026-06-20 14:57:18,035 - utils.startup_log - INFO -   ▶ Восстановление View
2026-06-20 14:57:18,035 - utils.startup_log - INFO -   ──────────────────────────────────────────────────
2026-06-20 14:57:18,035 - services.restore_views - INFO - Восстановление View...
2026-06-20 14:57:18,036 - services.restore_views - INFO - Стартовые View восстановлены
2026-06-20 14:57:18,040 - services.restore_views - INFO - 📦 Загружено из БД: заявок=0, увольнений=0, повышений=0, склад=0, переводы=0
2026-06-20 14:57:18,040 - services.restore_views - INFO - 🔨 Восстановлено кнопок заявок: 0 | удалено из БД: 0 | пропущено: 0
2026-06-20 14:57:18,040 - services.restore_views - INFO - 🔨 Восстановлено кнопок увольнений: 0 | удалено из БД: 0 | пропущено: 0
2026-06-20 14:57:18,040 - services.restore_views - INFO - 🔨 Восстановлено кнопок повышений: 0 | удалено из БД: 0 | пропущено: 0
2026-06-20 14:57:18,040 - services.restore_views - INFO - 🔨 Восстановлено кнопок склада: 0 | удалено из БД: 0 | пропущено: 0
2026-06-20 14:57:18,040 - services.restore_views - INFO - 🔨 Восстановлено кнопок заявок на перевод: 0 | удалено из БД: 0 | пропущено: 0
2026-06-20 14:57:18,041 - services.restore_views - INFO - Восстановление View завершено
2026-06-20 14:57:18,041 - utils.startup_log - INFO -     • View восстановлены — OK
2026-06-20 14:57:18,041 - utils.startup_log - INFO - 
2026-06-20 14:57:18,041 - utils.startup_log - INFO -   ▶ Проверки при запуске
2026-06-20 14:57:18,041 - utils.startup_log - INFO -   ──────────────────────────────────────────────────
2026-06-20 14:57:18,041 - services.startup_checks - INFO - ========== ПРОВЕРКА ПРИ ЗАПУСКЕ ==========
2026-06-20 14:57:18,041 - services.startup_checks - INFO - ✅ Сервер: ЧВК Варкин (ID=1470858553530257473)
2026-06-20 14:57:18,041 - services.startup_checks - INFO - ✅ Бот: Помощник#1719 | верхняя роль='Командир Полка' | позиция=78
2026-06-20 14:57:18,041 - services.startup_checks - INFO - ✅ START_CHANNEL_ID: канал найден и доступен (ID=1482723021805584605)
2026-06-20 14:57:18,041 - services.startup_checks - INFO - ✅ REQUEST_CHANNEL_ID: канал найден и доступен (ID=1482723021805584605)
2026-06-20 14:57:18,042 - services.startup_checks - INFO - ✅ FIRING_CHANNEL_ID: канал найден и доступен (ID=1517132584142770207)
2026-06-20 14:57:18,042 - services.startup_checks - INFO - ✅ WAREHOUSE_REQUEST_CHANNEL_ID: канал найден и доступен (ID=1471112353184616629)
2026-06-20 14:57:18,042 - services.startup_checks - INFO - ✅ WAREHOUSE_AUDIT_CHANNEL_ID: канал найден и доступен (ID=1471947080200356017)
2026-06-20 14:57:18,042 - services.startup_checks - INFO - ✅ ACADEMY_CHANNEL_ID: канал найден и доступен (ID=1503034563184693338)
2026-06-20 14:57:18,042 - services.startup_checks - INFO - ✅ EXAM_CHANNEL_ID: канал найден и доступен (ID=1517849406433529856)
2026-06-20 14:57:18,042 - services.startup_checks - INFO - ✅ CHANNEL_APPLY_GROM: канал найден и доступен (ID=1517833352185380925)
2026-06-20 14:57:18,042 - services.startup_checks - INFO - ✅ CHANNEL_APPLY_PPS: канал найден и доступен (ID=1517833799818547222)
2026-06-20 14:57:18,042 - services.startup_checks - INFO - ✅ CHANNEL_APPLY_OSB: канал найден и доступен (ID=1517833889362481182)
2026-06-20 14:57:18,042 - services.startup_checks - INFO - ✅ CHANNEL_APPLY_ORLS: канал найден и доступен (ID=1517833579059740682)
2026-06-20 14:57:18,043 - services.startup_checks - INFO - ✅ CHANNEL_ADMIN_TRANSFER: канал найден и доступен (ID=1517834808011657327)
2026-06-20 14:57:18,043 - services.startup_checks - INFO - ✅ CHANNEL_CADRE_LOG: канал найден и доступен (ID=1517164403030753331)
2026-06-20 14:57:18,043 - services.startup_checks - INFO - ✅ STAFF_ROLE_ID: роль найдена (ID=1508437640263761952, name='Кадровый отдел')
2026-06-20 14:57:18,044 - services.startup_checks - INFO - ✅ TRANSFER_STAFF_ROLE_ID: роль найдена (ID=1508437640263761952, name='Кадровый отдел')
2026-06-20 14:57:18,044 - services.startup_checks - INFO - ✅ GOV_STAFF_ROLE_ID: роль найдена (ID=1508437640263761952, name='Кадровый отдел')
2026-06-20 14:57:18,044 - services.startup_checks - INFO - ✅ FIRING_STAFF_ROLE_ID: роль найдена (ID=1508437640263761952, name='Кадровый отдел')
2026-06-20 14:57:18,044 - services.startup_checks - INFO - ✅ FIRING_SENIOR_ROLE_ID: роль найдена (ID=1508437640263761952, name='Кадровый отдел')
2026-06-20 14:57:18,044 - services.startup_checks - INFO - ✅ WAREHOUSE_STAFF_ROLE_ID: роль найдена (ID=1508437640263761952, name='Кадровый отдел')
2026-06-20 14:57:18,044 - services.startup_checks - INFO - ✅ FIRED_ROLE_ID: роль найдена (ID=1500219579539128401, name='уволен')
2026-06-20 14:57:18,044 - services.startup_checks - WARNING - ⚠️ ROLES_TO_KEEP_ON_FIRE: список пустой
2026-06-20 14:57:18,045 - services.startup_checks - INFO - ✅ CADET_ROLES_TO_GIVE -> 1517132125504147519: роль найдена (ID=1517132125504147519, name='рядовой')
2026-06-20 14:57:18,045 - services.startup_checks - INFO - ✅ TRANSFER_ROLES_TO_GIVE -> 1483105783179771987: роль найдена (ID=1483105783179771987, name='ЧВК')
2026-06-20 14:57:18,045 - services.startup_checks - INFO - ✅ GOV_ROLE_TO_GIVE: роль найдена (ID=1500213796638298213, name='Гос Служащий')
2026-06-20 14:57:18,045 - services.startup_checks - INFO - ✅ PPS_ROLE_IDS -> 1517184354940485782: роль найдена (ID=1517184354940485782, name='ППС')
2026-06-20 14:57:18,045 - services.startup_checks - INFO - ✅ PPS_ROLE_IDS -> 1483154326829404312: роль найдена (ID=1483154326829404312, name='Ведьма')
2026-06-20 14:57:18,045 - services.startup_checks - INFO - ✅ ROLE_CHIEF_GROM: роль найдена (ID=1483444017520840916, name='Командир СОБР')
2026-06-20 14:57:18,045 - services.startup_checks - INFO - ✅ ROLE_DEPUTY_GROM: роль найдена (ID=1483444111330644099, name='Зам. Ком. СОБР')
2026-06-20 14:57:18,045 - services.startup_checks - INFO - ✅ ROLE_CHIEF_PPS: роль найдена (ID=1483444197527912481, name='Командир АВНГ')
2026-06-20 14:57:18,045 - services.startup_checks - INFO - ✅ ROLE_DEPUTY_PPS: роль найдена (ID=1483444604207501343, name='Зам. ком. УВО')
2026-06-20 14:57:18,045 - services.startup_checks - INFO - ✅ ROLE_CHIEF_OSB: роль найдена (ID=1483444329216348332, name='Начальник ОСБ')
2026-06-20 14:57:18,045 - services.startup_checks - INFO - ✅ ROLE_DEPUTY_OSB: роль найдена (ID=1483444394647486534, name='Зам. Нач. ОСБ')
2026-06-20 14:57:18,045 - services.startup_checks - INFO - ✅ ROLE_CHIEF_ORLS: роль найдена (ID=1483444847250636832, name='Командир УВО')
2026-06-20 14:57:18,046 - services.startup_checks - INFO - ✅ ROLE_DEPUTY_ORLS: роль найдена (ID=1483444604207501343, name='Зам. ком. УВО')
2026-06-20 14:57:18,046 - services.startup_checks - INFO - ✅ ROLE_DEPT_GROM: роль найдена (ID=1483445935739502745, name='СОБР')
2026-06-20 14:57:18,046 - services.startup_checks - INFO - ✅ ROLE_DEPT_PPS: роль найдена (ID=1471110817779810324, name='Рядовой')
2026-06-20 14:57:18,046 - services.startup_checks - INFO - ✅ ROLE_DEPT_OSB: роль найдена (ID=1483445838184185979, name='ОСБ')
2026-06-20 14:57:18,046 - services.startup_checks - INFO - ✅ ROLE_DEPT_ORLS: роль найдена (ID=1471110817779810324, name='Рядовой')
2026-06-20 14:57:18,046 - services.startup_checks - WARNING - ⚠️ ROLE_RANK_GROM: список пустой
2026-06-20 14:57:18,046 - services.startup_checks - INFO - ✅ ROLE_RANK_PPS -> 1487044914624856174: роль найдена (ID=1487044914624856174, name='белая ворона')
2026-06-20 14:57:18,046 - services.startup_checks - INFO - ✅ ROLE_RANK_OSB -> 1471110087107018822: роль найдена (ID=1471110087107018822, name='Шпион')
2026-06-20 14:57:18,046 - services.startup_checks - WARNING - ⚠️ ROLE_RANK_ORLS: список пустой
2026-06-20 14:57:18,046 - services.startup_checks - INFO - ✅ ROLE_ACADEMY: роль найдена (ID=1508437640263761952, name='Кадровый отдел')
2026-06-20 14:57:18,046 - services.startup_checks - INFO - ✅ ROLE_DEPT_ACADEMY: роль найдена (ID=1483446295174582282, name='АВНГ')
2026-06-20 14:57:18,047 - services.startup_checks - INFO - ✅ ROLE_PASSED_ACADEMY: роль найдена (ID=1471114268450623550, name='Ефрейтор')
2026-06-20 14:57:18,047 - services.startup_checks - INFO - ✅ Канал повышений 1471108664457826446: канал найден и доступен (ID=1471108664457826446)
2026-06-20 14:57:18,047 - services.startup_checks - INFO - ✅ Роль кадровика для канала повышений 1471108664457826446: роль найдена (ID=1508437640263761952, name='Кадровый отдел')
2026-06-20 14:57:18,047 - services.startup_checks - INFO - ✅ ALL_RANK_ROLE_IDS -> 1517132125504147519: роль найдена (ID=1517132125504147519, name='рядовой')
2026-06-20 14:57:18,047 - services.startup_checks - INFO - ✅ ALL_RANK_ROLE_IDS -> 1517855095033827428: роль найдена (ID=1517855095033827428, name='младший сержант')
2026-06-20 14:57:18,047 - services.startup_checks - INFO - ✅ ALL_RANK_ROLE_IDS -> 1500207254765437048: роль найдена (ID=1500207254765437048, name='Майор')
2026-06-20 14:57:18,047 - services.startup_checks - ERROR - ❌ RANK_ROLE_MAPPING: роль не найдена для 'Рядовой -> Младший Сержант' (ID=0)
2026-06-20 14:57:18,047 - services.startup_checks - INFO - ✅ Канал рапортов ОРЛС: канал найден и доступен (ID=1517850589852205106)
2026-06-20 14:57:18,047 - services.startup_checks - INFO - ✅ Канал рапортов ОСБ: канал найден и доступен (ID=1517850633502199838)
2026-06-20 14:57:18,047 - services.startup_checks - INFO - ✅ Канал рапортов ГРОМ: канал найден и доступен (ID=1517850560110530581)
2026-06-20 14:57:18,048 - services.startup_checks - INFO - ✅ Канал рапортов ППС: канал найден и доступен (ID=1517850560110530581)
2026-06-20 14:57:18,048 - services.startup_checks - INFO - ✅ У бота есть право 'Управлять ролями'
2026-06-20 14:57:18,048 - services.startup_checks - INFO - ✅ У бота есть право 'Управлять никами'
2026-06-20 14:57:18,048 - services.startup_checks - INFO - ======== ПРОВЕРКА ПРИ ЗАПУСКЕ ЗАВЕРШЕНА ========
2026-06-20 14:57:18,048 - utils.startup_log - INFO -     • Каналы и роли — проверены
2026-06-20 14:57:18,048 - utils.startup_log - INFO - 
2026-06-20 14:57:18,048 - utils.startup_log - INFO -   ▶ Состояние
2026-06-20 14:57:18,048 - utils.startup_log - INFO -   ──────────────────────────────────────────────────
2026-06-20 14:57:18,048 - services.health_report - INFO - ========== ОТЧЁТ О СОСТОЯНИИ ==========
2026-06-20 14:57:18,048 - services.health_report - INFO - 📊 ПАМЯТЬ | заявки=0 | увольнения=0 | повышения=0 | склад=0 | переводы=0 | черновики_ОРЛС=0 ОСБ=0 ГРОМ=0 ППС=0 Акад=0 | сообщ_рапортов=0
2026-06-20 14:57:18,051 - services.health_report - INFO - 🗄️ БАЗА   | заявки=8 | увольнения=38 | повышения=12 | склад=3 | переводы=4
2026-06-20 14:57:18,052 - services.health_report - INFO - 🧹 Проверка осиротевших записей (только проверка=True)...
2026-06-20 14:57:18,352 - services.health_report - WARNING - 🧹 ЛИШНЯЯ ЗАПИСЬ (увольнение): message_id=1515432583754813460 (сообщение удалено)
2026-06-20 14:57:18,643 - services.health_report - WARNING - 🧹 ЛИШНЯЯ ЗАПИСЬ (увольнение): message_id=1515456223699275778 (сообщение удалено)
2026-06-20 14:57:18,929 - services.health_report - WARNING - 🧹 ЛИШНЯЯ ЗАПИСЬ (увольнение): message_id=1515456972412026950 (сообщение удалено)
2026-06-20 14:57:19,217 - services.health_report - WARNING - 🧹 ЛИШНЯЯ ЗАПИСЬ (увольнение): message_id=1515458280456196126 (сообщение удалено)
2026-06-20 14:57:19,518 - services.health_report - WARNING - 🧹 ЛИШНЯЯ ЗАПИСЬ (увольнение): message_id=1515469392010547350 (сообщение удалено)
2026-06-20 14:57:24,380 - services.health_report - WARNING - 🧹 ЛИШНЯЯ ЗАПИСЬ (увольнение): message_id=1515493833436172369 (сообщение удалено)
2026-06-20 14:57:24,761 - services.health_report - WARNING - 🧹 ЛИШНЯЯ ЗАПИСЬ (увольнение): message_id=1515494822079631450 (сообщение удалено)
2026-06-20 14:57:25,052 - services.health_report - WARNING - 🧹 ЛИШНЯЯ ЗАПИСЬ (увольнение): message_id=1515648848419098737 (сообщение удалено)
2026-06-20 14:57:25,343 - services.health_report - WARNING - 🧹 ЛИШНЯЯ ЗАПИСЬ (увольнение): message_id=1515650958481297408 (сообщение удалено)
2026-06-20 14:57:25,622 - services.health_report - WARNING - 🧹 ЛИШНЯЯ ЗАПИСЬ (увольнение): message_id=1515667237967499325 (сообщение удалено)
2026-06-20 14:57:25,922 - services.health_report - WARNING - 🧹 ЛИШНЯЯ ЗАПИСЬ (увольнение): message_id=1515692600248762378 (сообщение удалено)
2026-06-20 14:57:30,763 - services.health_report - WARNING - 🧹 ЛИШНЯЯ ЗАПИСЬ (увольнение): message_id=1515699543361060867 (сообщение удалено)
2026-06-20 14:57:31,111 - services.health_report - WARNING - 🧹 ЛИШНЯЯ ЗАПИСЬ (увольнение): message_id=1515701733739724992 (сообщение удалено)
2026-06-20 14:57:31,385 - services.health_report - WARNING - 🧹 ЛИШНЯЯ ЗАПИСЬ (увольнение): message_id=1515709485493129397 (сообщение удалено)
2026-06-20 14:57:31,662 - services.health_report - WARNING - 🧹 ЛИШНЯЯ ЗАПИСЬ (увольнение): message_id=1515720643268841563 (сообщение удалено)
2026-06-20 14:57:32,098 - services.health_report - WARNING - 🧹 ЛИШНЯЯ ЗАПИСЬ (увольнение): message_id=1515732658825465877 (сообщение удалено)
2026-06-20 14:57:32,383 - services.health_report - WARNING - 🧹 ЛИШНЯЯ ЗАПИСЬ (увольнение): message_id=1515742143115825304 (сообщение удалено)
2026-06-20 14:57:37,080 - services.health_report - WARNING - 🧹 ЛИШНЯЯ ЗАПИСЬ (увольнение): message_id=1515760444458008637 (сообщение удалено)
2026-06-20 14:57:37,376 - services.health_report - WARNING - 🧹 ЛИШНЯЯ ЗАПИСЬ (увольнение): message_id=1515767188261175336 (сообщение удалено)
2026-06-20 14:57:37,695 - services.health_report - WARNING - 🧹 ЛИШНЯЯ ЗАПИСЬ (увольнение): message_id=1515796636750712912 (сообщение удалено)
2026-06-20 14:57:38,037 - services.health_report - WARNING - 🧹 ЛИШНЯЯ ЗАПИСЬ (увольнение): message_id=1515797414982717697 (сообщение удалено)
2026-06-20 14:57:38,327 - services.health_report - WARNING - 🧹 ЛИШНЯЯ ЗАПИСЬ (увольнение): message_id=1515806384296562738 (сообщение удалено)
2026-06-20 14:57:38,621 - services.health_report - WARNING - 🧹 ЛИШНЯЯ ЗАПИСЬ (увольнение): message_id=1515872430890025101 (сообщение удалено)
2026-06-20 14:57:43,390 - services.health_report - WARNING - 🧹 ЛИШНЯЯ ЗАПИСЬ (увольнение): message_id=1515959062016163941 (сообщение удалено)
2026-06-20 14:57:43,680 - services.health_report - WARNING - 🧹 ЛИШНЯЯ ЗАПИСЬ (увольнение): message_id=1515959970049556632 (сообщение удалено)
2026-06-20 14:57:44,003 - services.health_report - WARNING - 🧹 ЛИШНЯЯ ЗАПИСЬ (увольнение): message_id=1515968485094854700 (сообщение удалено)
2026-06-20 14:57:44,294 - services.health_report - WARNING - 🧹 ЛИШНЯЯ ЗАПИСЬ (увольнение): message_id=1515986481909600346 (сообщение удалено)
2026-06-20 14:57:44,597 - services.health_report - WARNING - 🧹 ЛИШНЯЯ ЗАПИСЬ (увольнение): message_id=1515993233690329128 (сообщение удалено)
2026-06-20 14:57:44,867 - services.health_report - WARNING - 🧹 ЛИШНЯЯ ЗАПИСЬ (увольнение): message_id=1516023710165766291 (сообщение удалено)
2026-06-20 14:57:49,679 - services.health_report - WARNING - 🧹 ЛИШНЯЯ ЗАПИСЬ (увольнение): message_id=1516036534128607282 (сообщение удалено)
2026-06-20 14:57:50,145 - services.health_report - WARNING - 🧹 ЛИШНЯЯ ЗАПИСЬ (увольнение): message_id=1516064178916429856 (сообщение удалено)
2026-06-20 14:57:50,445 - services.health_report - WARNING - 🧹 ЛИШНЯЯ ЗАПИСЬ (увольнение): message_id=1516068844425445499 (сообщение удалено)
2026-06-20 14:57:50,737 - services.health_report - WARNING - 🧹 ЛИШНЯЯ ЗАПИСЬ (увольнение): message_id=1516082593425264790 (сообщение удалено)
2026-06-20 14:57:51,022 - services.health_report - WARNING - 🧹 ЛИШНЯЯ ЗАПИСЬ (увольнение): message_id=1516093600453099682 (сообщение удалено)
2026-06-20 14:57:51,299 - services.health_report - WARNING - 🧹 ЛИШНЯЯ ЗАПИСЬ (увольнение): message_id=1516100743902265516 (сообщение удалено)
2026-06-20 14:57:56,163 - services.health_report - WARNING - 🧹 ЛИШНЯЯ ЗАПИСЬ (увольнение): message_id=1516113088200577125 (сообщение удалено)
2026-06-20 14:57:56,524 - services.health_report - WARNING - 🧹 ЛИШНЯЯ ЗАПИСЬ (увольнение): message_id=1516116820401066054 (сообщение удалено)
2026-06-20 14:57:56,845 - services.health_report - WARNING - 🧹 ЛИШНЯЯ ЗАПИСЬ (увольнение): message_id=1516123344918024345 (сообщение удалено)
2026-06-20 14:57:57,163 - services.health_report - WARNING - 🧹 ЛИШНЯЯ ЗАПИСЬ (склад): message_id=1515402802786992148 (сообщение удалено)
2026-06-20 14:57:57,516 - services.health_report - WARNING - 🧹 ЛИШНЯЯ ЗАПИСЬ (склад): message_id=1515801730594508981 (сообщение удалено)
2026-06-20 14:57:57,813 - services.health_report - WARNING - 🧹 ЛИШНЯЯ ЗАПИСЬ (склад): message_id=1516114081881526322 (сообщение удалено)
2026-06-20 14:57:58,109 - services.health_report - WARNING - 🧹 ЛИШНЯЯ ЗАПИСЬ (повышение): message_id=1515441527495594004 (сообщение удалено)
2026-06-20 14:57:58,394 - services.health_report - WARNING - 🧹 ЛИШНЯЯ ЗАПИСЬ (повышение): message_id=1515466312967651460 (сообщение удалено)
2026-06-20 14:57:58,713 - services.health_report - WARNING - 🧹 ЛИШНЯЯ ЗАПИСЬ (повышение): message_id=1515779319002169475 (сообщение удалено)
2026-06-20 14:57:59,003 - services.health_report - WARNING - 🧹 ЛИШНЯЯ ЗАПИСЬ (повышение): message_id=1515806228171718717 (сообщение удалено)
2026-06-20 14:57:59,325 - services.health_report - WARNING - 🧹 ЛИШНЯЯ ЗАПИСЬ (повышение): message_id=1515817587278221400 (сообщение удалено)
2026-06-20 14:58:04,178 - services.health_report - WARNING - 🧹 ЛИШНЯЯ ЗАПИСЬ (повышение): message_id=1515822851087798342 (сообщение удалено)
2026-06-20 14:58:04,509 - services.health_report - WARNING - 🧹 ЛИШНЯЯ ЗАПИСЬ (повышение): message_id=1515983272281112667 (сообщение удалено)
2026-06-20 14:58:04,893 - services.health_report - WARNING - 🧹 ЛИШНЯЯ ЗАПИСЬ (повышение): message_id=1516040108397301830 (сообщение удалено)
2026-06-20 14:58:05,217 - services.health_report - WARNING - 🧹 ЛИШНЯЯ ЗАПИСЬ (повышение): message_id=1516052747307319396 (сообщение удалено)
2026-06-20 14:58:05,513 - services.health_report - WARNING - 🧹 ЛИШНЯЯ ЗАПИСЬ (повышение): message_id=1516094665118584884 (сообщение удалено)
2026-06-20 14:58:05,816 - services.health_report - WARNING - 🧹 ЛИШНЯЯ ЗАПИСЬ (повышение): message_id=1516097916941500486 (сообщение удалено)
2026-06-20 14:58:10,498 - services.health_report - WARNING - 🧹 ЛИШНЯЯ ЗАПИСЬ (повышение): message_id=1516122223130181834 (сообщение удалено)
2026-06-20 14:58:11,883 - services.health_report - WARNING - 🧹 ЛИШНЯЯ ЗАПИСЬ (заявка перевод): message_id=1515635190133690488 (сообщение удалено)
2026-06-20 14:58:13,143 - services.health_report - WARNING - 🧹 ЛИШНЯЯ ЗАПИСЬ (заявка перевод): message_id=1516019436480364605 (сообщение удалено)
2026-06-20 14:58:14,435 - services.health_report - WARNING - 🧹 ЛИШНЯЯ ЗАПИСЬ (заявка перевод): message_id=1516033835614343309 (сообщение удалено)
2026-06-20 14:58:15,674 - services.health_report - WARNING - 🧹 ЛИШНЯЯ ЗАПИСЬ (заявка перевод): message_id=1516046242575290508 (сообщение удалено)
2026-06-20 14:58:15,675 - services.health_report - INFO - 🧹 Проверка лишних записей завершена
2026-06-20 14:58:15,675 - services.health_report - INFO - ======== ОТЧЁТ О СОСТОЯНИИ ГОТОВ ========
2026-06-20 14:58:15,675 - utils.startup_log - INFO -     • Отчёт состояния — выведен выше
2026-06-20 14:58:17,630 - utils.startup_log - INFO -     • Сообщения для рапортов — проверены/созданы
2026-06-20 14:58:17,630 - utils.startup_log - INFO - 
2026-06-20 14:58:17,630 - utils.startup_log - INFO -   ▶ Фоновые задачи
2026-06-20 14:58:17,631 - utils.startup_log - INFO -   ──────────────────────────────────────────────────
2026-06-20 14:58:17,631 - services.worker_queue - INFO - Воркер очереди задач запущен
2026-06-20 14:58:17,631 - events - INFO - Запущена фоновая задача: start_position_checker
2026-06-20 14:58:17,631 - events - INFO - Запущена фоновая задача: warehouse_position_checker
2026-06-20 14:58:17,631 - events - INFO - Запущена фоновая задача: cleanup_manager
2026-06-20 14:58:17,631 - events - INFO - Запущена фоновая задача: apply_grom_position_checker
2026-06-20 14:58:17,631 - events - INFO - Запущена фоновая задача: apply_pps_position_checker
2026-06-20 14:58:17,631 - events - INFO - Запущена фоновая задача: apply_osb_position_checker
2026-06-20 14:58:17,631 - events - INFO - Запущена фоновая задача: apply_orls_position_checker
2026-06-20 14:58:17,631 - events - INFO - Запущена фоновая задача: academy_apply_position_checker
2026-06-20 14:58:17,632 - events - INFO - Запущена фоновая задача: admin_transfer_position_checker
2026-06-20 14:58:17,632 - events - INFO - Запущена фоновая задача: firing_position_checker
2026-06-20 14:58:17,632 - events - INFO - Запущена фоновая задача: promotion_setup_position_check
2026-06-20 14:58:17,635 - services.cleanup - INFO - 🧠 SQLite optimize выполнен
2026-06-20 14:58:17,640 - services.warehouse_session - INFO - 🧹 WarehouseSession: очищено 94 старых сессий
2026-06-20 14:58:17,640 - services.cleanup - INFO - 🧹 Очищено просроченных сессий склада: 94
2026-06-20 14:58:17,640 - services.cleanup - INFO - 🧹 Периодическая очистка завершена
2026-06-20 14:58:17,641 - utils.startup_log - INFO - 
2026-06-20 14:58:17,641 - utils.startup_log - INFO - ╔══════════════════════════════════════════════════╗
2026-06-20 14:58:17,641 - utils.startup_log - INFO - ║ БОТ ГОТОВ К РАБОТЕ                               ║
2026-06-20 14:58:17,641 - utils.startup_log - INFO - ║                                                  ║
2026-06-20 14:58:17,641 - utils.startup_log - INFO - ║ Помощник#1719                                    ║
2026-06-20 14:58:17,641 - utils.startup_log - INFO - ║ ЧВК Варкин (ID: 1470858553530257473)             ║
2026-06-20 14:58:17,641 - utils.startup_log - INFO - ╚══════════════════════════════════════════════════╝
2026-06-20 14:58:17,641 - utils.startup_log - INFO - 
2026-06-20 14:58:17,641 - utils.startup_log - INFO - done
2026-06-20 14:58:53,285 - __main__ - INFO - Остановка бота по запросу пользователя
2026-06-20 14:58:53,285 - services.worker_queue - INFO - Воркер очереди задач остановлен
2026-06-20 14:58:53,285 - services.worker_queue - INFO - Воркер очереди задач остановлен по CancelledError
2026-06-20 14:58:53,285 - services.base_position - INFO - Фоновая проверка позиции остановлена (канал 1482723021805584605)
2026-06-20 14:58:53,286 - services.base_position - INFO - Фоновая проверка позиции остановлена (канал 1471112353184616629)
2026-06-20 14:58:53,286 - services.cleanup - INFO - Фоновая задача очистки остановлена по CancelledError
2026-06-20 14:58:53,286 - services.base_position - INFO - Фоновая проверка позиции остановлена (канал 1517833352185380925)
2026-06-20 14:58:53,286 - services.base_position - INFO - Фоновая проверка позиции остановлена (канал 1517833799818547222)
2026-06-20 14:58:53,286 - services.base_position - INFO - Фоновая проверка позиции остановлена (канал 1517833889362481182)
2026-06-20 14:58:53,286 - services.base_position - INFO - Фоновая проверка позиции остановлена (канал 1517833579059740682)
2026-06-20 14:58:53,286 - services.base_position - INFO - Фоновая проверка позиции остановлена (канал 1503034563184693338)
2026-06-20 14:58:53,286 - services.base_position - INFO - Фоновая проверка позиции остановлена (канал 1517834808011657327)
2026-06-20 14:58:53,286 - services.base_position - INFO - Фоновая проверка позиции остановлена (канал 1517132584142770207)
2026-06-20 14:58:53,287 - events - WARNING - Фоновая задача 'start_position_checker' отменена
2026-06-20 14:58:53,287 - events - WARNING - Фоновая задача 'warehouse_position_checker' отменена
2026-06-20 14:58:53,287 - events - WARNING - Фоновая задача 'cleanup_manager' отменена
2026-06-20 14:58:53,287 - events - WARNING - Фоновая задача 'apply_grom_position_checker' отменена
2026-06-20 14:58:53,287 - events - WARNING - Фоновая задача 'apply_pps_position_checker' отменена
2026-06-20 14:58:53,287 - events - WARNING - Фоновая задача 'apply_osb_position_checker' отменена
2026-06-20 14:58:53,287 - events - WARNING - Фоновая задача 'apply_orls_position_checker' отменена
2026-06-20 14:58:53,287 - events - WARNING - Фоновая задача 'academy_apply_position_checker' отменена
2026-06-20 14:58:53,287 - events - WARNING - Фоновая задача 'admin_transfer_position_checker' отменена
2026-06-20 14:58:53,287 - events - WARNING - Фоновая задача 'firing_position_checker' отменена
2026-06-20 14:58:53,288 - events - WARNING - Фоновая задача 'promotion_setup_position_check' отменена
2026-06-20 14:58:53,289 - __main__ - INFO - Соединение с БД закрыто
2026-06-20 14:58:56,248 - discord.gateway - INFO - Shard ID None has connected to Gateway (Session ID: e3876a37be8bef918199a1d0879c1a98).
2026-06-20 14:58:58,280 - utils.startup_log - INFO - ╔══════════════════════════════════════════════════╗
2026-06-20 14:58:58,280 - utils.startup_log - INFO - ║ БОТ УВД — ЗАПУСК                                 ║
2026-06-20 14:58:58,280 - utils.startup_log - INFO - ╚══════════════════════════════════════════════════╝
2026-06-20 14:58:58,280 - utils.startup_log - INFO - 
2026-06-20 14:58:58,281 - utils.startup_log - INFO -   ▶ Подключение
2026-06-20 14:58:58,281 - utils.startup_log - INFO -   ──────────────────────────────────────────────────
2026-06-20 14:58:58,281 - utils.startup_log - INFO -     • Бот — Помощник#1719
2026-06-20 14:58:58,281 - utils.startup_log - INFO -     • ID бота — 1508421824227053629
2026-06-20 14:58:58,281 - utils.startup_log - INFO - 
2026-06-20 14:58:58,281 - utils.startup_log - INFO -   ▶ База данных
2026-06-20 14:58:58,281 - utils.startup_log - INFO -   ──────────────────────────────────────────────────
2026-06-20 14:58:58,285 - database - INFO - БД: открыто новое соединение (path=data/bot.db, journal_mode=WAL, foreign_keys=ON)
2026-06-20 14:58:58,288 - utils.startup_log - INFO -     • БД подключена — OK
2026-06-20 14:58:58,289 - services.warehouse_session - INFO - WarehouseSession: загружено 94 сессий из БД
2026-06-20 14:58:58,290 - utils.startup_log - INFO -     • Сессии склада — загружены из БД
2026-06-20 14:58:58,290 - services.warehouse_cooldown - INFO - WarehouseCooldown: загружено 102 записей из БД
2026-06-20 14:58:58,290 - utils.startup_log - INFO -     • Кулдауны склада — загружены из БД
2026-06-20 14:58:58,291 - utils.startup_log - INFO - 
2026-06-20 14:58:58,291 - utils.startup_log - INFO -   ▶ Слэш-команды
2026-06-20 14:58:58,291 - utils.startup_log - INFO -   ──────────────────────────────────────────────────
2026-06-20 14:58:58,675 - utils.startup_log - INFO -     • Синхронизированы — orls_promotion_setup, osb_promotion_setup, grom_promotion_setup, pps_promotion_setup, promotion_setup_all
2026-06-20 14:58:58,675 - utils.startup_log - INFO - 
2026-06-20 14:58:58,675 - utils.startup_log - INFO -   ▶ Восстановление View
2026-06-20 14:58:58,675 - utils.startup_log - INFO -   ──────────────────────────────────────────────────
2026-06-20 14:58:58,676 - services.restore_views - INFO - Восстановление View...
2026-06-20 14:58:58,677 - services.restore_views - INFO - Стартовые View восстановлены
2026-06-20 14:58:58,680 - services.restore_views - INFO - 📦 Загружено из БД: заявок=0, увольнений=0, повышений=0, склад=0, переводы=0
2026-06-20 14:58:58,680 - services.restore_views - INFO - 🔨 Восстановлено кнопок заявок: 0 | удалено из БД: 0 | пропущено: 0
2026-06-20 14:58:58,681 - services.restore_views - INFO - 🔨 Восстановлено кнопок увольнений: 0 | удалено из БД: 0 | пропущено: 0
2026-06-20 14:58:58,681 - services.restore_views - INFO - 🔨 Восстановлено кнопок повышений: 0 | удалено из БД: 0 | пропущено: 0
2026-06-20 14:58:58,681 - services.restore_views - INFO - 🔨 Восстановлено кнопок склада: 0 | удалено из БД: 0 | пропущено: 0
2026-06-20 14:58:58,681 - services.restore_views - INFO - 🔨 Восстановлено кнопок заявок на перевод: 0 | удалено из БД: 0 | пропущено: 0
2026-06-20 14:58:58,681 - services.restore_views - INFO - Восстановление View завершено
2026-06-20 14:58:58,681 - utils.startup_log - INFO -     • View восстановлены — OK
2026-06-20 14:58:58,681 - utils.startup_log - INFO - 
2026-06-20 14:58:58,681 - utils.startup_log - INFO -   ▶ Проверки при запуске
2026-06-20 14:58:58,681 - utils.startup_log - INFO -   ──────────────────────────────────────────────────
2026-06-20 14:58:58,681 - services.startup_checks - INFO - ========== ПРОВЕРКА ПРИ ЗАПУСКЕ ==========
2026-06-20 14:58:58,682 - services.startup_checks - INFO - ✅ Сервер: ЧВК Варкин (ID=1470858553530257473)
2026-06-20 14:58:58,682 - services.startup_checks - INFO - ✅ Бот: Помощник#1719 | верхняя роль='Командир Полка' | позиция=78
2026-06-20 14:58:58,682 - services.startup_checks - INFO - ✅ START_CHANNEL_ID: канал найден и доступен (ID=1482723021805584605)
2026-06-20 14:58:58,682 - services.startup_checks - INFO - ✅ REQUEST_CHANNEL_ID: канал найден и доступен (ID=1482723021805584605)
2026-06-20 14:58:58,682 - services.startup_checks - INFO - ✅ FIRING_CHANNEL_ID: канал найден и доступен (ID=1517132584142770207)
2026-06-20 14:58:58,682 - services.startup_checks - INFO - ✅ WAREHOUSE_REQUEST_CHANNEL_ID: канал найден и доступен (ID=1471112353184616629)
2026-06-20 14:58:58,682 - services.startup_checks - INFO - ✅ WAREHOUSE_AUDIT_CHANNEL_ID: канал найден и доступен (ID=1471947080200356017)
2026-06-20 14:58:58,682 - services.startup_checks - INFO - ✅ ACADEMY_CHANNEL_ID: канал найден и доступен (ID=1503034563184693338)
2026-06-20 14:58:58,682 - services.startup_checks - INFO - ✅ EXAM_CHANNEL_ID: канал найден и доступен (ID=1517849406433529856)
2026-06-20 14:58:58,683 - services.startup_checks - INFO - ✅ CHANNEL_APPLY_GROM: канал найден и доступен (ID=1517833352185380925)
2026-06-20 14:58:58,683 - services.startup_checks - INFO - ✅ CHANNEL_APPLY_PPS: канал найден и доступен (ID=1517833799818547222)
2026-06-20 14:58:58,683 - services.startup_checks - INFO - ✅ CHANNEL_APPLY_OSB: канал найден и доступен (ID=1517833889362481182)
2026-06-20 14:58:58,683 - services.startup_checks - INFO - ✅ CHANNEL_APPLY_ORLS: канал найден и доступен (ID=1517833579059740682)
2026-06-20 14:58:58,683 - services.startup_checks - INFO - ✅ CHANNEL_ADMIN_TRANSFER: канал найден и доступен (ID=1517834808011657327)
2026-06-20 14:58:58,683 - services.startup_checks - INFO - ✅ CHANNEL_CADRE_LOG: канал найден и доступен (ID=1517164403030753331)
2026-06-20 14:58:58,683 - services.startup_checks - INFO - ✅ STAFF_ROLE_ID: роль найдена (ID=1508437640263761952, name='Кадровый отдел')
2026-06-20 14:58:58,684 - services.startup_checks - INFO - ✅ TRANSFER_STAFF_ROLE_ID: роль найдена (ID=1508437640263761952, name='Кадровый отдел')
2026-06-20 14:58:58,684 - services.startup_checks - INFO - ✅ GOV_STAFF_ROLE_ID: роль найдена (ID=1508437640263761952, name='Кадровый отдел')
2026-06-20 14:58:58,684 - services.startup_checks - INFO - ✅ FIRING_STAFF_ROLE_ID: роль найдена (ID=1508437640263761952, name='Кадровый отдел')
2026-06-20 14:58:58,685 - services.startup_checks - INFO - ✅ FIRING_SENIOR_ROLE_ID: роль найдена (ID=1508437640263761952, name='Кадровый отдел')
2026-06-20 14:58:58,685 - services.startup_checks - INFO - ✅ WAREHOUSE_STAFF_ROLE_ID: роль найдена (ID=1508437640263761952, name='Кадровый отдел')
2026-06-20 14:58:58,685 - services.startup_checks - INFO - ✅ FIRED_ROLE_ID: роль найдена (ID=1500219579539128401, name='уволен')
2026-06-20 14:58:58,685 - services.startup_checks - WARNING - ⚠️ ROLES_TO_KEEP_ON_FIRE: список пустой
2026-06-20 14:58:58,685 - services.startup_checks - INFO - ✅ CADET_ROLES_TO_GIVE -> 1517132125504147519: роль найдена (ID=1517132125504147519, name='рядовой')
2026-06-20 14:58:58,685 - services.startup_checks - INFO - ✅ TRANSFER_ROLES_TO_GIVE -> 1483105783179771987: роль найдена (ID=1483105783179771987, name='ЧВК')
2026-06-20 14:58:58,685 - services.startup_checks - INFO - ✅ GOV_ROLE_TO_GIVE: роль найдена (ID=1500213796638298213, name='Гос Служащий')
2026-06-20 14:58:58,685 - services.startup_checks - INFO - ✅ PPS_ROLE_IDS -> 1517184354940485782: роль найдена (ID=1517184354940485782, name='ППС')
2026-06-20 14:58:58,685 - services.startup_checks - INFO - ✅ PPS_ROLE_IDS -> 1483154326829404312: роль найдена (ID=1483154326829404312, name='Ведьма')
2026-06-20 14:58:58,685 - services.startup_checks - INFO - ✅ ROLE_CHIEF_GROM: роль найдена (ID=1483444017520840916, name='Командир СОБР')
2026-06-20 14:58:58,685 - services.startup_checks - INFO - ✅ ROLE_DEPUTY_GROM: роль найдена (ID=1483444111330644099, name='Зам. Ком. СОБР')
2026-06-20 14:58:58,685 - services.startup_checks - INFO - ✅ ROLE_CHIEF_PPS: роль найдена (ID=1483444197527912481, name='Командир АВНГ')
2026-06-20 14:58:58,686 - services.startup_checks - INFO - ✅ ROLE_DEPUTY_PPS: роль найдена (ID=1483444604207501343, name='Зам. ком. УВО')
2026-06-20 14:58:58,686 - services.startup_checks - INFO - ✅ ROLE_CHIEF_OSB: роль найдена (ID=1483444329216348332, name='Начальник ОСБ')
2026-06-20 14:58:58,686 - services.startup_checks - INFO - ✅ ROLE_DEPUTY_OSB: роль найдена (ID=1483444394647486534, name='Зам. Нач. ОСБ')
2026-06-20 14:58:58,686 - services.startup_checks - INFO - ✅ ROLE_CHIEF_ORLS: роль найдена (ID=1483444847250636832, name='Командир УВО')
2026-06-20 14:58:58,686 - services.startup_checks - INFO - ✅ ROLE_DEPUTY_ORLS: роль найдена (ID=1483444604207501343, name='Зам. ком. УВО')
2026-06-20 14:58:58,686 - services.startup_checks - INFO - ✅ ROLE_DEPT_GROM: роль найдена (ID=1483445935739502745, name='СОБР')
2026-06-20 14:58:58,686 - services.startup_checks - INFO - ✅ ROLE_DEPT_PPS: роль найдена (ID=1471110817779810324, name='Рядовой')
2026-06-20 14:58:58,686 - services.startup_checks - INFO - ✅ ROLE_DEPT_OSB: роль найдена (ID=1483445838184185979, name='ОСБ')
2026-06-20 14:58:58,686 - services.startup_checks - INFO - ✅ ROLE_DEPT_ORLS: роль найдена (ID=1471110817779810324, name='Рядовой')
2026-06-20 14:58:58,686 - services.startup_checks - WARNING - ⚠️ ROLE_RANK_GROM: список пустой
2026-06-20 14:58:58,687 - services.startup_checks - INFO - ✅ ROLE_RANK_PPS -> 1487044914624856174: роль найдена (ID=1487044914624856174, name='белая ворона')
2026-06-20 14:58:58,687 - services.startup_checks - INFO - ✅ ROLE_RANK_OSB -> 1471110087107018822: роль найдена (ID=1471110087107018822, name='Шпион')
2026-06-20 14:58:58,687 - services.startup_checks - WARNING - ⚠️ ROLE_RANK_ORLS: список пустой
2026-06-20 14:58:58,687 - services.startup_checks - INFO - ✅ ROLE_ACADEMY: роль найдена (ID=1508437640263761952, name='Кадровый отдел')
2026-06-20 14:58:58,687 - services.startup_checks - INFO - ✅ ROLE_DEPT_ACADEMY: роль найдена (ID=1483446295174582282, name='АВНГ')
2026-06-20 14:58:58,687 - services.startup_checks - INFO - ✅ ROLE_PASSED_ACADEMY: роль найдена (ID=1471114268450623550, name='Ефрейтор')
2026-06-20 14:58:58,687 - services.startup_checks - INFO - ✅ Канал повышений 1471108664457826446: канал найден и доступен (ID=1471108664457826446)
2026-06-20 14:58:58,687 - services.startup_checks - INFO - ✅ Роль кадровика для канала повышений 1471108664457826446: роль найдена (ID=1508437640263761952, name='Кадровый отдел')
2026-06-20 14:58:58,687 - services.startup_checks - INFO - ✅ ALL_RANK_ROLE_IDS -> 1517132125504147519: роль найдена (ID=1517132125504147519, name='рядовой')
2026-06-20 14:58:58,687 - services.startup_checks - INFO - ✅ ALL_RANK_ROLE_IDS -> 1517855095033827428: роль найдена (ID=1517855095033827428, name='младший сержант')
2026-06-20 14:58:58,687 - services.startup_checks - INFO - ✅ ALL_RANK_ROLE_IDS -> 1500207254765437048: роль найдена (ID=1500207254765437048, name='Майор')
2026-06-20 14:58:58,688 - services.startup_checks - ERROR - ❌ RANK_ROLE_MAPPING: роль не найдена для 'Рядовой -> Младший Сержант' (ID=0)
2026-06-20 14:58:58,688 - services.startup_checks - INFO - ✅ Канал рапортов ОРЛС: канал найден и доступен (ID=1517850589852205106)
2026-06-20 14:58:58,688 - services.startup_checks - INFO - ✅ Канал рапортов ОСБ: канал найден и доступен (ID=1517850633502199838)
2026-06-20 14:58:58,688 - services.startup_checks - INFO - ✅ Канал рапортов ГРОМ: канал найден и доступен (ID=1517850560110530581)
2026-06-20 14:58:58,688 - services.startup_checks - INFO - ✅ Канал рапортов ППС: канал найден и доступен (ID=1517850560110530581)
2026-06-20 14:58:58,688 - services.startup_checks - INFO - ✅ У бота есть право 'Управлять ролями'
2026-06-20 14:58:58,688 - services.startup_checks - INFO - ✅ У бота есть право 'Управлять никами'
2026-06-20 14:58:58,688 - services.startup_checks - INFO - ======== ПРОВЕРКА ПРИ ЗАПУСКЕ ЗАВЕРШЕНА ========
2026-06-20 14:58:58,688 - utils.startup_log - INFO -     • Каналы и роли — проверены
2026-06-20 14:58:58,688 - utils.startup_log - INFO - 
2026-06-20 14:58:58,689 - utils.startup_log - INFO -   ▶ Состояние
2026-06-20 14:58:58,689 - utils.startup_log - INFO -   ──────────────────────────────────────────────────
2026-06-20 14:58:58,689 - services.health_report - INFO - ========== ОТЧЁТ О СОСТОЯНИИ ==========
2026-06-20 14:58:58,689 - services.health_report - INFO - 📊 ПАМЯТЬ | заявки=0 | увольнения=0 | повышения=0 | склад=0 | переводы=0 | черновики_ОРЛС=0 ОСБ=0 ГРОМ=0 ППС=0 Акад=0 | сообщ_рапортов=0
2026-06-20 14:58:58,692 - services.health_report - INFO - 🗄️ БАЗА   | заявки=8 | увольнения=38 | повышения=12 | склад=3 | переводы=4
2026-06-20 14:58:58,692 - services.health_report - INFO - 🧹 Проверка осиротевших записей (только проверка=True)...
2026-06-20 14:58:58,998 - services.health_report - WARNING - 🧹 ЛИШНЯЯ ЗАПИСЬ (увольнение): message_id=1515432583754813460 (сообщение удалено)
2026-06-20 14:58:59,341 - services.health_report - WARNING - 🧹 ЛИШНЯЯ ЗАПИСЬ (увольнение): message_id=1515456223699275778 (сообщение удалено)
2026-06-20 14:58:59,653 - services.health_report - WARNING - 🧹 ЛИШНЯЯ ЗАПИСЬ (увольнение): message_id=1515456972412026950 (сообщение удалено)
2026-06-20 14:58:59,936 - services.health_report - WARNING - 🧹 ЛИШНЯЯ ЗАПИСЬ (увольнение): message_id=1515458280456196126 (сообщение удалено)
2026-06-20 14:59:00,252 - services.health_report - WARNING - 🧹 ЛИШНЯЯ ЗАПИСЬ (увольнение): message_id=1515469392010547350 (сообщение удалено)
2026-06-20 14:59:05,014 - services.health_report - WARNING - 🧹 ЛИШНЯЯ ЗАПИСЬ (увольнение): message_id=1515493833436172369 (сообщение удалено)
2026-06-20 14:59:05,293 - services.health_report - WARNING - 🧹 ЛИШНЯЯ ЗАПИСЬ (увольнение): message_id=1515494822079631450 (сообщение удалено)
2026-06-20 14:59:05,738 - services.health_report - WARNING - 🧹 ЛИШНЯЯ ЗАПИСЬ (увольнение): message_id=1515648848419098737 (сообщение удалено)
2026-06-20 14:59:06,014 - services.health_report - WARNING - 🧹 ЛИШНЯЯ ЗАПИСЬ (увольнение): message_id=1515650958481297408 (сообщение удалено)
2026-06-20 14:59:06,357 - services.health_report - WARNING - 🧹 ЛИШНЯЯ ЗАПИСЬ (увольнение): message_id=1515667237967499325 (сообщение удалено)
2026-06-20 14:59:06,694 - services.health_report - WARNING - 🧹 ЛИШНЯЯ ЗАПИСЬ (увольнение): message_id=1515692600248762378 (сообщение удалено)
2026-06-20 14:59:11,298 - services.health_report - WARNING - 🧹 ЛИШНЯЯ ЗАПИСЬ (увольнение): message_id=1515699543361060867 (сообщение удалено)
2026-06-20 14:59:11,576 - services.health_report - WARNING - 🧹 ЛИШНЯЯ ЗАПИСЬ (увольнение): message_id=1515701733739724992 (сообщение удалено)
2026-06-20 14:59:11,889 - services.health_report - WARNING - 🧹 ЛИШНЯЯ ЗАПИСЬ (увольнение): message_id=1515709485493129397 (сообщение удалено)
2026-06-20 14:59:12,165 - services.health_report - WARNING - 🧹 ЛИШНЯЯ ЗАПИСЬ (увольнение): message_id=1515720643268841563 (сообщение удалено)
2026-06-20 14:59:12,457 - services.health_report - WARNING - 🧹 ЛИШНЯЯ ЗАПИСЬ (увольнение): message_id=1515732658825465877 (сообщение удалено)
2026-06-20 14:59:12,854 - services.health_report - WARNING - 🧹 ЛИШНЯЯ ЗАПИСЬ (увольнение): message_id=1515742143115825304 (сообщение удалено)
2026-06-20 14:59:17,587 - services.health_report - WARNING - 🧹 ЛИШНЯЯ ЗАПИСЬ (увольнение): message_id=1515760444458008637 (сообщение удалено)
2026-06-20 14:59:17,925 - services.health_report - WARNING - 🧹 ЛИШНЯЯ ЗАПИСЬ (увольнение): message_id=1515767188261175336 (сообщение удалено)
2026-06-20 14:59:18,215 - services.health_report - WARNING - 🧹 ЛИШНЯЯ ЗАПИСЬ (увольнение): message_id=1515796636750712912 (сообщение удалено)
2026-06-20 14:59:18,492 - services.health_report - WARNING - 🧹 ЛИШНЯЯ ЗАПИСЬ (увольнение): message_id=1515797414982717697 (сообщение удалено)
2026-06-20 14:59:18,772 - services.health_report - WARNING - 🧹 ЛИШНЯЯ ЗАПИСЬ (увольнение): message_id=1515806384296562738 (сообщение удалено)
2026-06-20 14:59:19,073 - services.health_report - WARNING - 🧹 ЛИШНЯЯ ЗАПИСЬ (увольнение): message_id=1515872430890025101 (сообщение удалено)
2026-06-20 14:59:23,919 - services.health_report - WARNING - 🧹 ЛИШНЯЯ ЗАПИСЬ (увольнение): message_id=1515959062016163941 (сообщение удалено)
2026-06-20 14:59:24,558 - services.health_report - WARNING - 🧹 ЛИШНЯЯ ЗАПИСЬ (увольнение): message_id=1515959970049556632 (сообщение удалено)
2026-06-20 14:59:24,873 - services.health_report - WARNING - 🧹 ЛИШНЯЯ ЗАПИСЬ (увольнение): message_id=1515968485094854700 (сообщение удалено)
2026-06-20 14:59:25,183 - services.health_report - WARNING - 🧹 ЛИШНЯЯ ЗАПИСЬ (увольнение): message_id=1515986481909600346 (сообщение удалено)
2026-06-20 14:59:25,504 - services.health_report - WARNING - 🧹 ЛИШНЯЯ ЗАПИСЬ (увольнение): message_id=1515993233690329128 (сообщение удалено)
2026-06-20 14:59:25,856 - services.health_report - WARNING - 🧹 ЛИШНЯЯ ЗАПИСЬ (увольнение): message_id=1516023710165766291 (сообщение удалено)
2026-06-20 14:59:30,545 - services.health_report - WARNING - 🧹 ЛИШНЯЯ ЗАПИСЬ (увольнение): message_id=1516036534128607282 (сообщение удалено)
2026-06-20 14:59:30,860 - services.health_report - WARNING - 🧹 ЛИШНЯЯ ЗАПИСЬ (увольнение): message_id=1516064178916429856 (сообщение удалено)
2026-06-20 14:59:31,128 - services.health_report - WARNING - 🧹 ЛИШНЯЯ ЗАПИСЬ (увольнение): message_id=1516068844425445499 (сообщение удалено)
2026-06-20 14:59:31,438 - services.health_report - WARNING - 🧹 ЛИШНЯЯ ЗАПИСЬ (увольнение): message_id=1516082593425264790 (сообщение удалено)
2026-06-20 14:59:31,750 - services.health_report - WARNING - 🧹 ЛИШНЯЯ ЗАПИСЬ (увольнение): message_id=1516093600453099682 (сообщение удалено)
2026-06-20 14:59:32,057 - services.health_report - WARNING - 🧹 ЛИШНЯЯ ЗАПИСЬ (увольнение): message_id=1516100743902265516 (сообщение удалено)
2026-06-20 14:59:36,844 - services.health_report - WARNING - 🧹 ЛИШНЯЯ ЗАПИСЬ (увольнение): message_id=1516113088200577125 (сообщение удалено)
2026-06-20 14:59:37,161 - services.health_report - WARNING - 🧹 ЛИШНЯЯ ЗАПИСЬ (увольнение): message_id=1516116820401066054 (сообщение удалено)
2026-06-20 14:59:37,457 - services.health_report - WARNING - 🧹 ЛИШНЯЯ ЗАПИСЬ (увольнение): message_id=1516123344918024345 (сообщение удалено)
2026-06-20 14:59:37,754 - services.health_report - WARNING - 🧹 ЛИШНЯЯ ЗАПИСЬ (склад): message_id=1515402802786992148 (сообщение удалено)
2026-06-20 14:59:38,082 - services.health_report - WARNING - 🧹 ЛИШНЯЯ ЗАПИСЬ (склад): message_id=1515801730594508981 (сообщение удалено)
2026-06-20 14:59:38,396 - services.health_report - WARNING - 🧹 ЛИШНЯЯ ЗАПИСЬ (склад): message_id=1516114081881526322 (сообщение удалено)
2026-06-20 14:59:38,747 - services.health_report - WARNING - 🧹 ЛИШНЯЯ ЗАПИСЬ (повышение): message_id=1515441527495594004 (сообщение удалено)
2026-06-20 14:59:39,029 - services.health_report - WARNING - 🧹 ЛИШНЯЯ ЗАПИСЬ (повышение): message_id=1515466312967651460 (сообщение удалено)
2026-06-20 14:59:39,361 - services.health_report - WARNING - 🧹 ЛИШНЯЯ ЗАПИСЬ (повышение): message_id=1515779319002169475 (сообщение удалено)
2026-06-20 14:59:39,693 - services.health_report - WARNING - 🧹 ЛИШНЯЯ ЗАПИСЬ (повышение): message_id=1515806228171718717 (сообщение удалено)
2026-06-20 14:59:40,065 - services.health_report - WARNING - 🧹 ЛИШНЯЯ ЗАПИСЬ (повышение): message_id=1515817587278221400 (сообщение удалено)
2026-06-20 14:59:44,726 - services.health_report - WARNING - 🧹 ЛИШНЯЯ ЗАПИСЬ (повышение): message_id=1515822851087798342 (сообщение удалено)
2026-06-20 14:59:45,001 - services.health_report - WARNING - 🧹 ЛИШНЯЯ ЗАПИСЬ (повышение): message_id=1515983272281112667 (сообщение удалено)
2026-06-20 14:59:45,312 - services.health_report - WARNING - 🧹 ЛИШНЯЯ ЗАПИСЬ (повышение): message_id=1516040108397301830 (сообщение удалено)
2026-06-20 14:59:45,674 - services.health_report - WARNING - 🧹 ЛИШНЯЯ ЗАПИСЬ (повышение): message_id=1516052747307319396 (сообщение удалено)
2026-06-20 14:59:46,009 - services.health_report - WARNING - 🧹 ЛИШНЯЯ ЗАПИСЬ (повышение): message_id=1516094665118584884 (сообщение удалено)
2026-06-20 14:59:46,289 - services.health_report - WARNING - 🧹 ЛИШНЯЯ ЗАПИСЬ (повышение): message_id=1516097916941500486 (сообщение удалено)
2026-06-20 14:59:51,015 - services.health_report - WARNING - 🧹 ЛИШНЯЯ ЗАПИСЬ (повышение): message_id=1516122223130181834 (сообщение удалено)
2026-06-20 14:59:52,432 - services.health_report - WARNING - 🧹 ЛИШНЯЯ ЗАПИСЬ (заявка перевод): message_id=1515635190133690488 (сообщение удалено)
2026-06-20 14:59:53,777 - services.health_report - WARNING - 🧹 ЛИШНЯЯ ЗАПИСЬ (заявка перевод): message_id=1516019436480364605 (сообщение удалено)
2026-06-20 14:59:54,927 - services.health_report - WARNING - 🧹 ЛИШНЯЯ ЗАПИСЬ (заявка перевод): message_id=1516033835614343309 (сообщение удалено)
2026-06-20 14:59:56,313 - services.health_report - WARNING - 🧹 ЛИШНЯЯ ЗАПИСЬ (заявка перевод): message_id=1516046242575290508 (сообщение удалено)
2026-06-20 14:59:56,313 - services.health_report - INFO - 🧹 Проверка лишних записей завершена
2026-06-20 14:59:56,314 - services.health_report - INFO - ======== ОТЧЁТ О СОСТОЯНИИ ГОТОВ ========
2026-06-20 14:59:56,314 - utils.startup_log - INFO -     • Отчёт состояния — выведен выше
2026-06-20 14:59:57,889 - utils.startup_log - INFO -     • Сообщения для рапортов — проверены/созданы
2026-06-20 14:59:57,890 - utils.startup_log - INFO - 
2026-06-20 14:59:57,890 - utils.startup_log - INFO -   ▶ Фоновые задачи
2026-06-20 14:59:57,890 - utils.startup_log - INFO -   ──────────────────────────────────────────────────
2026-06-20 14:59:57,890 - services.worker_queue - INFO - Воркер очереди задач запущен
2026-06-20 14:59:57,890 - events - INFO - Запущена фоновая задача: start_position_checker
2026-06-20 14:59:57,890 - events - INFO - Запущена фоновая задача: warehouse_position_checker
2026-06-20 14:59:57,890 - events - INFO - Запущена фоновая задача: cleanup_manager
2026-06-20 14:59:57,890 - events - INFO - Запущена фоновая задача: apply_grom_position_checker
2026-06-20 14:59:57,891 - events - INFO - Запущена фоновая задача: apply_pps_position_checker
2026-06-20 14:59:57,891 - events - INFO - Запущена фоновая задача: apply_osb_position_checker
2026-06-20 14:59:57,891 - events - INFO - Запущена фоновая задача: apply_orls_position_checker
2026-06-20 14:59:57,891 - events - INFO - Запущена фоновая задача: academy_apply_position_checker
2026-06-20 14:59:57,891 - events - INFO - Запущена фоновая задача: admin_transfer_position_checker
2026-06-20 14:59:57,891 - events - INFO - Запущена фоновая задача: firing_position_checker
2026-06-20 14:59:57,891 - events - INFO - Запущена фоновая задача: promotion_setup_position_check
2026-06-20 14:59:57,897 - services.cleanup - INFO - 🧠 SQLite optimize выполнен
2026-06-20 14:59:57,903 - services.warehouse_session - INFO - 🧹 WarehouseSession: очищено 94 старых сессий
2026-06-20 14:59:57,903 - services.cleanup - INFO - 🧹 Очищено просроченных сессий склада: 94
2026-06-20 14:59:57,903 - services.cleanup - INFO - 🧹 Периодическая очистка завершена
2026-06-20 14:59:57,903 - utils.startup_log - INFO - 
2026-06-20 14:59:57,903 - utils.startup_log - INFO - ╔══════════════════════════════════════════════════╗
2026-06-20 14:59:57,903 - utils.startup_log - INFO - ║ БОТ ГОТОВ К РАБОТЕ                               ║
2026-06-20 14:59:57,903 - utils.startup_log - INFO - ║                                                  ║
2026-06-20 14:59:57,904 - utils.startup_log - INFO - ║ Помощник#1719                                    ║
2026-06-20 14:59:57,904 - utils.startup_log - INFO - ║ ЧВК Варкин (ID: 1470858553530257473)             ║
2026-06-20 14:59:57,904 - utils.startup_log - INFO - ╚══════════════════════════════════════════════════╝
2026-06-20 14:59:57,904 - utils.startup_log - INFO - 
2026-06-20 14:59:57,904 - utils.startup_log - INFO - done
2026-06-20 15:01:00,200 - discord.gateway - INFO - Shard ID None has successfully RESUMED session e3876a37be8bef918199a1d0879c1a98.
2026-06-20 15:01:28,023 - __main__ - INFO - Остановка бота по запросу пользователя
2026-06-20 15:01:28,023 - services.worker_queue - INFO - Воркер очереди задач остановлен
2026-06-20 15:01:28,023 - services.worker_queue - INFO - Воркер очереди задач остановлен по CancelledError
2026-06-20 15:01:28,024 - services.base_position - INFO - Фоновая проверка позиции остановлена (канал 1482723021805584605)
2026-06-20 15:01:28,024 - services.base_position - INFO - Фоновая проверка позиции остановлена (канал 1471112353184616629)
2026-06-20 15:01:28,024 - services.cleanup - INFO - Фоновая задача очистки остановлена по CancelledError
2026-06-20 15:01:28,024 - services.base_position - INFO - Фоновая проверка позиции остановлена (канал 1517833352185380925)
2026-06-20 15:01:28,024 - services.base_position - INFO - Фоновая проверка позиции остановлена (канал 1517833799818547222)
2026-06-20 15:01:28,024 - services.base_position - INFO - Фоновая проверка позиции остановлена (канал 1517833889362481182)
2026-06-20 15:01:28,024 - services.base_position - INFO - Фоновая проверка позиции остановлена (канал 1517833579059740682)
2026-06-20 15:01:28,024 - services.base_position - INFO - Фоновая проверка позиции остановлена (канал 1503034563184693338)
2026-06-20 15:01:28,025 - services.base_position - INFO - Фоновая проверка позиции остановлена (канал 1517834808011657327)
2026-06-20 15:01:28,025 - services.base_position - INFO - Фоновая проверка позиции остановлена (канал 1517132584142770207)
2026-06-20 15:01:28,025 - commands.promotion_setup - INFO - Фоновая задача promotion_setup_position_check_loop остановлена по CancelledError
2026-06-20 15:01:28,025 - events - WARNING - Фоновая задача 'start_position_checker' отменена
2026-06-20 15:01:28,025 - events - WARNING - Фоновая задача 'warehouse_position_checker' отменена
2026-06-20 15:01:28,026 - events - WARNING - Фоновая задача 'cleanup_manager' отменена
2026-06-20 15:01:28,026 - events - WARNING - Фоновая задача 'apply_grom_position_checker' отменена
2026-06-20 15:01:28,026 - events - WARNING - Фоновая задача 'apply_pps_position_checker' отменена
2026-06-20 15:01:28,026 - events - WARNING - Фоновая задача 'apply_osb_position_checker' отменена
2026-06-20 15:01:28,026 - events - WARNING - Фоновая задача 'apply_orls_position_checker' отменена
2026-06-20 15:01:28,026 - events - WARNING - Фоновая задача 'academy_apply_position_checker' отменена
2026-06-20 15:01:28,026 - events - WARNING - Фоновая задача 'admin_transfer_position_checker' отменена
2026-06-20 15:01:28,026 - events - WARNING - Фоновая задача 'firing_position_checker' отменена
2026-06-20 15:01:28,026 - events - WARNING - Фоновая задача 'promotion_setup_position_check' отменена
2026-06-20 15:01:28,028 - __main__ - INFO - Соединение с БД закрыто
2026-06-20 15:01:32,969 - discord.gateway - INFO - Shard ID None has connected to Gateway (Session ID: 39078f7860f6ce68f1c88d25c3f25e74).
2026-06-20 15:01:34,992 - utils.startup_log - INFO - ╔══════════════════════════════════════════════════╗
2026-06-20 15:01:34,992 - utils.startup_log - INFO - ║ БОТ УВД — ЗАПУСК                                 ║
2026-06-20 15:01:34,992 - utils.startup_log - INFO - ╚══════════════════════════════════════════════════╝
2026-06-20 15:01:34,992 - utils.startup_log - INFO - 
2026-06-20 15:01:34,993 - utils.startup_log - INFO -   ▶ Подключение
2026-06-20 15:01:34,993 - utils.startup_log - INFO -   ──────────────────────────────────────────────────
2026-06-20 15:01:34,993 - utils.startup_log - INFO -     • Бот — Помощник#1719
2026-06-20 15:01:34,993 - utils.startup_log - INFO -     • ID бота — 1508421824227053629
2026-06-20 15:01:34,993 - utils.startup_log - INFO - 
2026-06-20 15:01:34,993 - utils.startup_log - INFO -   ▶ База данных
2026-06-20 15:01:34,993 - utils.startup_log - INFO -   ──────────────────────────────────────────────────
2026-06-20 15:01:34,997 - database - INFO - БД: открыто новое соединение (path=data/bot.db, journal_mode=WAL, foreign_keys=ON)
2026-06-20 15:01:35,000 - utils.startup_log - INFO -     • БД подключена — OK
2026-06-20 15:01:35,002 - services.warehouse_session - INFO - WarehouseSession: загружено 94 сессий из БД
2026-06-20 15:01:35,002 - utils.startup_log - INFO -     • Сессии склада — загружены из БД
2026-06-20 15:01:35,003 - services.warehouse_cooldown - INFO - WarehouseCooldown: загружено 102 записей из БД
2026-06-20 15:01:35,003 - utils.startup_log - INFO -     • Кулдауны склада — загружены из БД
2026-06-20 15:01:35,003 - utils.startup_log - INFO - 
2026-06-20 15:01:35,003 - utils.startup_log - INFO -   ▶ Слэш-команды
2026-06-20 15:01:35,003 - utils.startup_log - INFO -   ──────────────────────────────────────────────────
2026-06-20 15:01:35,310 - utils.startup_log - INFO -     • Синхронизированы — orls_promotion_setup, osb_promotion_setup, grom_promotion_setup, pps_promotion_setup, promotion_setup_all
2026-06-20 15:01:35,310 - utils.startup_log - INFO - 
2026-06-20 15:01:35,310 - utils.startup_log - INFO -   ▶ Восстановление View
2026-06-20 15:01:35,310 - utils.startup_log - INFO -   ──────────────────────────────────────────────────
2026-06-20 15:01:35,310 - services.restore_views - INFO - Восстановление View...
2026-06-20 15:01:35,311 - services.restore_views - INFO - Стартовые View восстановлены
2026-06-20 15:01:35,315 - services.restore_views - INFO - 📦 Загружено из БД: заявок=0, увольнений=0, повышений=0, склад=0, переводы=0
2026-06-20 15:01:35,315 - services.restore_views - INFO - 🔨 Восстановлено кнопок заявок: 0 | удалено из БД: 0 | пропущено: 0
2026-06-20 15:01:35,315 - services.restore_views - INFO - 🔨 Восстановлено кнопок увольнений: 0 | удалено из БД: 0 | пропущено: 0
2026-06-20 15:01:35,315 - services.restore_views - INFO - 🔨 Восстановлено кнопок повышений: 0 | удалено из БД: 0 | пропущено: 0
2026-06-20 15:01:35,315 - services.restore_views - INFO - 🔨 Восстановлено кнопок склада: 0 | удалено из БД: 0 | пропущено: 0
2026-06-20 15:01:35,315 - services.restore_views - INFO - 🔨 Восстановлено кнопок заявок на перевод: 0 | удалено из БД: 0 | пропущено: 0
2026-06-20 15:01:35,316 - services.restore_views - INFO - Восстановление View завершено
2026-06-20 15:01:35,316 - utils.startup_log - INFO -     • View восстановлены — OK
2026-06-20 15:01:35,316 - utils.startup_log - INFO - 
2026-06-20 15:01:35,316 - utils.startup_log - INFO -   ▶ Проверки при запуске
2026-06-20 15:01:35,316 - utils.startup_log - INFO -   ──────────────────────────────────────────────────
2026-06-20 15:01:35,316 - services.startup_checks - INFO - ========== ПРОВЕРКА ПРИ ЗАПУСКЕ ==========
2026-06-20 15:01:35,316 - services.startup_checks - INFO - ✅ Сервер: ЧВК Варкин (ID=1470858553530257473)
2026-06-20 15:01:35,316 - services.startup_checks - INFO - ✅ Бот: Помощник#1719 | верхняя роль='Командир Полка' | позиция=78
2026-06-20 15:01:35,316 - services.startup_checks - INFO - ✅ START_CHANNEL_ID: канал найден и доступен (ID=1482723021805584605)
2026-06-20 15:01:35,316 - services.startup_checks - INFO - ✅ REQUEST_CHANNEL_ID: канал найден и доступен (ID=1482723021805584605)
2026-06-20 15:01:35,317 - services.startup_checks - INFO - ✅ FIRING_CHANNEL_ID: канал найден и доступен (ID=1517132584142770207)
2026-06-20 15:01:35,317 - services.startup_checks - INFO - ✅ WAREHOUSE_REQUEST_CHANNEL_ID: канал найден и доступен (ID=1471112353184616629)
2026-06-20 15:01:35,317 - services.startup_checks - INFO - ✅ WAREHOUSE_AUDIT_CHANNEL_ID: канал найден и доступен (ID=1471947080200356017)
2026-06-20 15:01:35,317 - services.startup_checks - INFO - ✅ ACADEMY_CHANNEL_ID: канал найден и доступен (ID=1503034563184693338)
2026-06-20 15:01:35,317 - services.startup_checks - INFO - ✅ EXAM_CHANNEL_ID: канал найден и доступен (ID=1517849406433529856)
2026-06-20 15:01:35,317 - services.startup_checks - INFO - ✅ CHANNEL_APPLY_GROM: канал найден и доступен (ID=1517833352185380925)
2026-06-20 15:01:35,317 - services.startup_checks - INFO - ✅ CHANNEL_APPLY_PPS: канал найден и доступен (ID=1517833799818547222)
2026-06-20 15:01:35,317 - services.startup_checks - INFO - ✅ CHANNEL_APPLY_OSB: канал найден и доступен (ID=1517833889362481182)
2026-06-20 15:01:35,318 - services.startup_checks - INFO - ✅ CHANNEL_APPLY_ORLS: канал найден и доступен (ID=1517833579059740682)
2026-06-20 15:01:35,318 - services.startup_checks - INFO - ✅ CHANNEL_ADMIN_TRANSFER: канал найден и доступен (ID=1517834808011657327)
2026-06-20 15:01:35,318 - services.startup_checks - INFO - ✅ CHANNEL_CADRE_LOG: канал найден и доступен (ID=1517164403030753331)
2026-06-20 15:01:35,318 - services.startup_checks - INFO - ✅ STAFF_ROLE_ID: роль найдена (ID=1508437640263761952, name='Кадровый отдел')
2026-06-20 15:01:35,318 - services.startup_checks - INFO - ✅ TRANSFER_STAFF_ROLE_ID: роль найдена (ID=1508437640263761952, name='Кадровый отдел')
2026-06-20 15:01:35,318 - services.startup_checks - INFO - ✅ GOV_STAFF_ROLE_ID: роль найдена (ID=1508437640263761952, name='Кадровый отдел')
2026-06-20 15:01:35,319 - services.startup_checks - INFO - ✅ FIRING_STAFF_ROLE_ID: роль найдена (ID=1508437640263761952, name='Кадровый отдел')
2026-06-20 15:01:35,319 - services.startup_checks - INFO - ✅ FIRING_SENIOR_ROLE_ID: роль найдена (ID=1508437640263761952, name='Кадровый отдел')
2026-06-20 15:01:35,319 - services.startup_checks - INFO - ✅ WAREHOUSE_STAFF_ROLE_ID: роль найдена (ID=1508437640263761952, name='Кадровый отдел')
2026-06-20 15:01:35,319 - services.startup_checks - INFO - ✅ FIRED_ROLE_ID: роль найдена (ID=1500219579539128401, name='уволен')
2026-06-20 15:01:35,319 - services.startup_checks - WARNING - ⚠️ ROLES_TO_KEEP_ON_FIRE: список пустой
2026-06-20 15:01:35,319 - services.startup_checks - INFO - ✅ CADET_ROLES_TO_GIVE -> 1517132125504147519: роль найдена (ID=1517132125504147519, name='рядовой')
2026-06-20 15:01:35,319 - services.startup_checks - INFO - ✅ TRANSFER_ROLES_TO_GIVE -> 1483105783179771987: роль найдена (ID=1483105783179771987, name='ЧВК')
2026-06-20 15:01:35,319 - services.startup_checks - INFO - ✅ GOV_ROLE_TO_GIVE: роль найдена (ID=1500213796638298213, name='Гос Служащий')
2026-06-20 15:01:35,319 - services.startup_checks - INFO - ✅ PPS_ROLE_IDS -> 1517184354940485782: роль найдена (ID=1517184354940485782, name='ППС')
2026-06-20 15:01:35,319 - services.startup_checks - INFO - ✅ PPS_ROLE_IDS -> 1483154326829404312: роль найдена (ID=1483154326829404312, name='Ведьма')
2026-06-20 15:01:35,319 - services.startup_checks - INFO - ✅ ROLE_CHIEF_GROM: роль найдена (ID=1483444017520840916, name='Командир СОБР')
2026-06-20 15:01:35,319 - services.startup_checks - INFO - ✅ ROLE_DEPUTY_GROM: роль найдена (ID=1483444111330644099, name='Зам. Ком. СОБР')
2026-06-20 15:01:35,320 - services.startup_checks - INFO - ✅ ROLE_CHIEF_PPS: роль найдена (ID=1483444197527912481, name='Командир АВНГ')
2026-06-20 15:01:35,320 - services.startup_checks - INFO - ✅ ROLE_DEPUTY_PPS: роль найдена (ID=1483444604207501343, name='Зам. ком. УВО')
2026-06-20 15:01:35,320 - services.startup_checks - INFO - ✅ ROLE_CHIEF_OSB: роль найдена (ID=1483444329216348332, name='Начальник ОСБ')
2026-06-20 15:01:35,320 - services.startup_checks - INFO - ✅ ROLE_DEPUTY_OSB: роль найдена (ID=1483444394647486534, name='Зам. Нач. ОСБ')
2026-06-20 15:01:35,320 - services.startup_checks - INFO - ✅ ROLE_CHIEF_ORLS: роль найдена (ID=1483444847250636832, name='Командир УВО')
2026-06-20 15:01:35,320 - services.startup_checks - INFO - ✅ ROLE_DEPUTY_ORLS: роль найдена (ID=1483444604207501343, name='Зам. ком. УВО')
2026-06-20 15:01:35,320 - services.startup_checks - INFO - ✅ ROLE_DEPT_GROM: роль найдена (ID=1483445935739502745, name='СОБР')
2026-06-20 15:01:35,320 - services.startup_checks - INFO - ✅ ROLE_DEPT_PPS: роль найдена (ID=1471110817779810324, name='Рядовой')
2026-06-20 15:01:35,320 - services.startup_checks - INFO - ✅ ROLE_DEPT_OSB: роль найдена (ID=1483445838184185979, name='ОСБ')
2026-06-20 15:01:35,320 - services.startup_checks - INFO - ✅ ROLE_DEPT_ORLS: роль найдена (ID=1471110817779810324, name='Рядовой')
2026-06-20 15:01:35,320 - services.startup_checks - WARNING - ⚠️ ROLE_RANK_GROM: список пустой
2026-06-20 15:01:35,320 - services.startup_checks - INFO - ✅ ROLE_RANK_PPS -> 1487044914624856174: роль найдена (ID=1487044914624856174, name='белая ворона')
2026-06-20 15:01:35,321 - services.startup_checks - INFO - ✅ ROLE_RANK_OSB -> 1471110087107018822: роль найдена (ID=1471110087107018822, name='Шпион')
2026-06-20 15:01:35,321 - services.startup_checks - WARNING - ⚠️ ROLE_RANK_ORLS: список пустой
2026-06-20 15:01:35,321 - services.startup_checks - INFO - ✅ ROLE_ACADEMY: роль найдена (ID=1508437640263761952, name='Кадровый отдел')
2026-06-20 15:01:35,321 - services.startup_checks - INFO - ✅ ROLE_DEPT_ACADEMY: роль найдена (ID=1483446295174582282, name='АВНГ')
2026-06-20 15:01:35,321 - services.startup_checks - INFO - ✅ ROLE_PASSED_ACADEMY: роль найдена (ID=1471114268450623550, name='Ефрейтор')
2026-06-20 15:01:35,321 - services.startup_checks - INFO - ✅ Канал повышений 1471108664457826446: канал найден и доступен (ID=1471108664457826446)
2026-06-20 15:01:35,321 - services.startup_checks - INFO - ✅ Роль кадровика для канала повышений 1471108664457826446: роль найдена (ID=1508437640263761952, name='Кадровый отдел')
2026-06-20 15:01:35,321 - services.startup_checks - INFO - ✅ ALL_RANK_ROLE_IDS -> 1517132125504147519: роль найдена (ID=1517132125504147519, name='рядовой')
2026-06-20 15:01:35,321 - services.startup_checks - INFO - ✅ ALL_RANK_ROLE_IDS -> 1517855095033827428: роль найдена (ID=1517855095033827428, name='младший сержант')
2026-06-20 15:01:35,321 - services.startup_checks - INFO - ✅ ALL_RANK_ROLE_IDS -> 1500207254765437048: роль найдена (ID=1500207254765437048, name='Майор')
2026-06-20 15:01:35,321 - services.startup_checks - ERROR - ❌ RANK_ROLE_MAPPING: роль не найдена для 'Рядовой -> Младший Сержант' (ID=0)
2026-06-20 15:01:35,322 - services.startup_checks - INFO - ✅ Канал рапортов ОРЛС: канал найден и доступен (ID=1517850589852205106)
2026-06-20 15:01:35,322 - services.startup_checks - INFO - ✅ Канал рапортов ОСБ: канал найден и доступен (ID=1517850633502199838)
2026-06-20 15:01:35,322 - services.startup_checks - INFO - ✅ Канал рапортов ГРОМ: канал найден и доступен (ID=1517850560110530581)
2026-06-20 15:01:35,322 - services.startup_checks - INFO - ✅ Канал рапортов ППС: канал найден и доступен (ID=1517850560110530581)
2026-06-20 15:01:35,322 - services.startup_checks - INFO - ✅ У бота есть право 'Управлять ролями'
2026-06-20 15:01:35,322 - services.startup_checks - INFO - ✅ У бота есть право 'Управлять никами'
2026-06-20 15:01:35,322 - services.startup_checks - INFO - ======== ПРОВЕРКА ПРИ ЗАПУСКЕ ЗАВЕРШЕНА ========
2026-06-20 15:01:35,322 - utils.startup_log - INFO -     • Каналы и роли — проверены
2026-06-20 15:01:35,322 - utils.startup_log - INFO - 
2026-06-20 15:01:35,322 - utils.startup_log - INFO -   ▶ Состояние
2026-06-20 15:01:35,323 - utils.startup_log - INFO -   ──────────────────────────────────────────────────
2026-06-20 15:01:35,323 - services.health_report - INFO - ========== ОТЧЁТ О СОСТОЯНИИ ==========
2026-06-20 15:01:35,323 - services.health_report - INFO - 📊 ПАМЯТЬ | заявки=0 | увольнения=0 | повышения=0 | склад=0 | переводы=0 | черновики_ОРЛС=0 ОСБ=0 ГРОМ=0 ППС=0 Акад=0 | сообщ_рапортов=0
2026-06-20 15:01:35,326 - services.health_report - INFO - 🗄️ БАЗА   | заявки=8 | увольнения=38 | повышения=12 | склад=3 | переводы=4
2026-06-20 15:01:35,326 - services.health_report - INFO - 🧹 Проверка осиротевших записей (только проверка=True)...
2026-06-20 15:01:35,679 - services.health_report - WARNING - 🧹 ЛИШНЯЯ ЗАПИСЬ (увольнение): message_id=1515432583754813460 (сообщение удалено)
2026-06-20 15:01:36,191 - services.health_report - WARNING - 🧹 ЛИШНЯЯ ЗАПИСЬ (увольнение): message_id=1515456223699275778 (сообщение удалено)
2026-06-20 15:01:36,550 - services.health_report - WARNING - 🧹 ЛИШНЯЯ ЗАПИСЬ (увольнение): message_id=1515456972412026950 (сообщение удалено)
2026-06-20 15:01:36,887 - services.health_report - WARNING - 🧹 ЛИШНЯЯ ЗАПИСЬ (увольнение): message_id=1515458280456196126 (сообщение удалено)
2026-06-20 15:01:37,183 - services.health_report - WARNING - 🧹 ЛИШНЯЯ ЗАПИСЬ (увольнение): message_id=1515469392010547350 (сообщение удалено)
2026-06-20 15:01:41,670 - services.health_report - WARNING - 🧹 ЛИШНЯЯ ЗАПИСЬ (увольнение): message_id=1515493833436172369 (сообщение удалено)
2026-06-20 15:01:42,014 - services.health_report - WARNING - 🧹 ЛИШНЯЯ ЗАПИСЬ (увольнение): message_id=1515494822079631450 (сообщение удалено)
2026-06-20 15:01:42,399 - services.health_report - WARNING - 🧹 ЛИШНЯЯ ЗАПИСЬ (увольнение): message_id=1515648848419098737 (сообщение удалено)
2026-06-20 15:01:42,713 - services.health_report - WARNING - 🧹 ЛИШНЯЯ ЗАПИСЬ (увольнение): message_id=1515650958481297408 (сообщение удалено)
2026-06-20 15:01:43,037 - services.health_report - WARNING - 🧹 ЛИШНЯЯ ЗАПИСЬ (увольнение): message_id=1515667237967499325 (сообщение удалено)
2026-06-20 15:01:43,333 - services.health_report - WARNING - 🧹 ЛИШНЯЯ ЗАПИСЬ (увольнение): message_id=1515692600248762378 (сообщение удалено)
2026-06-20 15:01:48,011 - services.health_report - WARNING - 🧹 ЛИШНЯЯ ЗАПИСЬ (увольнение): message_id=1515699543361060867 (сообщение удалено)
2026-06-20 15:01:48,300 - services.health_report - WARNING - 🧹 ЛИШНЯЯ ЗАПИСЬ (увольнение): message_id=1515701733739724992 (сообщение удалено)
2026-06-20 15:01:48,607 - services.health_report - WARNING - 🧹 ЛИШНЯЯ ЗАПИСЬ (увольнение): message_id=1515709485493129397 (сообщение удалено)
2026-06-20 15:01:49,007 - services.health_report - WARNING - 🧹 ЛИШНЯЯ ЗАПИСЬ (увольнение): message_id=1515720643268841563 (сообщение удалено)
2026-06-20 15:01:49,275 - services.health_report - WARNING - 🧹 ЛИШНЯЯ ЗАПИСЬ (увольнение): message_id=1515732658825465877 (сообщение удалено)
2026-06-20 15:01:49,567 - services.health_report - WARNING - 🧹 ЛИШНЯЯ ЗАПИСЬ (увольнение): message_id=1515742143115825304 (сообщение удалено)
2026-06-20 15:01:54,361 - services.health_report - WARNING - 🧹 ЛИШНЯЯ ЗАПИСЬ (увольнение): message_id=1515760444458008637 (сообщение удалено)
2026-06-20 15:01:54,657 - services.health_report - WARNING - 🧹 ЛИШНЯЯ ЗАПИСЬ (увольнение): message_id=1515767188261175336 (сообщение удалено)
2026-06-20 15:01:54,972 - services.health_report - WARNING - 🧹 ЛИШНЯЯ ЗАПИСЬ (увольнение): message_id=1515796636750712912 (сообщение удалено)
2026-06-20 15:01:55,377 - services.health_report - WARNING - 🧹 ЛИШНЯЯ ЗАПИСЬ (увольнение): message_id=1515797414982717697 (сообщение удалено)
2026-06-20 15:01:55,806 - services.health_report - WARNING - 🧹 ЛИШНЯЯ ЗАПИСЬ (увольнение): message_id=1515806384296562738 (сообщение удалено)
2026-06-20 15:01:56,157 - services.health_report - WARNING - 🧹 ЛИШНЯЯ ЗАПИСЬ (увольнение): message_id=1515872430890025101 (сообщение удалено)
2026-06-20 15:02:00,686 - services.health_report - WARNING - 🧹 ЛИШНЯЯ ЗАПИСЬ (увольнение): message_id=1515959062016163941 (сообщение удалено)
2026-06-20 15:02:01,019 - services.health_report - WARNING - 🧹 ЛИШНЯЯ ЗАПИСЬ (увольнение): message_id=1515959970049556632 (сообщение удалено)
2026-06-20 15:02:01,346 - services.health_report - WARNING - 🧹 ЛИШНЯЯ ЗАПИСЬ (увольнение): message_id=1515968485094854700 (сообщение удалено)
2026-06-20 15:02:01,685 - services.health_report - WARNING - 🧹 ЛИШНЯЯ ЗАПИСЬ (увольнение): message_id=1515986481909600346 (сообщение удалено)
2026-06-20 15:02:01,991 - services.health_report - WARNING - 🧹 ЛИШНЯЯ ЗАПИСЬ (увольнение): message_id=1515993233690329128 (сообщение удалено)
2026-06-20 15:02:02,278 - services.health_report - WARNING - 🧹 ЛИШНЯЯ ЗАПИСЬ (увольнение): message_id=1516023710165766291 (сообщение удалено)
2026-06-20 15:02:07,052 - services.health_report - WARNING - 🧹 ЛИШНЯЯ ЗАПИСЬ (увольнение): message_id=1516036534128607282 (сообщение удалено)
2026-06-20 15:02:07,383 - services.health_report - WARNING - 🧹 ЛИШНЯЯ ЗАПИСЬ (увольнение): message_id=1516064178916429856 (сообщение удалено)
2026-06-20 15:02:07,671 - services.health_report - WARNING - 🧹 ЛИШНЯЯ ЗАПИСЬ (увольнение): message_id=1516068844425445499 (сообщение удалено)
2026-06-20 15:02:07,995 - services.health_report - WARNING - 🧹 ЛИШНЯЯ ЗАПИСЬ (увольнение): message_id=1516082593425264790 (сообщение удалено)
2026-06-20 15:02:08,327 - services.health_report - WARNING - 🧹 ЛИШНЯЯ ЗАПИСЬ (увольнение): message_id=1516093600453099682 (сообщение удалено)
2026-06-20 15:02:08,703 - services.health_report - WARNING - 🧹 ЛИШНЯЯ ЗАПИСЬ (увольнение): message_id=1516100743902265516 (сообщение удалено)
2026-06-20 15:02:13,388 - services.health_report - WARNING - 🧹 ЛИШНЯЯ ЗАПИСЬ (увольнение): message_id=1516113088200577125 (сообщение удалено)
2026-06-20 15:02:13,705 - services.health_report - WARNING - 🧹 ЛИШНЯЯ ЗАПИСЬ (увольнение): message_id=1516116820401066054 (сообщение удалено)
2026-06-20 15:02:14,033 - services.health_report - WARNING - 🧹 ЛИШНЯЯ ЗАПИСЬ (увольнение): message_id=1516123344918024345 (сообщение удалено)
2026-06-20 15:02:14,346 - services.health_report - WARNING - 🧹 ЛИШНЯЯ ЗАПИСЬ (склад): message_id=1515402802786992148 (сообщение удалено)
2026-06-20 15:02:14,628 - services.health_report - WARNING - 🧹 ЛИШНЯЯ ЗАПИСЬ (склад): message_id=1515801730594508981 (сообщение удалено)
2026-06-20 15:02:14,947 - services.health_report - WARNING - 🧹 ЛИШНЯЯ ЗАПИСЬ (склад): message_id=1516114081881526322 (сообщение удалено)
2026-06-20 15:02:15,238 - services.health_report - WARNING - 🧹 ЛИШНЯЯ ЗАПИСЬ (повышение): message_id=1515441527495594004 (сообщение удалено)
2026-06-20 15:02:15,777 - services.health_report - WARNING - 🧹 ЛИШНЯЯ ЗАПИСЬ (повышение): message_id=1515466312967651460 (сообщение удалено)
2026-06-20 15:02:16,048 - services.health_report - WARNING - 🧹 ЛИШНЯЯ ЗАПИСЬ (повышение): message_id=1515779319002169475 (сообщение удалено)
2026-06-20 15:02:16,387 - services.health_report - WARNING - 🧹 ЛИШНЯЯ ЗАПИСЬ (повышение): message_id=1515806228171718717 (сообщение удалено)
2026-06-20 15:02:16,691 - services.health_report - WARNING - 🧹 ЛИШНЯЯ ЗАПИСЬ (повышение): message_id=1515817587278221400 (сообщение удалено)
2026-06-20 15:02:21,272 - services.health_report - WARNING - 🧹 ЛИШНЯЯ ЗАПИСЬ (повышение): message_id=1515822851087798342 (сообщение удалено)
2026-06-20 15:02:21,568 - services.health_report - WARNING - 🧹 ЛИШНЯЯ ЗАПИСЬ (повышение): message_id=1515983272281112667 (сообщение удалено)
2026-06-20 15:02:21,869 - services.health_report - WARNING - 🧹 ЛИШНЯЯ ЗАПИСЬ (повышение): message_id=1516040108397301830 (сообщение удалено)
2026-06-20 15:02:22,175 - services.health_report - WARNING - 🧹 ЛИШНЯЯ ЗАПИСЬ (повышение): message_id=1516052747307319396 (сообщение удалено)
2026-06-20 15:02:22,484 - services.health_report - WARNING - 🧹 ЛИШНЯЯ ЗАПИСЬ (повышение): message_id=1516094665118584884 (сообщение удалено)
2026-06-20 15:02:22,832 - services.health_report - WARNING - 🧹 ЛИШНЯЯ ЗАПИСЬ (повышение): message_id=1516097916941500486 (сообщение удалено)
2026-06-20 15:02:27,580 - services.health_report - WARNING - 🧹 ЛИШНЯЯ ЗАПИСЬ (повышение): message_id=1516122223130181834 (сообщение удалено)
2026-06-20 15:02:28,887 - services.health_report - WARNING - 🧹 ЛИШНЯЯ ЗАПИСЬ (заявка перевод): message_id=1515635190133690488 (сообщение удалено)
2026-06-20 15:02:30,188 - services.health_report - WARNING - 🧹 ЛИШНЯЯ ЗАПИСЬ (заявка перевод): message_id=1516019436480364605 (сообщение удалено)
2026-06-20 15:02:31,692 - services.health_report - WARNING - 🧹 ЛИШНЯЯ ЗАПИСЬ (заявка перевод): message_id=1516033835614343309 (сообщение удалено)
2026-06-20 15:02:32,933 - services.health_report - WARNING - 🧹 ЛИШНЯЯ ЗАПИСЬ (заявка перевод): message_id=1516046242575290508 (сообщение удалено)
2026-06-20 15:02:32,934 - services.health_report - INFO - 🧹 Проверка лишних записей завершена
2026-06-20 15:02:32,934 - services.health_report - INFO - ======== ОТЧЁТ О СОСТОЯНИИ ГОТОВ ========
2026-06-20 15:02:32,934 - utils.startup_log - INFO -     • Отчёт состояния — выведен выше
2026-06-20 15:02:34,288 - utils.startup_log - INFO -     • Сообщения для рапортов — проверены/созданы
2026-06-20 15:02:34,289 - utils.startup_log - INFO - 
2026-06-20 15:02:34,289 - utils.startup_log - INFO -   ▶ Фоновые задачи
2026-06-20 15:02:34,289 - utils.startup_log - INFO -   ──────────────────────────────────────────────────
2026-06-20 15:02:34,289 - services.worker_queue - INFO - Воркер очереди задач запущен
2026-06-20 15:02:34,289 - events - INFO - Запущена фоновая задача: start_position_checker
2026-06-20 15:02:34,289 - events - INFO - Запущена фоновая задача: warehouse_position_checker
2026-06-20 15:02:34,289 - events - INFO - Запущена фоновая задача: cleanup_manager
2026-06-20 15:02:34,289 - events - INFO - Запущена фоновая задача: apply_grom_position_checker
2026-06-20 15:02:34,289 - events - INFO - Запущена фоновая задача: apply_pps_position_checker
2026-06-20 15:02:34,289 - events - INFO - Запущена фоновая задача: apply_osb_position_checker
2026-06-20 15:02:34,290 - events - INFO - Запущена фоновая задача: apply_orls_position_checker
2026-06-20 15:02:34,290 - events - INFO - Запущена фоновая задача: academy_apply_position_checker
2026-06-20 15:02:34,290 - events - INFO - Запущена фоновая задача: admin_transfer_position_checker
2026-06-20 15:02:34,290 - events - INFO - Запущена фоновая задача: firing_position_checker
2026-06-20 15:02:34,290 - events - INFO - Запущена фоновая задача: promotion_setup_position_check
2026-06-20 15:02:34,294 - services.cleanup - INFO - 🧠 SQLite optimize выполнен
2026-06-20 15:02:34,299 - services.warehouse_session - INFO - 🧹 WarehouseSession: очищено 94 старых сессий
2026-06-20 15:02:34,299 - services.cleanup - INFO - 🧹 Очищено просроченных сессий склада: 94
2026-06-20 15:02:34,299 - services.cleanup - INFO - 🧹 Периодическая очистка завершена
2026-06-20 15:02:34,299 - utils.startup_log - INFO - 
2026-06-20 15:02:34,299 - utils.startup_log - INFO - ╔══════════════════════════════════════════════════╗
2026-06-20 15:02:34,299 - utils.startup_log - INFO - ║ БОТ ГОТОВ К РАБОТЕ                               ║
2026-06-20 15:02:34,299 - utils.startup_log - INFO - ║                                                  ║
2026-06-20 15:02:34,300 - utils.startup_log - INFO - ║ Помощник#1719                                    ║
2026-06-20 15:02:34,300 - utils.startup_log - INFO - ║ ЧВК Варкин (ID: 1470858553530257473)             ║
2026-06-20 15:02:34,300 - utils.startup_log - INFO - ╚══════════════════════════════════════════════════╝
2026-06-20 15:02:34,300 - utils.startup_log - INFO - 
2026-06-20 15:02:34,300 - utils.startup_log - INFO - done
2026-06-20 15:02:35,185 - services.base_position - INFO - Сообщение не найдено в канале 1517833889362481182 - создаем
2026-06-20 15:02:35,950 - services.base_position - INFO - 🔄 Сообщение обновлено в канале 1517833889362481182 (msg_id=1517862227611488478)
2026-06-20 15:07:00,890 - discord.gateway - INFO - Shard ID None has successfully RESUMED session 39078f7860f6ce68f1c88d25c3f25e74.
2026-06-20 15:22:34,950 - __main__ - INFO - Остановка бота по запросу пользователя
2026-06-20 15:22:34,950 - services.worker_queue - INFO - Воркер очереди задач остановлен
2026-06-20 15:22:34,950 - services.worker_queue - INFO - Воркер очереди задач остановлен по CancelledError
2026-06-20 15:22:34,950 - services.base_position - INFO - Фоновая проверка позиции остановлена (канал 1482723021805584605)
2026-06-20 15:22:34,950 - services.cleanup - INFO - Фоновая задача очистки остановлена по CancelledError
2026-06-20 15:22:34,951 - services.base_position - INFO - Фоновая проверка позиции остановлена (канал 1517833352185380925)
2026-06-20 15:22:34,951 - services.base_position - INFO - Фоновая проверка позиции остановлена (канал 1517833799818547222)
2026-06-20 15:22:34,951 - services.base_position - INFO - Фоновая проверка позиции остановлена (канал 1517833889362481182)
2026-06-20 15:22:34,951 - services.base_position - INFO - Фоновая проверка позиции остановлена (канал 1517833579059740682)
2026-06-20 15:22:34,951 - services.base_position - INFO - Фоновая проверка позиции остановлена (канал 1503034563184693338)
2026-06-20 15:22:34,951 - services.base_position - INFO - Фоновая проверка позиции остановлена (канал 1517834808011657327)
2026-06-20 15:22:34,951 - services.base_position - INFO - Фоновая проверка позиции остановлена (канал 1517132584142770207)
2026-06-20 15:22:34,951 - events - WARNING - Фоновая задача 'start_position_checker' отменена
2026-06-20 15:22:34,952 - events - WARNING - Фоновая задача 'cleanup_manager' отменена
2026-06-20 15:22:34,952 - events - WARNING - Фоновая задача 'apply_grom_position_checker' отменена
2026-06-20 15:22:34,952 - events - WARNING - Фоновая задача 'apply_pps_position_checker' отменена
2026-06-20 15:22:34,952 - events - WARNING - Фоновая задача 'apply_osb_position_checker' отменена
2026-06-20 15:22:34,952 - events - WARNING - Фоновая задача 'apply_orls_position_checker' отменена
2026-06-20 15:22:34,952 - events - WARNING - Фоновая задача 'academy_apply_position_checker' отменена
2026-06-20 15:22:34,952 - events - WARNING - Фоновая задача 'admin_transfer_position_checker' отменена
2026-06-20 15:22:34,952 - events - WARNING - Фоновая задача 'firing_position_checker' отменена
2026-06-20 15:22:34,952 - events - WARNING - Фоновая задача 'promotion_setup_position_check' отменена
2026-06-20 15:22:34,952 - services.base_position - INFO - Фоновая проверка позиции остановлена (канал 1471112353184616629)
2026-06-20 15:22:34,953 - events - WARNING - Фоновая задача 'warehouse_position_checker' отменена
2026-06-20 15:22:34,954 - __main__ - INFO - Соединение с БД закрыто
2026-06-20 15:22:37,782 - discord.gateway - INFO - Shard ID None has connected to Gateway (Session ID: f57fe54def7d7cc645a349d3851627ed).
2026-06-20 15:22:39,817 - utils.startup_log - INFO - ╔══════════════════════════════════════════════════╗
2026-06-20 15:22:39,818 - utils.startup_log - INFO - ║ БОТ УВД — ЗАПУСК                                 ║
2026-06-20 15:22:39,818 - utils.startup_log - INFO - ╚══════════════════════════════════════════════════╝
2026-06-20 15:22:39,818 - utils.startup_log - INFO - 
2026-06-20 15:22:39,818 - utils.startup_log - INFO -   ▶ Подключение
2026-06-20 15:22:39,818 - utils.startup_log - INFO -   ──────────────────────────────────────────────────
2026-06-20 15:22:39,818 - utils.startup_log - INFO -     • Бот — Помощник#1719
2026-06-20 15:22:39,818 - utils.startup_log - INFO -     • ID бота — 1508421824227053629
2026-06-20 15:22:39,818 - utils.startup_log - INFO - 
2026-06-20 15:22:39,819 - utils.startup_log - INFO -   ▶ База данных
2026-06-20 15:22:39,819 - utils.startup_log - INFO -   ──────────────────────────────────────────────────
2026-06-20 15:22:39,822 - database - INFO - БД: открыто новое соединение (path=data/bot.db, journal_mode=WAL, foreign_keys=ON)
2026-06-20 15:22:39,825 - utils.startup_log - INFO -     • БД подключена — OK
2026-06-20 15:22:39,827 - services.warehouse_session - INFO - WarehouseSession: загружено 94 сессий из БД
2026-06-20 15:22:39,827 - utils.startup_log - INFO -     • Сессии склада — загружены из БД
2026-06-20 15:22:39,827 - services.warehouse_cooldown - INFO - WarehouseCooldown: загружено 102 записей из БД
2026-06-20 15:22:39,827 - utils.startup_log - INFO -     • Кулдауны склада — загружены из БД
2026-06-20 15:22:39,828 - utils.startup_log - INFO - 
2026-06-20 15:22:39,828 - utils.startup_log - INFO -   ▶ Слэш-команды
2026-06-20 15:22:39,828 - utils.startup_log - INFO -   ──────────────────────────────────────────────────
2026-06-20 15:22:40,098 - utils.startup_log - INFO -     • Синхронизированы — orls_promotion_setup, osb_promotion_setup, grom_promotion_setup, pps_promotion_setup, promotion_setup_all
2026-06-20 15:22:40,098 - utils.startup_log - INFO - 
2026-06-20 15:22:40,098 - utils.startup_log - INFO -   ▶ Восстановление View
2026-06-20 15:22:40,098 - utils.startup_log - INFO -   ──────────────────────────────────────────────────
2026-06-20 15:22:40,099 - services.restore_views - INFO - Восстановление View...
2026-06-20 15:22:40,100 - services.restore_views - INFO - Стартовые View восстановлены
2026-06-20 15:22:40,103 - services.restore_views - INFO - 📦 Загружено из БД: заявок=0, увольнений=0, повышений=0, склад=0, переводы=0
2026-06-20 15:22:40,104 - services.restore_views - INFO - 🔨 Восстановлено кнопок заявок: 0 | удалено из БД: 0 | пропущено: 0
2026-06-20 15:22:40,104 - services.restore_views - INFO - 🔨 Восстановлено кнопок увольнений: 0 | удалено из БД: 0 | пропущено: 0
2026-06-20 15:22:40,104 - services.restore_views - INFO - 🔨 Восстановлено кнопок повышений: 0 | удалено из БД: 0 | пропущено: 0
2026-06-20 15:22:40,104 - services.restore_views - INFO - 🔨 Восстановлено кнопок склада: 0 | удалено из БД: 0 | пропущено: 0
2026-06-20 15:22:40,104 - services.restore_views - INFO - 🔨 Восстановлено кнопок заявок на перевод: 0 | удалено из БД: 0 | пропущено: 0
2026-06-20 15:22:40,104 - services.restore_views - INFO - Восстановление View завершено
2026-06-20 15:22:40,104 - utils.startup_log - INFO -     • View восстановлены — OK
2026-06-20 15:22:40,105 - utils.startup_log - INFO - 
2026-06-20 15:22:40,105 - utils.startup_log - INFO -   ▶ Проверки при запуске
2026-06-20 15:22:40,105 - utils.startup_log - INFO -   ──────────────────────────────────────────────────
2026-06-20 15:22:40,105 - services.startup_checks - INFO - ========== ПРОВЕРКА ПРИ ЗАПУСКЕ ==========
2026-06-20 15:22:40,105 - services.startup_checks - INFO - ✅ Сервер: ЧВК Варкин (ID=1470858553530257473)
2026-06-20 15:22:40,105 - services.startup_checks - INFO - ✅ Бот: Помощник#1719 | верхняя роль='Командир Полка' | позиция=78
2026-06-20 15:22:40,105 - services.startup_checks - INFO - ✅ START_CHANNEL_ID: канал найден и доступен (ID=1482723021805584605)
2026-06-20 15:22:40,105 - services.startup_checks - INFO - ✅ REQUEST_CHANNEL_ID: канал найден и доступен (ID=1482723021805584605)
2026-06-20 15:22:40,106 - services.startup_checks - INFO - ✅ FIRING_CHANNEL_ID: канал найден и доступен (ID=1517132584142770207)
2026-06-20 15:22:40,106 - services.startup_checks - INFO - ✅ WAREHOUSE_REQUEST_CHANNEL_ID: канал найден и доступен (ID=1471112353184616629)
2026-06-20 15:22:40,106 - services.startup_checks - INFO - ✅ WAREHOUSE_AUDIT_CHANNEL_ID: канал найден и доступен (ID=1471947080200356017)
2026-06-20 15:22:40,106 - services.startup_checks - INFO - ✅ ACADEMY_CHANNEL_ID: канал найден и доступен (ID=1503034563184693338)
2026-06-20 15:22:40,106 - services.startup_checks - INFO - ✅ EXAM_CHANNEL_ID: канал найден и доступен (ID=1517849406433529856)
2026-06-20 15:22:40,106 - services.startup_checks - INFO - ✅ CHANNEL_APPLY_GROM: канал найден и доступен (ID=1517833352185380925)
2026-06-20 15:22:40,106 - services.startup_checks - INFO - ✅ CHANNEL_APPLY_PPS: канал найден и доступен (ID=1517833799818547222)
2026-06-20 15:22:40,106 - services.startup_checks - INFO - ✅ CHANNEL_APPLY_OSB: канал найден и доступен (ID=1517833889362481182)
2026-06-20 15:22:40,106 - services.startup_checks - INFO - ✅ CHANNEL_APPLY_ORLS: канал найден и доступен (ID=1517833579059740682)
2026-06-20 15:22:40,107 - services.startup_checks - INFO - ✅ CHANNEL_ADMIN_TRANSFER: канал найден и доступен (ID=1517834808011657327)
2026-06-20 15:22:40,107 - services.startup_checks - INFO - ✅ CHANNEL_CADRE_LOG: канал найден и доступен (ID=1517164403030753331)
2026-06-20 15:22:40,107 - services.startup_checks - INFO - ✅ STAFF_ROLE_ID: роль найдена (ID=1508437640263761952, name='Кадровый отдел')
2026-06-20 15:22:40,107 - services.startup_checks - INFO - ✅ TRANSFER_STAFF_ROLE_ID: роль найдена (ID=1508437640263761952, name='Кадровый отдел')
2026-06-20 15:22:40,107 - services.startup_checks - INFO - ✅ GOV_STAFF_ROLE_ID: роль найдена (ID=1508437640263761952, name='Кадровый отдел')
2026-06-20 15:22:40,107 - services.startup_checks - INFO - ✅ FIRING_STAFF_ROLE_ID: роль найдена (ID=1508437640263761952, name='Кадровый отдел')
2026-06-20 15:22:40,107 - services.startup_checks - INFO - ✅ FIRING_SENIOR_ROLE_ID: роль найдена (ID=1508437640263761952, name='Кадровый отдел')
2026-06-20 15:22:40,107 - services.startup_checks - INFO - ✅ WAREHOUSE_STAFF_ROLE_ID: роль найдена (ID=1508437640263761952, name='Кадровый отдел')
2026-06-20 15:22:40,107 - services.startup_checks - INFO - ✅ FIRED_ROLE_ID: роль найдена (ID=1500219579539128401, name='уволен')
2026-06-20 15:22:40,107 - services.startup_checks - WARNING - ⚠️ ROLES_TO_KEEP_ON_FIRE: список пустой
2026-06-20 15:22:40,107 - services.startup_checks - INFO - ✅ CADET_ROLES_TO_GIVE -> 1517132125504147519: роль найдена (ID=1517132125504147519, name='рядовой')
2026-06-20 15:22:40,108 - services.startup_checks - INFO - ✅ TRANSFER_ROLES_TO_GIVE -> 1483105783179771987: роль найдена (ID=1483105783179771987, name='ЧВК')
2026-06-20 15:22:40,108 - services.startup_checks - INFO - ✅ GOV_ROLE_TO_GIVE: роль найдена (ID=1500213796638298213, name='Гос Служащий')
2026-06-20 15:22:40,108 - services.startup_checks - INFO - ✅ PPS_ROLE_IDS -> 1517184354940485782: роль найдена (ID=1517184354940485782, name='ППС')
2026-06-20 15:22:40,108 - services.startup_checks - INFO - ✅ PPS_ROLE_IDS -> 1483154326829404312: роль найдена (ID=1483154326829404312, name='Ведьма')
2026-06-20 15:22:40,108 - services.startup_checks - INFO - ✅ ROLE_CHIEF_GROM: роль найдена (ID=1483444017520840916, name='Командир СОБР')
2026-06-20 15:22:40,108 - services.startup_checks - INFO - ✅ ROLE_DEPUTY_GROM: роль найдена (ID=1483444111330644099, name='Зам. Ком. СОБР')
2026-06-20 15:22:40,108 - services.startup_checks - INFO - ✅ ROLE_CHIEF_PPS: роль найдена (ID=1483444197527912481, name='Командир АВНГ')
2026-06-20 15:22:40,108 - services.startup_checks - INFO - ✅ ROLE_DEPUTY_PPS: роль найдена (ID=1483444604207501343, name='Зам. ком. УВО')
2026-06-20 15:22:40,108 - services.startup_checks - INFO - ✅ ROLE_CHIEF_OSB: роль найдена (ID=1483444329216348332, name='Начальник ОСБ')
2026-06-20 15:22:40,108 - services.startup_checks - INFO - ✅ ROLE_DEPUTY_OSB: роль найдена (ID=1483444394647486534, name='Зам. Нач. ОСБ')
2026-06-20 15:22:40,108 - services.startup_checks - INFO - ✅ ROLE_CHIEF_ORLS: роль найдена (ID=1483444847250636832, name='Командир УВО')
2026-06-20 15:22:40,108 - services.startup_checks - INFO - ✅ ROLE_DEPUTY_ORLS: роль найдена (ID=1483444604207501343, name='Зам. ком. УВО')
2026-06-20 15:22:40,109 - services.startup_checks - INFO - ✅ ROLE_DEPT_GROM: роль найдена (ID=1483445935739502745, name='СОБР')
2026-06-20 15:22:40,109 - services.startup_checks - INFO - ✅ ROLE_DEPT_PPS: роль найдена (ID=1471110817779810324, name='Рядовой')
2026-06-20 15:22:40,109 - services.startup_checks - INFO - ✅ ROLE_DEPT_OSB: роль найдена (ID=1483445838184185979, name='ОСБ')
2026-06-20 15:22:40,109 - services.startup_checks - INFO - ✅ ROLE_DEPT_ORLS: роль найдена (ID=1471110817779810324, name='Рядовой')
2026-06-20 15:22:40,109 - services.startup_checks - WARNING - ⚠️ ROLE_RANK_GROM: список пустой
2026-06-20 15:22:40,109 - services.startup_checks - INFO - ✅ ROLE_RANK_PPS -> 1487044914624856174: роль найдена (ID=1487044914624856174, name='белая ворона')
2026-06-20 15:22:40,109 - services.startup_checks - INFO - ✅ ROLE_RANK_OSB -> 1471110087107018822: роль найдена (ID=1471110087107018822, name='Шпион')
2026-06-20 15:22:40,109 - services.startup_checks - WARNING - ⚠️ ROLE_RANK_ORLS: список пустой
2026-06-20 15:22:40,109 - services.startup_checks - INFO - ✅ ROLE_ACADEMY: роль найдена (ID=1508437640263761952, name='Кадровый отдел')
2026-06-20 15:22:40,109 - services.startup_checks - INFO - ✅ ROLE_DEPT_ACADEMY: роль найдена (ID=1483446295174582282, name='АВНГ')
2026-06-20 15:22:40,109 - services.startup_checks - INFO - ✅ ROLE_PASSED_ACADEMY: роль найдена (ID=1471114268450623550, name='Ефрейтор')
2026-06-20 15:22:40,109 - services.startup_checks - INFO - ✅ Канал повышений 1471108664457826446: канал найден и доступен (ID=1471108664457826446)
2026-06-20 15:22:40,110 - services.startup_checks - INFO - ✅ Роль кадровика для канала повышений 1471108664457826446: роль найдена (ID=1508437640263761952, name='Кадровый отдел')
2026-06-20 15:22:40,110 - services.startup_checks - INFO - ✅ ALL_RANK_ROLE_IDS -> 1517132125504147519: роль найдена (ID=1517132125504147519, name='рядовой')
2026-06-20 15:22:40,110 - services.startup_checks - INFO - ✅ ALL_RANK_ROLE_IDS -> 1517855095033827428: роль найдена (ID=1517855095033827428, name='младший сержант')
2026-06-20 15:22:40,110 - services.startup_checks - INFO - ✅ ALL_RANK_ROLE_IDS -> 1500207254765437048: роль найдена (ID=1500207254765437048, name='Майор')
2026-06-20 15:22:40,110 - services.startup_checks - ERROR - ❌ RANK_ROLE_MAPPING: роль не найдена для 'Рядовой -> Младший Сержант' (ID=0)
2026-06-20 15:22:40,110 - services.startup_checks - INFO - ✅ Канал рапортов ОРЛС: канал найден и доступен (ID=1517850589852205106)
2026-06-20 15:22:40,110 - services.startup_checks - INFO - ✅ Канал рапортов ОСБ: канал найден и доступен (ID=1517850633502199838)
2026-06-20 15:22:40,110 - services.startup_checks - INFO - ✅ Канал рапортов ГРОМ: канал найден и доступен (ID=1517850560110530581)
2026-06-20 15:22:40,110 - services.startup_checks - INFO - ✅ Канал рапортов ППС: канал найден и доступен (ID=1517850560110530581)
2026-06-20 15:22:40,111 - services.startup_checks - INFO - ✅ У бота есть право 'Управлять ролями'
2026-06-20 15:22:40,111 - services.startup_checks - INFO - ✅ У бота есть право 'Управлять никами'
2026-06-20 15:22:40,111 - services.startup_checks - INFO - ======== ПРОВЕРКА ПРИ ЗАПУСКЕ ЗАВЕРШЕНА ========
2026-06-20 15:22:40,111 - utils.startup_log - INFO -     • Каналы и роли — проверены
2026-06-20 15:22:40,111 - utils.startup_log - INFO - 
2026-06-20 15:22:40,111 - utils.startup_log - INFO -   ▶ Состояние
2026-06-20 15:22:40,111 - utils.startup_log - INFO -   ──────────────────────────────────────────────────
2026-06-20 15:22:40,111 - services.health_report - INFO - ========== ОТЧЁТ О СОСТОЯНИИ ==========
2026-06-20 15:22:40,111 - services.health_report - INFO - 📊 ПАМЯТЬ | заявки=0 | увольнения=0 | повышения=0 | склад=0 | переводы=0 | черновики_ОРЛС=0 ОСБ=0 ГРОМ=0 ППС=0 Акад=0 | сообщ_рапортов=0
2026-06-20 15:22:40,114 - services.health_report - INFO - 🗄️ БАЗА   | заявки=8 | увольнения=38 | повышения=12 | склад=3 | переводы=4
2026-06-20 15:22:40,114 - services.health_report - INFO - 🧹 Проверка осиротевших записей (только проверка=True)...
2026-06-20 15:22:40,392 - services.health_report - WARNING - 🧹 ЛИШНЯЯ ЗАПИСЬ (увольнение): message_id=1515432583754813460 (сообщение удалено)
2026-06-20 15:22:40,682 - services.health_report - WARNING - 🧹 ЛИШНЯЯ ЗАПИСЬ (увольнение): message_id=1515456223699275778 (сообщение удалено)
2026-06-20 15:22:40,971 - services.health_report - WARNING - 🧹 ЛИШНЯЯ ЗАПИСЬ (увольнение): message_id=1515456972412026950 (сообщение удалено)
2026-06-20 15:22:41,285 - services.health_report - WARNING - 🧹 ЛИШНЯЯ ЗАПИСЬ (увольнение): message_id=1515458280456196126 (сообщение удалено)
2026-06-20 15:22:41,580 - services.health_report - WARNING - 🧹 ЛИШНЯЯ ЗАПИСЬ (увольнение): message_id=1515469392010547350 (сообщение удалено)
2026-06-20 15:22:46,403 - services.health_report - WARNING - 🧹 ЛИШНЯЯ ЗАПИСЬ (увольнение): message_id=1515493833436172369 (сообщение удалено)
2026-06-20 15:22:46,740 - services.health_report - WARNING - 🧹 ЛИШНЯЯ ЗАПИСЬ (увольнение): message_id=1515494822079631450 (сообщение удалено)
2026-06-20 15:22:47,029 - services.health_report - WARNING - 🧹 ЛИШНЯЯ ЗАПИСЬ (увольнение): message_id=1515648848419098737 (сообщение удалено)
2026-06-20 15:22:47,357 - services.health_report - WARNING - 🧹 ЛИШНЯЯ ЗАПИСЬ (увольнение): message_id=1515650958481297408 (сообщение удалено)
2026-06-20 15:22:47,650 - services.health_report - WARNING - 🧹 ЛИШНЯЯ ЗАПИСЬ (увольнение): message_id=1515667237967499325 (сообщение удалено)
2026-06-20 15:22:47,959 - services.health_report - WARNING - 🧹 ЛИШНЯЯ ЗАПИСЬ (увольнение): message_id=1515692600248762378 (сообщение удалено)
2026-06-20 15:22:52,713 - services.health_report - WARNING - 🧹 ЛИШНЯЯ ЗАПИСЬ (увольнение): message_id=1515699543361060867 (сообщение удалено)
2026-06-20 15:22:53,006 - services.health_report - WARNING - 🧹 ЛИШНЯЯ ЗАПИСЬ (увольнение): message_id=1515701733739724992 (сообщение удалено)
2026-06-20 15:22:53,403 - services.health_report - WARNING - 🧹 ЛИШНЯЯ ЗАПИСЬ (увольнение): message_id=1515709485493129397 (сообщение удалено)
2026-06-20 15:22:53,706 - services.health_report - WARNING - 🧹 ЛИШНЯЯ ЗАПИСЬ (увольнение): message_id=1515720643268841563 (сообщение удалено)
2026-06-20 15:22:54,015 - services.health_report - WARNING - 🧹 ЛИШНЯЯ ЗАПИСЬ (увольнение): message_id=1515732658825465877 (сообщение удалено)
2026-06-20 15:22:54,424 - services.health_report - WARNING - 🧹 ЛИШНЯЯ ЗАПИСЬ (увольнение): message_id=1515742143115825304 (сообщение удалено)
2026-06-20 15:22:59,012 - services.health_report - WARNING - 🧹 ЛИШНЯЯ ЗАПИСЬ (увольнение): message_id=1515760444458008637 (сообщение удалено)
2026-06-20 15:22:59,444 - services.health_report - WARNING - 🧹 ЛИШНЯЯ ЗАПИСЬ (увольнение): message_id=1515767188261175336 (сообщение удалено)
2026-06-20 15:22:59,779 - services.health_report - WARNING - 🧹 ЛИШНЯЯ ЗАПИСЬ (увольнение): message_id=1515796636750712912 (сообщение удалено)
2026-06-20 15:23:00,065 - services.health_report - WARNING - 🧹 ЛИШНЯЯ ЗАПИСЬ (увольнение): message_id=1515797414982717697 (сообщение удалено)
2026-06-20 15:23:00,412 - services.health_report - WARNING - 🧹 ЛИШНЯЯ ЗАПИСЬ (увольнение): message_id=1515806384296562738 (сообщение удалено)
2026-06-20 15:23:00,710 - services.health_report - WARNING - 🧹 ЛИШНЯЯ ЗАПИСЬ (увольнение): message_id=1515872430890025101 (сообщение удалено)
2026-06-20 15:23:05,417 - services.health_report - WARNING - 🧹 ЛИШНЯЯ ЗАПИСЬ (увольнение): message_id=1515959062016163941 (сообщение удалено)
2026-06-20 15:23:05,717 - services.health_report - WARNING - 🧹 ЛИШНЯЯ ЗАПИСЬ (увольнение): message_id=1515959970049556632 (сообщение удалено)
2026-06-20 15:23:05,994 - services.health_report - WARNING - 🧹 ЛИШНЯЯ ЗАПИСЬ (увольнение): message_id=1515968485094854700 (сообщение удалено)
2026-06-20 15:23:06,317 - services.health_report - WARNING - 🧹 ЛИШНЯЯ ЗАПИСЬ (увольнение): message_id=1515986481909600346 (сообщение удалено)
2026-06-20 15:23:06,680 - services.health_report - WARNING - 🧹 ЛИШНЯЯ ЗАПИСЬ (увольнение): message_id=1515993233690329128 (сообщение удалено)
2026-06-20 15:23:06,952 - services.health_report - WARNING - 🧹 ЛИШНЯЯ ЗАПИСЬ (увольнение): message_id=1516023710165766291 (сообщение удалено)
2026-06-20 15:23:11,729 - services.health_report - WARNING - 🧹 ЛИШНЯЯ ЗАПИСЬ (увольнение): message_id=1516036534128607282 (сообщение удалено)
2026-06-20 15:23:12,032 - services.health_report - WARNING - 🧹 ЛИШНЯЯ ЗАПИСЬ (увольнение): message_id=1516064178916429856 (сообщение удалено)
2026-06-20 15:23:12,320 - services.health_report - WARNING - 🧹 ЛИШНЯЯ ЗАПИСЬ (увольнение): message_id=1516068844425445499 (сообщение удалено)
2026-06-20 15:23:12,732 - services.health_report - WARNING - 🧹 ЛИШНЯЯ ЗАПИСЬ (увольнение): message_id=1516082593425264790 (сообщение удалено)
2026-06-20 15:23:13,032 - services.health_report - WARNING - 🧹 ЛИШНЯЯ ЗАПИСЬ (увольнение): message_id=1516093600453099682 (сообщение удалено)
2026-06-20 15:23:13,322 - services.health_report - WARNING - 🧹 ЛИШНЯЯ ЗАПИСЬ (увольнение): message_id=1516100743902265516 (сообщение удалено)
2026-06-20 15:23:18,048 - services.health_report - WARNING - 🧹 ЛИШНЯЯ ЗАПИСЬ (увольнение): message_id=1516113088200577125 (сообщение удалено)
2026-06-20 15:23:18,359 - services.health_report - WARNING - 🧹 ЛИШНЯЯ ЗАПИСЬ (увольнение): message_id=1516116820401066054 (сообщение удалено)
2026-06-20 15:23:18,669 - services.health_report - WARNING - 🧹 ЛИШНЯЯ ЗАПИСЬ (увольнение): message_id=1516123344918024345 (сообщение удалено)
2026-06-20 15:23:18,973 - services.health_report - WARNING - 🧹 ЛИШНЯЯ ЗАПИСЬ (склад): message_id=1515402802786992148 (сообщение удалено)
2026-06-20 15:23:19,246 - services.health_report - WARNING - 🧹 ЛИШНЯЯ ЗАПИСЬ (склад): message_id=1515801730594508981 (сообщение удалено)
2026-06-20 15:23:19,534 - services.health_report - WARNING - 🧹 ЛИШНЯЯ ЗАПИСЬ (склад): message_id=1516114081881526322 (сообщение удалено)
2026-06-20 15:23:19,857 - services.health_report - WARNING - 🧹 ЛИШНЯЯ ЗАПИСЬ (повышение): message_id=1515441527495594004 (сообщение удалено)
2026-06-20 15:23:20,155 - services.health_report - WARNING - 🧹 ЛИШНЯЯ ЗАПИСЬ (повышение): message_id=1515466312967651460 (сообщение удалено)
2026-06-20 15:23:20,481 - services.health_report - WARNING - 🧹 ЛИШНЯЯ ЗАПИСЬ (повышение): message_id=1515779319002169475 (сообщение удалено)
2026-06-20 15:23:20,794 - services.health_report - WARNING - 🧹 ЛИШНЯЯ ЗАПИСЬ (повышение): message_id=1515806228171718717 (сообщение удалено)
2026-06-20 15:23:21,107 - services.health_report - WARNING - 🧹 ЛИШНЯЯ ЗАПИСЬ (повышение): message_id=1515817587278221400 (сообщение удалено)
2026-06-20 15:23:25,872 - services.health_report - WARNING - 🧹 ЛИШНЯЯ ЗАПИСЬ (повышение): message_id=1515822851087798342 (сообщение удалено)
2026-06-20 15:23:26,173 - services.health_report - WARNING - 🧹 ЛИШНЯЯ ЗАПИСЬ (повышение): message_id=1515983272281112667 (сообщение удалено)
2026-06-20 15:23:26,454 - services.health_report - WARNING - 🧹 ЛИШНЯЯ ЗАПИСЬ (повышение): message_id=1516040108397301830 (сообщение удалено)
2026-06-20 15:23:26,755 - services.health_report - WARNING - 🧹 ЛИШНЯЯ ЗАПИСЬ (повышение): message_id=1516052747307319396 (сообщение удалено)
2026-06-20 15:23:27,051 - services.health_report - WARNING - 🧹 ЛИШНЯЯ ЗАПИСЬ (повышение): message_id=1516094665118584884 (сообщение удалено)
2026-06-20 15:23:27,376 - services.health_report - WARNING - 🧹 ЛИШНЯЯ ЗАПИСЬ (повышение): message_id=1516097916941500486 (сообщение удалено)
2026-06-20 15:23:32,189 - services.health_report - WARNING - 🧹 ЛИШНЯЯ ЗАПИСЬ (повышение): message_id=1516122223130181834 (сообщение удалено)
2026-06-20 15:23:33,366 - services.health_report - WARNING - 🧹 ЛИШНЯЯ ЗАПИСЬ (заявка перевод): message_id=1515635190133690488 (сообщение удалено)
2026-06-20 15:23:34,598 - services.health_report - WARNING - 🧹 ЛИШНЯЯ ЗАПИСЬ (заявка перевод): message_id=1516019436480364605 (сообщение удалено)
2026-06-20 15:23:35,906 - services.health_report - WARNING - 🧹 ЛИШНЯЯ ЗАПИСЬ (заявка перевод): message_id=1516033835614343309 (сообщение удалено)
2026-06-20 15:23:37,265 - services.health_report - WARNING - 🧹 ЛИШНЯЯ ЗАПИСЬ (заявка перевод): message_id=1516046242575290508 (сообщение удалено)
2026-06-20 15:23:37,266 - services.health_report - INFO - 🧹 Проверка лишних записей завершена
2026-06-20 15:23:37,266 - services.health_report - INFO - ======== ОТЧЁТ О СОСТОЯНИИ ГОТОВ ========
2026-06-20 15:23:37,266 - utils.startup_log - INFO -     • Отчёт состояния — выведен выше
2026-06-20 15:23:38,529 - utils.startup_log - INFO -     • Сообщения для рапортов — проверены/созданы
2026-06-20 15:23:38,529 - utils.startup_log - INFO - 
2026-06-20 15:23:38,530 - utils.startup_log - INFO -   ▶ Фоновые задачи
2026-06-20 15:23:38,530 - utils.startup_log - INFO -   ──────────────────────────────────────────────────
2026-06-20 15:23:38,530 - services.worker_queue - INFO - Воркер очереди задач запущен
2026-06-20 15:23:38,530 - events - INFO - Запущена фоновая задача: start_position_checker
2026-06-20 15:23:38,530 - events - INFO - Запущена фоновая задача: warehouse_position_checker
2026-06-20 15:23:38,530 - events - INFO - Запущена фоновая задача: cleanup_manager
2026-06-20 15:23:38,530 - events - INFO - Запущена фоновая задача: apply_grom_position_checker
2026-06-20 15:23:38,530 - events - INFO - Запущена фоновая задача: apply_pps_position_checker
2026-06-20 15:23:38,530 - events - INFO - Запущена фоновая задача: apply_osb_position_checker
2026-06-20 15:23:38,530 - events - INFO - Запущена фоновая задача: apply_orls_position_checker
2026-06-20 15:23:38,530 - events - INFO - Запущена фоновая задача: academy_apply_position_checker
2026-06-20 15:23:38,531 - events - INFO - Запущена фоновая задача: admin_transfer_position_checker
2026-06-20 15:23:38,531 - events - INFO - Запущена фоновая задача: firing_position_checker
2026-06-20 15:23:38,531 - events - INFO - Запущена фоновая задача: promotion_setup_position_check
2026-06-20 15:23:38,537 - services.cleanup - INFO - 🧠 SQLite optimize выполнен
2026-06-20 15:23:38,540 - services.warehouse_session - INFO - 🧹 WarehouseSession: очищено 94 старых сессий
2026-06-20 15:23:38,540 - services.cleanup - INFO - 🧹 Очищено просроченных сессий склада: 94
2026-06-20 15:23:38,540 - services.cleanup - INFO - 🧹 Периодическая очистка завершена
2026-06-20 15:23:38,540 - utils.startup_log - INFO - 
2026-06-20 15:23:38,540 - utils.startup_log - INFO - ╔══════════════════════════════════════════════════╗
2026-06-20 15:23:38,540 - utils.startup_log - INFO - ║ БОТ ГОТОВ К РАБОТЕ                               ║
2026-06-20 15:23:38,540 - utils.startup_log - INFO - ║                                                  ║
2026-06-20 15:23:38,541 - utils.startup_log - INFO - ║ Помощник#1719                                    ║
2026-06-20 15:23:38,541 - utils.startup_log - INFO - ║ ЧВК Варкин (ID: 1470858553530257473)             ║
2026-06-20 15:23:38,541 - utils.startup_log - INFO - ╚══════════════════════════════════════════════════╝
2026-06-20 15:23:38,541 - utils.startup_log - INFO - 
2026-06-20 15:23:38,541 - utils.startup_log - INFO - done
2026-06-20 15:41:15,532 - __main__ - INFO - Остановка бота по запросу пользователя
2026-06-20 15:41:15,533 - services.worker_queue - INFO - Воркер очереди задач остановлен
2026-06-20 15:41:15,533 - services.worker_queue - INFO - Воркер очереди задач остановлен по CancelledError
2026-06-20 15:41:15,533 - services.base_position - INFO - Фоновая проверка позиции остановлена (канал 1482723021805584605)
2026-06-20 15:41:15,533 - services.base_position - INFO - Фоновая проверка позиции остановлена (канал 1471112353184616629)
2026-06-20 15:41:15,533 - services.cleanup - INFO - Фоновая задача очистки остановлена по CancelledError
2026-06-20 15:41:15,533 - services.base_position - INFO - Фоновая проверка позиции остановлена (канал 1517833352185380925)
2026-06-20 15:41:15,533 - services.base_position - INFO - Фоновая проверка позиции остановлена (канал 1517833799818547222)
2026-06-20 15:41:15,533 - services.base_position - INFO - Фоновая проверка позиции остановлена (канал 1517833889362481182)
2026-06-20 15:41:15,534 - services.base_position - INFO - Фоновая проверка позиции остановлена (канал 1517833579059740682)
2026-06-20 15:41:15,534 - services.base_position - INFO - Фоновая проверка позиции остановлена (канал 1503034563184693338)
2026-06-20 15:41:15,534 - services.base_position - INFO - Фоновая проверка позиции остановлена (канал 1517834808011657327)
2026-06-20 15:41:15,534 - services.base_position - INFO - Фоновая проверка позиции остановлена (канал 1517132584142770207)
2026-06-20 15:41:15,534 - events - WARNING - Фоновая задача 'start_position_checker' отменена
2026-06-20 15:41:15,534 - events - WARNING - Фоновая задача 'warehouse_position_checker' отменена
2026-06-20 15:41:15,534 - events - WARNING - Фоновая задача 'cleanup_manager' отменена
2026-06-20 15:41:15,534 - events - WARNING - Фоновая задача 'apply_grom_position_checker' отменена
2026-06-20 15:41:15,535 - events - WARNING - Фоновая задача 'apply_pps_position_checker' отменена
2026-06-20 15:41:15,535 - events - WARNING - Фоновая задача 'apply_osb_position_checker' отменена
2026-06-20 15:41:15,535 - events - WARNING - Фоновая задача 'apply_orls_position_checker' отменена
2026-06-20 15:41:15,535 - events - WARNING - Фоновая задача 'academy_apply_position_checker' отменена
2026-06-20 15:41:15,535 - events - WARNING - Фоновая задача 'admin_transfer_position_checker' отменена
2026-06-20 15:41:15,535 - events - WARNING - Фоновая задача 'firing_position_checker' отменена
2026-06-20 15:41:15,535 - events - WARNING - Фоновая задача 'promotion_setup_position_check' отменена
2026-06-20 15:41:15,537 - __main__ - INFO - Соединение с БД закрыто
2026-06-20 15:41:17,379 - __main__ - INFO - Остановка бота по запросу пользователя
2026-06-20 15:41:17,379 - __main__ - INFO - Соединение с БД закрыто
2026-06-20 15:41:17,414 - asyncio - ERROR - Unclosed client session
client_session: <aiohttp.client.ClientSession object at 0x0000018017908D70>
2026-06-20 15:41:19,963 - discord.gateway - INFO - Shard ID None has connected to Gateway (Session ID: d389e6c36296fbaeb758ac08a470ef2b).
2026-06-20 15:41:21,981 - utils.startup_log - INFO - ╔══════════════════════════════════════════════════╗
2026-06-20 15:41:21,982 - utils.startup_log - INFO - ║ БОТ УВД — ЗАПУСК                                 ║
2026-06-20 15:41:21,982 - utils.startup_log - INFO - ╚══════════════════════════════════════════════════╝
2026-06-20 15:41:21,982 - utils.startup_log - INFO - 
2026-06-20 15:41:21,982 - utils.startup_log - INFO -   ▶ Подключение
2026-06-20 15:41:21,982 - utils.startup_log - INFO -   ──────────────────────────────────────────────────
2026-06-20 15:41:21,982 - utils.startup_log - INFO -     • Бот — Помощник#1719
2026-06-20 15:41:21,982 - utils.startup_log - INFO -     • ID бота — 1508421824227053629
2026-06-20 15:41:21,982 - utils.startup_log - INFO - 
2026-06-20 15:41:21,982 - utils.startup_log - INFO -   ▶ База данных
2026-06-20 15:41:21,983 - utils.startup_log - INFO -   ──────────────────────────────────────────────────
2026-06-20 15:41:21,986 - database - INFO - БД: открыто новое соединение (path=data/bot.db, journal_mode=WAL, foreign_keys=ON)
2026-06-20 15:41:21,989 - utils.startup_log - INFO -     • БД подключена — OK
2026-06-20 15:41:21,991 - services.warehouse_session - INFO - WarehouseSession: загружено 94 сессий из БД
2026-06-20 15:41:21,991 - utils.startup_log - INFO -     • Сессии склада — загружены из БД
2026-06-20 15:41:21,992 - services.warehouse_cooldown - INFO - WarehouseCooldown: загружено 102 записей из БД
2026-06-20 15:41:21,992 - utils.startup_log - INFO -     • Кулдауны склада — загружены из БД
2026-06-20 15:41:21,992 - utils.startup_log - INFO - 
2026-06-20 15:41:21,992 - utils.startup_log - INFO -   ▶ Слэш-команды
2026-06-20 15:41:21,992 - utils.startup_log - INFO -   ──────────────────────────────────────────────────
2026-06-20 15:41:22,292 - utils.startup_log - INFO -     • Синхронизированы — orls_promotion_setup, osb_promotion_setup, grom_promotion_setup, pps_promotion_setup, promotion_setup_all
2026-06-20 15:41:22,292 - utils.startup_log - INFO - 
2026-06-20 15:41:22,292 - utils.startup_log - INFO -   ▶ Восстановление View
2026-06-20 15:41:22,292 - utils.startup_log - INFO -   ──────────────────────────────────────────────────
2026-06-20 15:41:22,292 - services.restore_views - INFO - Восстановление View...
2026-06-20 15:41:22,294 - services.restore_views - INFO - Стартовые View восстановлены
2026-06-20 15:41:22,297 - services.restore_views - INFO - 📦 Загружено из БД: заявок=0, увольнений=0, повышений=0, склад=0, переводы=0
2026-06-20 15:41:22,297 - services.restore_views - INFO - 🔨 Восстановлено кнопок заявок: 0 | удалено из БД: 0 | пропущено: 0
2026-06-20 15:41:22,297 - services.restore_views - INFO - 🔨 Восстановлено кнопок увольнений: 0 | удалено из БД: 0 | пропущено: 0
2026-06-20 15:41:22,297 - services.restore_views - INFO - 🔨 Восстановлено кнопок повышений: 0 | удалено из БД: 0 | пропущено: 0
2026-06-20 15:41:22,297 - services.restore_views - INFO - 🔨 Восстановлено кнопок склада: 0 | удалено из БД: 0 | пропущено: 0
2026-06-20 15:41:22,297 - services.restore_views - INFO - 🔨 Восстановлено кнопок заявок на перевод: 0 | удалено из БД: 0 | пропущено: 0
2026-06-20 15:41:22,298 - services.restore_views - INFO - Восстановление View завершено
2026-06-20 15:41:22,298 - utils.startup_log - INFO -     • View восстановлены — OK
2026-06-20 15:41:22,298 - utils.startup_log - INFO - 
2026-06-20 15:41:22,298 - utils.startup_log - INFO -   ▶ Проверки при запуске
2026-06-20 15:41:22,298 - utils.startup_log - INFO -   ──────────────────────────────────────────────────
2026-06-20 15:41:22,298 - services.startup_checks - INFO - ========== ПРОВЕРКА ПРИ ЗАПУСКЕ ==========
2026-06-20 15:41:22,298 - services.startup_checks - INFO - ✅ Сервер: ЧВК Варкин (ID=1470858553530257473)
2026-06-20 15:41:22,298 - services.startup_checks - INFO - ✅ Бот: Помощник#1719 | верхняя роль='Командир Полка' | позиция=78
2026-06-20 15:41:22,298 - services.startup_checks - INFO - ✅ START_CHANNEL_ID: канал найден и доступен (ID=1482723021805584605)
2026-06-20 15:41:22,299 - services.startup_checks - INFO - ✅ REQUEST_CHANNEL_ID: канал найден и доступен (ID=1482723021805584605)
2026-06-20 15:41:22,299 - services.startup_checks - INFO - ✅ FIRING_CHANNEL_ID: канал найден и доступен (ID=1517132584142770207)
2026-06-20 15:41:22,299 - services.startup_checks - INFO - ✅ WAREHOUSE_REQUEST_CHANNEL_ID: канал найден и доступен (ID=1471112353184616629)
2026-06-20 15:41:22,299 - services.startup_checks - INFO - ✅ WAREHOUSE_AUDIT_CHANNEL_ID: канал найден и доступен (ID=1471947080200356017)
2026-06-20 15:41:22,299 - services.startup_checks - INFO - ✅ ACADEMY_CHANNEL_ID: канал найден и доступен (ID=1503034563184693338)
2026-06-20 15:41:22,299 - services.startup_checks - INFO - ✅ EXAM_CHANNEL_ID: канал найден и доступен (ID=1517849406433529856)
2026-06-20 15:41:22,299 - services.startup_checks - INFO - ✅ CHANNEL_APPLY_GROM: канал найден и доступен (ID=1517833352185380925)
2026-06-20 15:41:22,299 - services.startup_checks - INFO - ✅ CHANNEL_APPLY_PPS: канал найден и доступен (ID=1517833799818547222)
2026-06-20 15:41:22,299 - services.startup_checks - INFO - ✅ CHANNEL_APPLY_OSB: канал найден и доступен (ID=1517833889362481182)
2026-06-20 15:41:22,300 - services.startup_checks - INFO - ✅ CHANNEL_APPLY_ORLS: канал найден и доступен (ID=1517833579059740682)
2026-06-20 15:41:22,300 - services.startup_checks - INFO - ✅ CHANNEL_ADMIN_TRANSFER: канал найден и доступен (ID=1517834808011657327)
2026-06-20 15:41:22,300 - services.startup_checks - INFO - ✅ CHANNEL_CADRE_LOG: канал найден и доступен (ID=1517164403030753331)
2026-06-20 15:41:22,300 - services.startup_checks - INFO - ✅ STAFF_ROLE_ID: роль найдена (ID=1508437640263761952, name='Кадровый отдел')
2026-06-20 15:41:22,300 - services.startup_checks - INFO - ✅ TRANSFER_STAFF_ROLE_ID: роль найдена (ID=1508437640263761952, name='Кадровый отдел')
2026-06-20 15:41:22,300 - services.startup_checks - INFO - ✅ GOV_STAFF_ROLE_ID: роль найдена (ID=1508437640263761952, name='Кадровый отдел')
2026-06-20 15:41:22,300 - services.startup_checks - INFO - ✅ FIRING_STAFF_ROLE_ID: роль найдена (ID=1508437640263761952, name='Кадровый отдел')
2026-06-20 15:41:22,300 - services.startup_checks - INFO - ✅ FIRING_SENIOR_ROLE_ID: роль найдена (ID=1508437640263761952, name='Кадровый отдел')
2026-06-20 15:41:22,300 - services.startup_checks - INFO - ✅ WAREHOUSE_STAFF_ROLE_ID: роль найдена (ID=1508437640263761952, name='Кадровый отдел')
2026-06-20 15:41:22,300 - services.startup_checks - INFO - ✅ FIRED_ROLE_ID: роль найдена (ID=1500219579539128401, name='уволен')
2026-06-20 15:41:22,301 - services.startup_checks - WARNING - ⚠️ ROLES_TO_KEEP_ON_FIRE: список пустой
2026-06-20 15:41:22,301 - services.startup_checks - INFO - ✅ CADET_ROLES_TO_GIVE -> 1517132125504147519: роль найдена (ID=1517132125504147519, name='рядовой')
2026-06-20 15:41:22,301 - services.startup_checks - INFO - ✅ TRANSFER_ROLES_TO_GIVE -> 1483105783179771987: роль найдена (ID=1483105783179771987, name='ЧВК')
2026-06-20 15:41:22,301 - services.startup_checks - INFO - ✅ GOV_ROLE_TO_GIVE: роль найдена (ID=1500213796638298213, name='Гос Служащий')
2026-06-20 15:41:22,301 - services.startup_checks - INFO - ✅ PPS_ROLE_IDS -> 1517184354940485782: роль найдена (ID=1517184354940485782, name='ППС')
2026-06-20 15:41:22,301 - services.startup_checks - INFO - ✅ PPS_ROLE_IDS -> 1483154326829404312: роль найдена (ID=1483154326829404312, name='Ведьма')
2026-06-20 15:41:22,301 - services.startup_checks - INFO - ✅ ROLE_CHIEF_GROM: роль найдена (ID=1483444017520840916, name='Командир СОБР')
2026-06-20 15:41:22,301 - services.startup_checks - INFO - ✅ ROLE_DEPUTY_GROM: роль найдена (ID=1483444111330644099, name='Зам. Ком. СОБР')
2026-06-20 15:41:22,301 - services.startup_checks - INFO - ✅ ROLE_CHIEF_PPS: роль найдена (ID=1483444197527912481, name='Командир АВНГ')
2026-06-20 15:41:22,301 - services.startup_checks - INFO - ✅ ROLE_DEPUTY_PPS: роль найдена (ID=1483444604207501343, name='Зам. ком. УВО')
2026-06-20 15:41:22,301 - services.startup_checks - INFO - ✅ ROLE_CHIEF_OSB: роль найдена (ID=1483444329216348332, name='Начальник ОСБ')
2026-06-20 15:41:22,301 - services.startup_checks - INFO - ✅ ROLE_DEPUTY_OSB: роль найдена (ID=1483444394647486534, name='Зам. Нач. ОСБ')
2026-06-20 15:41:22,301 - services.startup_checks - INFO - ✅ ROLE_CHIEF_ORLS: роль найдена (ID=1483444847250636832, name='Командир УВО')
2026-06-20 15:41:22,302 - services.startup_checks - INFO - ✅ ROLE_DEPUTY_ORLS: роль найдена (ID=1483444604207501343, name='Зам. ком. УВО')
2026-06-20 15:41:22,302 - services.startup_checks - INFO - ✅ ROLE_DEPT_GROM: роль найдена (ID=1483445935739502745, name='СОБР')
2026-06-20 15:41:22,302 - services.startup_checks - INFO - ✅ ROLE_DEPT_PPS: роль найдена (ID=1471110817779810324, name='Рядовой')
2026-06-20 15:41:22,302 - services.startup_checks - INFO - ✅ ROLE_DEPT_OSB: роль найдена (ID=1483445838184185979, name='ОСБ')
2026-06-20 15:41:22,302 - services.startup_checks - INFO - ✅ ROLE_DEPT_ORLS: роль найдена (ID=1471110817779810324, name='Рядовой')
2026-06-20 15:41:22,302 - services.startup_checks - WARNING - ⚠️ ROLE_RANK_GROM: список пустой
2026-06-20 15:41:22,302 - services.startup_checks - INFO - ✅ ROLE_RANK_PPS -> 1487044914624856174: роль найдена (ID=1487044914624856174, name='белая ворона')
2026-06-20 15:41:22,302 - services.startup_checks - INFO - ✅ ROLE_RANK_OSB -> 1471110087107018822: роль найдена (ID=1471110087107018822, name='Шпион')
2026-06-20 15:41:22,302 - services.startup_checks - WARNING - ⚠️ ROLE_RANK_ORLS: список пустой
2026-06-20 15:41:22,302 - services.startup_checks - INFO - ✅ ROLE_ACADEMY: роль найдена (ID=1508437640263761952, name='Кадровый отдел')
2026-06-20 15:41:22,302 - services.startup_checks - INFO - ✅ ROLE_DEPT_ACADEMY: роль найдена (ID=1483446295174582282, name='АВНГ')
2026-06-20 15:41:22,303 - services.startup_checks - INFO - ✅ ROLE_PASSED_ACADEMY: роль найдена (ID=1471114268450623550, name='Ефрейтор')
2026-06-20 15:41:22,303 - services.startup_checks - INFO - ✅ Канал повышений 1471108664457826446: канал найден и доступен (ID=1471108664457826446)
2026-06-20 15:41:22,303 - services.startup_checks - INFO - ✅ Роль кадровика для канала повышений 1471108664457826446: роль найдена (ID=1508437640263761952, name='Кадровый отдел')
2026-06-20 15:41:22,303 - services.startup_checks - INFO - ✅ ALL_RANK_ROLE_IDS -> 1517132125504147519: роль найдена (ID=1517132125504147519, name='рядовой')
2026-06-20 15:41:22,303 - services.startup_checks - INFO - ✅ ALL_RANK_ROLE_IDS -> 1517855095033827428: роль найдена (ID=1517855095033827428, name='младший сержант')
2026-06-20 15:41:22,303 - services.startup_checks - INFO - ✅ ALL_RANK_ROLE_IDS -> 1500207254765437048: роль найдена (ID=1500207254765437048, name='Майор')
2026-06-20 15:41:22,303 - services.startup_checks - ERROR - ❌ RANK_ROLE_MAPPING: роль не найдена для 'Рядовой -> Младший Сержант' (ID=0)
2026-06-20 15:41:22,303 - services.startup_checks - INFO - ✅ Канал рапортов ОРЛС: канал найден и доступен (ID=1517850589852205106)
2026-06-20 15:41:22,303 - services.startup_checks - INFO - ✅ Канал рапортов ОСБ: канал найден и доступен (ID=1517850633502199838)
2026-06-20 15:41:22,303 - services.startup_checks - INFO - ✅ Канал рапортов ГРОМ: канал найден и доступен (ID=1517850560110530581)
2026-06-20 15:41:22,303 - services.startup_checks - INFO - ✅ Канал рапортов ППС: канал найден и доступен (ID=1517850560110530581)
2026-06-20 15:41:22,304 - services.startup_checks - INFO - ✅ У бота есть право 'Управлять ролями'
2026-06-20 15:41:22,304 - services.startup_checks - INFO - ✅ У бота есть право 'Управлять никами'
2026-06-20 15:41:22,304 - services.startup_checks - INFO - ======== ПРОВЕРКА ПРИ ЗАПУСКЕ ЗАВЕРШЕНА ========
2026-06-20 15:41:22,304 - utils.startup_log - INFO -     • Каналы и роли — проверены
2026-06-20 15:41:22,304 - utils.startup_log - INFO - 
2026-06-20 15:41:22,304 - utils.startup_log - INFO -   ▶ Состояние
2026-06-20 15:41:22,304 - utils.startup_log - INFO -   ──────────────────────────────────────────────────
2026-06-20 15:41:22,304 - services.health_report - INFO - ========== ОТЧЁТ О СОСТОЯНИИ ==========
2026-06-20 15:41:22,304 - services.health_report - INFO - 📊 ПАМЯТЬ | заявки=0 | увольнения=0 | повышения=0 | склад=0 | переводы=0 | черновики_ОРЛС=0 ОСБ=0 ГРОМ=0 ППС=0 Акад=0 | сообщ_рапортов=0
2026-06-20 15:41:22,307 - services.health_report - INFO - 🗄️ БАЗА   | заявки=8 | увольнения=38 | повышения=12 | склад=3 | переводы=4
2026-06-20 15:41:22,307 - services.health_report - INFO - 🧹 Проверка осиротевших записей (только проверка=True)...
2026-06-20 15:41:22,599 - services.health_report - WARNING - 🧹 ЛИШНЯЯ ЗАПИСЬ (увольнение): message_id=1515432583754813460 (сообщение удалено)
2026-06-20 15:41:22,880 - services.health_report - WARNING - 🧹 ЛИШНЯЯ ЗАПИСЬ (увольнение): message_id=1515456223699275778 (сообщение удалено)
2026-06-20 15:41:23,162 - services.health_report - WARNING - 🧹 ЛИШНЯЯ ЗАПИСЬ (увольнение): message_id=1515456972412026950 (сообщение удалено)
2026-06-20 15:41:23,480 - services.health_report - WARNING - 🧹 ЛИШНЯЯ ЗАПИСЬ (увольнение): message_id=1515458280456196126 (сообщение удалено)
2026-06-20 15:41:23,790 - services.health_report - WARNING - 🧹 ЛИШНЯЯ ЗАПИСЬ (увольнение): message_id=1515469392010547350 (сообщение удалено)
2026-06-20 15:41:28,585 - services.health_report - WARNING - 🧹 ЛИШНЯЯ ЗАПИСЬ (увольнение): message_id=1515493833436172369 (сообщение удалено)
2026-06-20 15:41:28,883 - services.health_report - WARNING - 🧹 ЛИШНЯЯ ЗАПИСЬ (увольнение): message_id=1515494822079631450 (сообщение удалено)
2026-06-20 15:41:29,185 - services.health_report - WARNING - 🧹 ЛИШНЯЯ ЗАПИСЬ (увольнение): message_id=1515648848419098737 (сообщение удалено)
2026-06-20 15:41:29,479 - services.health_report - WARNING - 🧹 ЛИШНЯЯ ЗАПИСЬ (увольнение): message_id=1515650958481297408 (сообщение удалено)
2026-06-20 15:41:29,777 - services.health_report - WARNING - 🧹 ЛИШНЯЯ ЗАПИСЬ (увольнение): message_id=1515667237967499325 (сообщение удалено)
2026-06-20 15:41:30,091 - services.health_report - WARNING - 🧹 ЛИШНЯЯ ЗАПИСЬ (увольнение): message_id=1515692600248762378 (сообщение удалено)
2026-06-20 15:41:34,901 - services.health_report - WARNING - 🧹 ЛИШНЯЯ ЗАПИСЬ (увольнение): message_id=1515699543361060867 (сообщение удалено)
2026-06-20 15:41:35,178 - services.health_report - WARNING - 🧹 ЛИШНЯЯ ЗАПИСЬ (увольнение): message_id=1515701733739724992 (сообщение удалено)
2026-06-20 15:41:35,488 - services.health_report - WARNING - 🧹 ЛИШНЯЯ ЗАПИСЬ (увольнение): message_id=1515709485493129397 (сообщение удалено)
2026-06-20 15:41:35,839 - services.health_report - WARNING - 🧹 ЛИШНЯЯ ЗАПИСЬ (увольнение): message_id=1515720643268841563 (сообщение удалено)
2026-06-20 15:41:36,103 - services.health_report - WARNING - 🧹 ЛИШНЯЯ ЗАПИСЬ (увольнение): message_id=1515732658825465877 (сообщение удалено)
2026-06-20 15:41:36,385 - services.health_report - WARNING - 🧹 ЛИШНЯЯ ЗАПИСЬ (увольнение): message_id=1515742143115825304 (сообщение удалено)
2026-06-20 15:41:41,230 - services.health_report - WARNING - 🧹 ЛИШНЯЯ ЗАПИСЬ (увольнение): message_id=1515760444458008637 (сообщение удалено)
2026-06-20 15:41:41,512 - services.health_report - WARNING - 🧹 ЛИШНЯЯ ЗАПИСЬ (увольнение): message_id=1515767188261175336 (сообщение удалено)
2026-06-20 15:41:41,812 - services.health_report - WARNING - 🧹 ЛИШНЯЯ ЗАПИСЬ (увольнение): message_id=1515796636750712912 (сообщение удалено)
2026-06-20 15:41:42,087 - services.health_report - WARNING - 🧹 ЛИШНЯЯ ЗАПИСЬ (увольнение): message_id=1515797414982717697 (сообщение удалено)
2026-06-20 15:41:42,433 - services.health_report - WARNING - 🧹 ЛИШНЯЯ ЗАПИСЬ (увольнение): message_id=1515806384296562738 (сообщение удалено)
2026-06-20 15:41:42,791 - services.health_report - WARNING - 🧹 ЛИШНЯЯ ЗАПИСЬ (увольнение): message_id=1515872430890025101 (сообщение удалено)
2026-06-20 15:41:47,513 - services.health_report - WARNING - 🧹 ЛИШНЯЯ ЗАПИСЬ (увольнение): message_id=1515959062016163941 (сообщение удалено)
2026-06-20 15:41:47,808 - services.health_report - WARNING - 🧹 ЛИШНЯЯ ЗАПИСЬ (увольнение): message_id=1515959970049556632 (сообщение удалено)
2026-06-20 15:41:48,114 - services.health_report - WARNING - 🧹 ЛИШНЯЯ ЗАПИСЬ (увольнение): message_id=1515968485094854700 (сообщение удалено)
2026-06-20 15:41:48,438 - services.health_report - WARNING - 🧹 ЛИШНЯЯ ЗАПИСЬ (увольнение): message_id=1515986481909600346 (сообщение удалено)
2026-06-20 15:41:48,744 - services.health_report - WARNING - 🧹 ЛИШНЯЯ ЗАПИСЬ (увольнение): message_id=1515993233690329128 (сообщение удалено)
2026-06-20 15:41:49,050 - services.health_report - WARNING - 🧹 ЛИШНЯЯ ЗАПИСЬ (увольнение): message_id=1516023710165766291 (сообщение удалено)
2026-06-20 15:41:53,830 - services.health_report - WARNING - 🧹 ЛИШНЯЯ ЗАПИСЬ (увольнение): message_id=1516036534128607282 (сообщение удалено)
2026-06-20 15:41:54,128 - services.health_report - WARNING - 🧹 ЛИШНЯЯ ЗАПИСЬ (увольнение): message_id=1516064178916429856 (сообщение удалено)
2026-06-20 15:41:54,398 - services.health_report - WARNING - 🧹 ЛИШНЯЯ ЗАПИСЬ (увольнение): message_id=1516068844425445499 (сообщение удалено)
2026-06-20 15:41:54,692 - services.health_report - WARNING - 🧹 ЛИШНЯЯ ЗАПИСЬ (увольнение): message_id=1516082593425264790 (сообщение удалено)
2026-06-20 15:41:54,978 - services.health_report - WARNING - 🧹 ЛИШНЯЯ ЗАПИСЬ (увольнение): message_id=1516093600453099682 (сообщение удалено)
2026-06-20 15:41:55,261 - services.health_report - WARNING - 🧹 ЛИШНЯЯ ЗАПИСЬ (увольнение): message_id=1516100743902265516 (сообщение удалено)
2026-06-20 15:42:00,135 - services.health_report - WARNING - 🧹 ЛИШНЯЯ ЗАПИСЬ (увольнение): message_id=1516113088200577125 (сообщение удалено)
2026-06-20 15:42:00,465 - services.health_report - WARNING - 🧹 ЛИШНЯЯ ЗАПИСЬ (увольнение): message_id=1516116820401066054 (сообщение удалено)
2026-06-20 15:42:00,749 - services.health_report - WARNING - 🧹 ЛИШНЯЯ ЗАПИСЬ (увольнение): message_id=1516123344918024345 (сообщение удалено)
2026-06-20 15:42:01,046 - services.health_report - WARNING - 🧹 ЛИШНЯЯ ЗАПИСЬ (склад): message_id=1515402802786992148 (сообщение удалено)
2026-06-20 15:42:01,327 - services.health_report - WARNING - 🧹 ЛИШНЯЯ ЗАПИСЬ (склад): message_id=1515801730594508981 (сообщение удалено)
2026-06-20 15:42:01,629 - services.health_report - WARNING - 🧹 ЛИШНЯЯ ЗАПИСЬ (склад): message_id=1516114081881526322 (сообщение удалено)
2026-06-20 15:42:01,930 - services.health_report - WARNING - 🧹 ЛИШНЯЯ ЗАПИСЬ (повышение): message_id=1515441527495594004 (сообщение удалено)
2026-06-20 15:42:02,220 - services.health_report - WARNING - 🧹 ЛИШНЯЯ ЗАПИСЬ (повышение): message_id=1515466312967651460 (сообщение удалено)
2026-06-20 15:42:02,495 - services.health_report - WARNING - 🧹 ЛИШНЯЯ ЗАПИСЬ (повышение): message_id=1515779319002169475 (сообщение удалено)
2026-06-20 15:42:03,275 - services.health_report - WARNING - 🧹 ЛИШНЯЯ ЗАПИСЬ (повышение): message_id=1515806228171718717 (сообщение удалено)
2026-06-20 15:42:03,559 - services.health_report - WARNING - 🧹 ЛИШНЯЯ ЗАПИСЬ (повышение): message_id=1515817587278221400 (сообщение удалено)
2026-06-20 15:42:07,930 - services.health_report - WARNING - 🧹 ЛИШНЯЯ ЗАПИСЬ (повышение): message_id=1515822851087798342 (сообщение удалено)
2026-06-20 15:42:08,212 - services.health_report - WARNING - 🧹 ЛИШНЯЯ ЗАПИСЬ (повышение): message_id=1515983272281112667 (сообщение удалено)
2026-06-20 15:42:08,501 - services.health_report - WARNING - 🧹 ЛИШНЯЯ ЗАПИСЬ (повышение): message_id=1516040108397301830 (сообщение удалено)
2026-06-20 15:42:08,787 - services.health_report - WARNING - 🧹 ЛИШНЯЯ ЗАПИСЬ (повышение): message_id=1516052747307319396 (сообщение удалено)
2026-06-20 15:42:09,131 - services.health_report - WARNING - 🧹 ЛИШНЯЯ ЗАПИСЬ (повышение): message_id=1516094665118584884 (сообщение удалено)
2026-06-20 15:42:09,477 - services.health_report - WARNING - 🧹 ЛИШНЯЯ ЗАПИСЬ (повышение): message_id=1516097916941500486 (сообщение удалено)
2026-06-20 15:42:14,228 - services.health_report - WARNING - 🧹 ЛИШНЯЯ ЗАПИСЬ (повышение): message_id=1516122223130181834 (сообщение удалено)
2026-06-20 15:42:15,467 - services.health_report - WARNING - 🧹 ЛИШНЯЯ ЗАПИСЬ (заявка перевод): message_id=1515635190133690488 (сообщение удалено)
2026-06-20 15:42:16,681 - services.health_report - WARNING - 🧹 ЛИШНЯЯ ЗАПИСЬ (заявка перевод): message_id=1516019436480364605 (сообщение удалено)
2026-06-20 15:42:17,896 - services.health_report - WARNING - 🧹 ЛИШНЯЯ ЗАПИСЬ (заявка перевод): message_id=1516033835614343309 (сообщение удалено)
2026-06-20 15:42:19,097 - services.health_report - WARNING - 🧹 ЛИШНЯЯ ЗАПИСЬ (заявка перевод): message_id=1516046242575290508 (сообщение удалено)
2026-06-20 15:42:19,098 - services.health_report - INFO - 🧹 Проверка лишних записей завершена
2026-06-20 15:42:19,098 - services.health_report - INFO - ======== ОТЧЁТ О СОСТОЯНИИ ГОТОВ ========
2026-06-20 15:42:19,098 - utils.startup_log - INFO -     • Отчёт состояния — выведен выше
2026-06-20 15:42:20,617 - utils.startup_log - INFO -     • Сообщения для рапортов — проверены/созданы
2026-06-20 15:42:20,618 - utils.startup_log - INFO - 
2026-06-20 15:42:20,618 - utils.startup_log - INFO -   ▶ Фоновые задачи
2026-06-20 15:42:20,618 - utils.startup_log - INFO -   ──────────────────────────────────────────────────
2026-06-20 15:42:20,618 - services.worker_queue - INFO - Воркер очереди задач запущен
2026-06-20 15:42:20,618 - events - INFO - Запущена фоновая задача: start_position_checker
2026-06-20 15:42:20,618 - events - INFO - Запущена фоновая задача: warehouse_position_checker
2026-06-20 15:42:20,618 - events - INFO - Запущена фоновая задача: cleanup_manager
2026-06-20 15:42:20,618 - events - INFO - Запущена фоновая задача: apply_grom_position_checker
2026-06-20 15:42:20,618 - events - INFO - Запущена фоновая задача: apply_pps_position_checker
2026-06-20 15:42:20,618 - events - INFO - Запущена фоновая задача: apply_osb_position_checker
2026-06-20 15:42:20,619 - events - INFO - Запущена фоновая задача: apply_orls_position_checker
2026-06-20 15:42:20,619 - events - INFO - Запущена фоновая задача: academy_apply_position_checker
2026-06-20 15:42:20,619 - events - INFO - Запущена фоновая задача: admin_transfer_position_checker
2026-06-20 15:42:20,619 - events - INFO - Запущена фоновая задача: firing_position_checker
2026-06-20 15:42:20,619 - events - INFO - Запущена фоновая задача: promotion_setup_position_check
2026-06-20 15:42:20,623 - services.cleanup - INFO - 🧠 SQLite optimize выполнен
2026-06-20 15:42:20,664 - services.cleanup - INFO - 🧹 Удалено черновиков ОРЛС (старше 14 дней): 1
2026-06-20 15:42:20,666 - services.warehouse_session - INFO - 🧹 WarehouseSession: очищено 94 старых сессий
2026-06-20 15:42:20,666 - services.cleanup - INFO - 🧹 Очищено просроченных сессий склада: 94
2026-06-20 15:42:20,666 - services.cleanup - INFO - 🧹 Периодическая очистка завершена
2026-06-20 15:42:20,666 - utils.startup_log - INFO - 
2026-06-20 15:42:20,666 - utils.startup_log - INFO - ╔══════════════════════════════════════════════════╗
2026-06-20 15:42:20,667 - utils.startup_log - INFO - ║ БОТ ГОТОВ К РАБОТЕ                               ║
2026-06-20 15:42:20,667 - utils.startup_log - INFO - ║                                                  ║
2026-06-20 15:42:20,667 - utils.startup_log - INFO - ║ Помощник#1719                                    ║
2026-06-20 15:42:20,667 - utils.startup_log - INFO - ║ ЧВК Варкин (ID: 1470858553530257473)             ║
2026-06-20 15:42:20,667 - utils.startup_log - INFO - ╚══════════════════════════════════════════════════╝
2026-06-20 15:42:20,667 - utils.startup_log - INFO - 
2026-06-20 15:42:20,667 - utils.startup_log - INFO - done
2026-06-20 15:42:21,489 - services.base_position - INFO - Сообщение не найдено в канале 1517833889362481182 - создаем
2026-06-20 15:42:22,634 - services.base_position - INFO - 🔄 Сообщение обновлено в канале 1517833889362481182 (msg_id=1517872237066194987)
2026-06-20 15:44:16,692 - __main__ - INFO - Остановка бота по запросу пользователя
2026-06-20 15:44:16,692 - services.worker_queue - INFO - Воркер очереди задач остановлен
2026-06-20 15:44:16,693 - services.worker_queue - INFO - Воркер очереди задач остановлен по CancelledError
2026-06-20 15:44:16,693 - services.base_position - INFO - Фоновая проверка позиции остановлена (канал 1482723021805584605)
2026-06-20 15:44:16,693 - services.base_position - INFO - Фоновая проверка позиции остановлена (канал 1471112353184616629)
2026-06-20 15:44:16,693 - services.cleanup - INFO - Фоновая задача очистки остановлена по CancelledError
2026-06-20 15:44:16,693 - services.base_position - INFO - Фоновая проверка позиции остановлена (канал 1517833352185380925)
2026-06-20 15:44:16,693 - services.base_position - INFO - Фоновая проверка позиции остановлена (канал 1517833799818547222)
2026-06-20 15:44:16,693 - services.base_position - INFO - Фоновая проверка позиции остановлена (канал 1517833889362481182)
2026-06-20 15:44:16,693 - services.base_position - INFO - Фоновая проверка позиции остановлена (канал 1517833579059740682)
2026-06-20 15:44:16,693 - services.base_position - INFO - Фоновая проверка позиции остановлена (канал 1503034563184693338)
2026-06-20 15:44:16,693 - services.base_position - INFO - Фоновая проверка позиции остановлена (канал 1517834808011657327)
2026-06-20 15:44:16,694 - services.base_position - INFO - Фоновая проверка позиции остановлена (канал 1517132584142770207)
2026-06-20 15:44:16,694 - events - WARNING - Фоновая задача 'start_position_checker' отменена
2026-06-20 15:44:16,694 - events - WARNING - Фоновая задача 'warehouse_position_checker' отменена
2026-06-20 15:44:16,694 - events - WARNING - Фоновая задача 'cleanup_manager' отменена
2026-06-20 15:44:16,694 - events - WARNING - Фоновая задача 'apply_grom_position_checker' отменена
2026-06-20 15:44:16,694 - events - WARNING - Фоновая задача 'apply_pps_position_checker' отменена
2026-06-20 15:44:16,694 - events - WARNING - Фоновая задача 'apply_osb_position_checker' отменена
2026-06-20 15:44:16,694 - events - WARNING - Фоновая задача 'apply_orls_position_checker' отменена
2026-06-20 15:44:16,694 - events - WARNING - Фоновая задача 'academy_apply_position_checker' отменена
2026-06-20 15:44:16,695 - events - WARNING - Фоновая задача 'admin_transfer_position_checker' отменена
2026-06-20 15:44:16,695 - events - WARNING - Фоновая задача 'firing_position_checker' отменена
2026-06-20 15:44:16,695 - events - WARNING - Фоновая задача 'promotion_setup_position_check' отменена
2026-06-20 15:44:16,731 - __main__ - INFO - Соединение с БД закрыто
2026-06-20 15:44:19,631 - discord.gateway - INFO - Shard ID None has connected to Gateway (Session ID: 85b3272d26251f89261ed502dc559001).
2026-06-20 15:44:21,648 - utils.startup_log - INFO - ╔══════════════════════════════════════════════════╗
2026-06-20 15:44:21,648 - utils.startup_log - INFO - ║ БОТ УВД — ЗАПУСК                                 ║
2026-06-20 15:44:21,649 - utils.startup_log - INFO - ╚══════════════════════════════════════════════════╝
2026-06-20 15:44:21,649 - utils.startup_log - INFO - 
2026-06-20 15:44:21,649 - utils.startup_log - INFO -   ▶ Подключение
2026-06-20 15:44:21,649 - utils.startup_log - INFO -   ──────────────────────────────────────────────────
2026-06-20 15:44:21,649 - utils.startup_log - INFO -     • Бот — Помощник#1719
2026-06-20 15:44:21,649 - utils.startup_log - INFO -     • ID бота — 1508421824227053629
2026-06-20 15:44:21,649 - utils.startup_log - INFO - 
2026-06-20 15:44:21,649 - utils.startup_log - INFO -   ▶ База данных
2026-06-20 15:44:21,649 - utils.startup_log - INFO -   ──────────────────────────────────────────────────
2026-06-20 15:44:21,653 - database - INFO - БД: открыто новое соединение (path=data/bot.db, journal_mode=WAL, foreign_keys=ON)
2026-06-20 15:44:21,657 - utils.startup_log - INFO -     • БД подключена — OK
2026-06-20 15:44:21,659 - services.warehouse_session - INFO - WarehouseSession: загружено 94 сессий из БД
2026-06-20 15:44:21,659 - utils.startup_log - INFO -     • Сессии склада — загружены из БД
2026-06-20 15:44:21,660 - services.warehouse_cooldown - INFO - WarehouseCooldown: загружено 102 записей из БД
2026-06-20 15:44:21,661 - utils.startup_log - INFO -     • Кулдауны склада — загружены из БД
2026-06-20 15:44:21,661 - utils.startup_log - INFO - 
2026-06-20 15:44:21,661 - utils.startup_log - INFO -   ▶ Слэш-команды
2026-06-20 15:44:21,661 - utils.startup_log - INFO -   ──────────────────────────────────────────────────
2026-06-20 15:44:21,929 - utils.startup_log - INFO -     • Синхронизированы — orls_promotion_setup, osb_promotion_setup, grom_promotion_setup, pps_promotion_setup, promotion_setup_all
2026-06-20 15:44:21,929 - utils.startup_log - INFO - 
2026-06-20 15:44:21,929 - utils.startup_log - INFO -   ▶ Восстановление View
2026-06-20 15:44:21,929 - utils.startup_log - INFO -   ──────────────────────────────────────────────────
2026-06-20 15:44:21,929 - services.restore_views - INFO - Восстановление View...
2026-06-20 15:44:21,931 - services.restore_views - INFO - Стартовые View восстановлены
2026-06-20 15:44:21,937 - services.restore_views - INFO - 📦 Загружено из БД: заявок=0, увольнений=0, повышений=0, склад=0, переводы=0
2026-06-20 15:44:21,937 - services.restore_views - INFO - 🔨 Восстановлено кнопок заявок: 0 | удалено из БД: 0 | пропущено: 0
2026-06-20 15:44:21,937 - services.restore_views - INFO - 🔨 Восстановлено кнопок увольнений: 0 | удалено из БД: 0 | пропущено: 0
2026-06-20 15:44:21,937 - services.restore_views - INFO - 🔨 Восстановлено кнопок повышений: 0 | удалено из БД: 0 | пропущено: 0
2026-06-20 15:44:21,937 - services.restore_views - INFO - 🔨 Восстановлено кнопок склада: 0 | удалено из БД: 0 | пропущено: 0
2026-06-20 15:44:21,937 - services.restore_views - INFO - 🔨 Восстановлено кнопок заявок на перевод: 0 | удалено из БД: 0 | пропущено: 0
2026-06-20 15:44:21,938 - services.restore_views - INFO - Восстановление View завершено
2026-06-20 15:44:21,938 - utils.startup_log - INFO -     • View восстановлены — OK
2026-06-20 15:44:21,938 - utils.startup_log - INFO - 
2026-06-20 15:44:21,938 - utils.startup_log - INFO -   ▶ Проверки при запуске
2026-06-20 15:44:21,938 - utils.startup_log - INFO -   ──────────────────────────────────────────────────
2026-06-20 15:44:21,938 - services.startup_checks - INFO - ========== ПРОВЕРКА ПРИ ЗАПУСКЕ ==========
2026-06-20 15:44:21,938 - services.startup_checks - INFO - ✅ Сервер: ЧВК Варкин (ID=1470858553530257473)
2026-06-20 15:44:21,938 - services.startup_checks - INFO - ✅ Бот: Помощник#1719 | верхняя роль='Командир Полка' | позиция=78
2026-06-20 15:44:21,938 - services.startup_checks - INFO - ✅ START_CHANNEL_ID: канал найден и доступен (ID=1482723021805584605)
2026-06-20 15:44:21,939 - services.startup_checks - INFO - ✅ REQUEST_CHANNEL_ID: канал найден и доступен (ID=1482723021805584605)
2026-06-20 15:44:21,939 - services.startup_checks - INFO - ✅ FIRING_CHANNEL_ID: канал найден и доступен (ID=1517132584142770207)
2026-06-20 15:44:21,939 - services.startup_checks - INFO - ✅ WAREHOUSE_REQUEST_CHANNEL_ID: канал найден и доступен (ID=1471112353184616629)
2026-06-20 15:44:21,939 - services.startup_checks - INFO - ✅ WAREHOUSE_AUDIT_CHANNEL_ID: канал найден и доступен (ID=1471947080200356017)
2026-06-20 15:44:21,939 - services.startup_checks - INFO - ✅ ACADEMY_CHANNEL_ID: канал найден и доступен (ID=1503034563184693338)
2026-06-20 15:44:21,939 - services.startup_checks - INFO - ✅ EXAM_CHANNEL_ID: канал найден и доступен (ID=1517849406433529856)
2026-06-20 15:44:21,939 - services.startup_checks - INFO - ✅ CHANNEL_APPLY_GROM: канал найден и доступен (ID=1517833352185380925)
2026-06-20 15:44:21,939 - services.startup_checks - INFO - ✅ CHANNEL_APPLY_PPS: канал найден и доступен (ID=1517833799818547222)
2026-06-20 15:44:21,940 - services.startup_checks - INFO - ✅ CHANNEL_APPLY_OSB: канал найден и доступен (ID=1517833889362481182)
2026-06-20 15:44:21,940 - services.startup_checks - INFO - ✅ CHANNEL_APPLY_ORLS: канал найден и доступен (ID=1517833579059740682)
2026-06-20 15:44:21,940 - services.startup_checks - INFO - ✅ CHANNEL_ADMIN_TRANSFER: канал найден и доступен (ID=1517834808011657327)
2026-06-20 15:44:21,940 - services.startup_checks - INFO - ✅ CHANNEL_CADRE_LOG: канал найден и доступен (ID=1517164403030753331)
2026-06-20 15:44:21,940 - services.startup_checks - INFO - ✅ STAFF_ROLE_ID: роль найдена (ID=1508437640263761952, name='Кадровый отдел')
2026-06-20 15:44:21,940 - services.startup_checks - INFO - ✅ TRANSFER_STAFF_ROLE_ID: роль найдена (ID=1508437640263761952, name='Кадровый отдел')
2026-06-20 15:44:21,940 - services.startup_checks - INFO - ✅ GOV_STAFF_ROLE_ID: роль найдена (ID=1508437640263761952, name='Кадровый отдел')
2026-06-20 15:44:21,940 - services.startup_checks - INFO - ✅ FIRING_STAFF_ROLE_ID: роль найдена (ID=1508437640263761952, name='Кадровый отдел')
2026-06-20 15:44:21,940 - services.startup_checks - INFO - ✅ FIRING_SENIOR_ROLE_ID: роль найдена (ID=1508437640263761952, name='Кадровый отдел')
2026-06-20 15:44:21,940 - services.startup_checks - INFO - ✅ WAREHOUSE_STAFF_ROLE_ID: роль найдена (ID=1508437640263761952, name='Кадровый отдел')
2026-06-20 15:44:21,941 - services.startup_checks - INFO - ✅ FIRED_ROLE_ID: роль найдена (ID=1500219579539128401, name='уволен')
2026-06-20 15:44:21,941 - services.startup_checks - WARNING - ⚠️ ROLES_TO_KEEP_ON_FIRE: список пустой
2026-06-20 15:44:21,941 - services.startup_checks - INFO - ✅ CADET_ROLES_TO_GIVE -> 1517132125504147519: роль найдена (ID=1517132125504147519, name='рядовой')
2026-06-20 15:44:21,941 - services.startup_checks - INFO - ✅ TRANSFER_ROLES_TO_GIVE -> 1483105783179771987: роль найдена (ID=1483105783179771987, name='ЧВК')
2026-06-20 15:44:21,941 - services.startup_checks - INFO - ✅ GOV_ROLE_TO_GIVE: роль найдена (ID=1500213796638298213, name='Гос Служащий')
2026-06-20 15:44:21,941 - services.startup_checks - INFO - ✅ PPS_ROLE_IDS -> 1517184354940485782: роль найдена (ID=1517184354940485782, name='ППС')
2026-06-20 15:44:21,941 - services.startup_checks - INFO - ✅ PPS_ROLE_IDS -> 1483154326829404312: роль найдена (ID=1483154326829404312, name='Ведьма')
2026-06-20 15:44:21,941 - services.startup_checks - INFO - ✅ ROLE_CHIEF_GROM: роль найдена (ID=1483444017520840916, name='Командир СОБР')
2026-06-20 15:44:21,941 - services.startup_checks - INFO - ✅ ROLE_DEPUTY_GROM: роль найдена (ID=1483444111330644099, name='Зам. Ком. СОБР')
2026-06-20 15:44:21,941 - services.startup_checks - INFO - ✅ ROLE_CHIEF_PPS: роль найдена (ID=1483444197527912481, name='Командир АВНГ')
2026-06-20 15:44:21,941 - services.startup_checks - INFO - ✅ ROLE_DEPUTY_PPS: роль найдена (ID=1483444604207501343, name='Зам. ком. УВО')
2026-06-20 15:44:21,941 - services.startup_checks - INFO - ✅ ROLE_CHIEF_OSB: роль найдена (ID=1483444329216348332, name='Начальник ОСБ')
2026-06-20 15:44:21,942 - services.startup_checks - INFO - ✅ ROLE_DEPUTY_OSB: роль найдена (ID=1483444394647486534, name='Зам. Нач. ОСБ')
2026-06-20 15:44:21,942 - services.startup_checks - INFO - ✅ ROLE_CHIEF_ORLS: роль найдена (ID=1483444847250636832, name='Командир УВО')
2026-06-20 15:44:21,942 - services.startup_checks - INFO - ✅ ROLE_DEPUTY_ORLS: роль найдена (ID=1483444604207501343, name='Зам. ком. УВО')
2026-06-20 15:44:21,942 - services.startup_checks - INFO - ✅ ROLE_DEPT_GROM: роль найдена (ID=1483445935739502745, name='СОБР')
2026-06-20 15:44:21,942 - services.startup_checks - INFO - ✅ ROLE_DEPT_PPS: роль найдена (ID=1471110817779810324, name='Рядовой')
2026-06-20 15:44:21,942 - services.startup_checks - INFO - ✅ ROLE_DEPT_OSB: роль найдена (ID=1483445838184185979, name='ОСБ')
2026-06-20 15:44:21,942 - services.startup_checks - INFO - ✅ ROLE_DEPT_ORLS: роль найдена (ID=1471110817779810324, name='Рядовой')
2026-06-20 15:44:21,942 - services.startup_checks - WARNING - ⚠️ ROLE_RANK_GROM: список пустой
2026-06-20 15:44:21,942 - services.startup_checks - INFO - ✅ ROLE_RANK_PPS -> 1487044914624856174: роль найдена (ID=1487044914624856174, name='белая ворона')
2026-06-20 15:44:21,942 - services.startup_checks - INFO - ✅ ROLE_RANK_OSB -> 1471110087107018822: роль найдена (ID=1471110087107018822, name='Шпион')
2026-06-20 15:44:21,942 - services.startup_checks - WARNING - ⚠️ ROLE_RANK_ORLS: список пустой
2026-06-20 15:44:21,943 - services.startup_checks - INFO - ✅ ROLE_ACADEMY: роль найдена (ID=1508437640263761952, name='Кадровый отдел')
2026-06-20 15:44:21,943 - services.startup_checks - INFO - ✅ ROLE_DEPT_ACADEMY: роль найдена (ID=1483446295174582282, name='АВНГ')
2026-06-20 15:44:21,943 - services.startup_checks - INFO - ✅ ROLE_PASSED_ACADEMY: роль найдена (ID=1471114268450623550, name='Ефрейтор')
2026-06-20 15:44:21,943 - services.startup_checks - INFO - ✅ Канал повышений 1471108664457826446: канал найден и доступен (ID=1471108664457826446)
2026-06-20 15:44:21,943 - services.startup_checks - INFO - ✅ Роль кадровика для канала повышений 1471108664457826446: роль найдена (ID=1508437640263761952, name='Кадровый отдел')
2026-06-20 15:44:21,943 - services.startup_checks - INFO - ✅ ALL_RANK_ROLE_IDS -> 1517132125504147519: роль найдена (ID=1517132125504147519, name='рядовой')
2026-06-20 15:44:21,943 - services.startup_checks - INFO - ✅ ALL_RANK_ROLE_IDS -> 1517855095033827428: роль найдена (ID=1517855095033827428, name='младший сержант')
2026-06-20 15:44:21,943 - services.startup_checks - INFO - ✅ ALL_RANK_ROLE_IDS -> 1500207254765437048: роль найдена (ID=1500207254765437048, name='Майор')
2026-06-20 15:44:21,943 - services.startup_checks - ERROR - ❌ RANK_ROLE_MAPPING: роль не найдена для 'Рядовой -> Младший Сержант' (ID=0)
2026-06-20 15:44:21,944 - services.startup_checks - INFO - ✅ Канал рапортов ОРЛС: канал найден и доступен (ID=1517850589852205106)
2026-06-20 15:44:21,944 - services.startup_checks - INFO - ✅ Канал рапортов ОСБ: канал найден и доступен (ID=1517850633502199838)
2026-06-20 15:44:21,944 - services.startup_checks - INFO - ✅ Канал рапортов ГРОМ: канал найден и доступен (ID=1517850560110530581)
2026-06-20 15:44:21,944 - services.startup_checks - INFO - ✅ Канал рапортов ППС: канал найден и доступен (ID=1517850560110530581)
2026-06-20 15:44:21,944 - services.startup_checks - INFO - ✅ У бота есть право 'Управлять ролями'
2026-06-20 15:44:21,944 - services.startup_checks - INFO - ✅ У бота есть право 'Управлять никами'
2026-06-20 15:44:21,944 - services.startup_checks - INFO - ======== ПРОВЕРКА ПРИ ЗАПУСКЕ ЗАВЕРШЕНА ========
2026-06-20 15:44:21,944 - utils.startup_log - INFO -     • Каналы и роли — проверены
2026-06-20 15:44:21,944 - utils.startup_log - INFO - 
2026-06-20 15:44:21,944 - utils.startup_log - INFO -   ▶ Состояние
2026-06-20 15:44:21,945 - utils.startup_log - INFO -   ──────────────────────────────────────────────────
2026-06-20 15:44:21,945 - services.health_report - INFO - ========== ОТЧЁТ О СОСТОЯНИИ ==========
2026-06-20 15:44:21,945 - services.health_report - INFO - 📊 ПАМЯТЬ | заявки=0 | увольнения=0 | повышения=0 | склад=0 | переводы=0 | черновики_ОРЛС=0 ОСБ=0 ГРОМ=0 ППС=0 Акад=0 | сообщ_рапортов=0
2026-06-20 15:44:21,948 - services.health_report - INFO - 🗄️ БАЗА   | заявки=8 | увольнения=38 | повышения=12 | склад=3 | переводы=4
2026-06-20 15:44:21,948 - services.health_report - INFO - 🧹 Проверка осиротевших записей (только проверка=True)...
2026-06-20 15:44:22,296 - services.health_report - WARNING - 🧹 ЛИШНЯЯ ЗАПИСЬ (увольнение): message_id=1515432583754813460 (сообщение удалено)
2026-06-20 15:44:22,592 - services.health_report - WARNING - 🧹 ЛИШНЯЯ ЗАПИСЬ (увольнение): message_id=1515456223699275778 (сообщение удалено)
2026-06-20 15:44:22,938 - services.health_report - WARNING - 🧹 ЛИШНЯЯ ЗАПИСЬ (увольнение): message_id=1515456972412026950 (сообщение удалено)
2026-06-20 15:44:23,261 - services.health_report - WARNING - 🧹 ЛИШНЯЯ ЗАПИСЬ (увольнение): message_id=1515458280456196126 (сообщение удалено)
2026-06-20 15:44:23,594 - services.health_report - WARNING - 🧹 ЛИШНЯЯ ЗАПИСЬ (увольнение): message_id=1515469392010547350 (сообщение удалено)
2026-06-20 15:44:28,290 - services.health_report - WARNING - 🧹 ЛИШНЯЯ ЗАПИСЬ (увольнение): message_id=1515493833436172369 (сообщение удалено)
2026-06-20 15:44:28,627 - services.health_report - WARNING - 🧹 ЛИШНЯЯ ЗАПИСЬ (увольнение): message_id=1515494822079631450 (сообщение удалено)
2026-06-20 15:44:28,918 - services.health_report - WARNING - 🧹 ЛИШНЯЯ ЗАПИСЬ (увольнение): message_id=1515648848419098737 (сообщение удалено)
2026-06-20 15:44:29,295 - services.health_report - WARNING - 🧹 ЛИШНЯЯ ЗАПИСЬ (увольнение): message_id=1515650958481297408 (сообщение удалено)
2026-06-20 15:44:29,600 - services.health_report - WARNING - 🧹 ЛИШНЯЯ ЗАПИСЬ (увольнение): message_id=1515667237967499325 (сообщение удалено)
2026-06-20 15:44:29,891 - services.health_report - WARNING - 🧹 ЛИШНЯЯ ЗАПИСЬ (увольнение): message_id=1515692600248762378 (сообщение удалено)
2026-06-20 15:44:34,591 - services.health_report - WARNING - 🧹 ЛИШНЯЯ ЗАПИСЬ (увольнение): message_id=1515699543361060867 (сообщение удалено)
2026-06-20 15:44:34,919 - services.health_report - WARNING - 🧹 ЛИШНЯЯ ЗАПИСЬ (увольнение): message_id=1515701733739724992 (сообщение удалено)
2026-06-20 15:44:35,211 - services.health_report - WARNING - 🧹 ЛИШНЯЯ ЗАПИСЬ (увольнение): message_id=1515709485493129397 (сообщение удалено)
2026-06-20 15:44:35,483 - services.health_report - WARNING - 🧹 ЛИШНЯЯ ЗАПИСЬ (увольнение): message_id=1515720643268841563 (сообщение удалено)
2026-06-20 15:44:35,857 - services.health_report - WARNING - 🧹 ЛИШНЯЯ ЗАПИСЬ (увольнение): message_id=1515732658825465877 (сообщение удалено)
2026-06-20 15:44:36,170 - services.health_report - WARNING - 🧹 ЛИШНЯЯ ЗАПИСЬ (увольнение): message_id=1515742143115825304 (сообщение удалено)
2026-06-20 15:44:40,936 - services.health_report - WARNING - 🧹 ЛИШНЯЯ ЗАПИСЬ (увольнение): message_id=1515760444458008637 (сообщение удалено)
2026-06-20 15:44:41,252 - services.health_report - WARNING - 🧹 ЛИШНЯЯ ЗАПИСЬ (увольнение): message_id=1515767188261175336 (сообщение удалено)
2026-06-20 15:44:41,599 - services.health_report - WARNING - 🧹 ЛИШНЯЯ ЗАПИСЬ (увольнение): message_id=1515796636750712912 (сообщение удалено)
2026-06-20 15:44:41,883 - services.health_report - WARNING - 🧹 ЛИШНЯЯ ЗАПИСЬ (увольнение): message_id=1515797414982717697 (сообщение удалено)
2026-06-20 15:44:42,219 - services.health_report - WARNING - 🧹 ЛИШНЯЯ ЗАПИСЬ (увольнение): message_id=1515806384296562738 (сообщение удалено)
2026-06-20 15:44:42,504 - services.health_report - WARNING - 🧹 ЛИШНЯЯ ЗАПИСЬ (увольнение): message_id=1515872430890025101 (сообщение удалено)
2026-06-20 15:44:47,235 - services.health_report - WARNING - 🧹 ЛИШНЯЯ ЗАПИСЬ (увольнение): message_id=1515959062016163941 (сообщение удалено)
2026-06-20 15:44:47,573 - services.health_report - WARNING - 🧹 ЛИШНЯЯ ЗАПИСЬ (увольнение): message_id=1515959970049556632 (сообщение удалено)
2026-06-20 15:44:47,892 - services.health_report - WARNING - 🧹 ЛИШНЯЯ ЗАПИСЬ (увольнение): message_id=1515968485094854700 (сообщение удалено)
2026-06-20 15:44:48,200 - services.health_report - WARNING - 🧹 ЛИШНЯЯ ЗАПИСЬ (увольнение): message_id=1515986481909600346 (сообщение удалено)
2026-06-20 15:44:48,527 - services.health_report - WARNING - 🧹 ЛИШНЯЯ ЗАПИСЬ (увольнение): message_id=1515993233690329128 (сообщение удалено)
2026-06-20 15:44:48,799 - services.health_report - WARNING - 🧹 ЛИШНЯЯ ЗАПИСЬ (увольнение): message_id=1516023710165766291 (сообщение удалено)
2026-06-20 15:44:53,626 - services.health_report - WARNING - 🧹 ЛИШНЯЯ ЗАПИСЬ (увольнение): message_id=1516036534128607282 (сообщение удалено)
2026-06-20 15:44:53,970 - services.health_report - WARNING - 🧹 ЛИШНЯЯ ЗАПИСЬ (увольнение): message_id=1516064178916429856 (сообщение удалено)
2026-06-20 15:44:54,256 - services.health_report - WARNING - 🧹 ЛИШНЯЯ ЗАПИСЬ (увольнение): message_id=1516068844425445499 (сообщение удалено)
2026-06-20 15:44:54,548 - services.health_report - WARNING - 🧹 ЛИШНЯЯ ЗАПИСЬ (увольнение): message_id=1516082593425264790 (сообщение удалено)
2026-06-20 15:44:54,844 - services.health_report - WARNING - 🧹 ЛИШНЯЯ ЗАПИСЬ (увольнение): message_id=1516093600453099682 (сообщение удалено)
2026-06-20 15:44:55,201 - services.health_report - WARNING - 🧹 ЛИШНЯЯ ЗАПИСЬ (увольнение): message_id=1516100743902265516 (сообщение удалено)
2026-06-20 15:44:59,937 - services.health_report - WARNING - 🧹 ЛИШНЯЯ ЗАПИСЬ (увольнение): message_id=1516113088200577125 (сообщение удалено)
2026-06-20 15:45:00,243 - services.health_report - WARNING - 🧹 ЛИШНЯЯ ЗАПИСЬ (увольнение): message_id=1516116820401066054 (сообщение удалено)
2026-06-20 15:45:00,551 - services.health_report - WARNING - 🧹 ЛИШНЯЯ ЗАПИСЬ (увольнение): message_id=1516123344918024345 (сообщение удалено)
2026-06-20 15:45:00,884 - services.health_report - WARNING - 🧹 ЛИШНЯЯ ЗАПИСЬ (склад): message_id=1515402802786992148 (сообщение удалено)
2026-06-20 15:45:01,201 - services.health_report - WARNING - 🧹 ЛИШНЯЯ ЗАПИСЬ (склад): message_id=1515801730594508981 (сообщение удалено)
2026-06-20 15:45:01,560 - services.health_report - WARNING - 🧹 ЛИШНЯЯ ЗАПИСЬ (склад): message_id=1516114081881526322 (сообщение удалено)
2026-06-20 15:45:01,852 - services.health_report - WARNING - 🧹 ЛИШНЯЯ ЗАПИСЬ (повышение): message_id=1515441527495594004 (сообщение удалено)
2026-06-20 15:45:02,162 - services.health_report - WARNING - 🧹 ЛИШНЯЯ ЗАПИСЬ (повышение): message_id=1515466312967651460 (сообщение удалено)
2026-06-20 15:45:02,447 - services.health_report - WARNING - 🧹 ЛИШНЯЯ ЗАПИСЬ (повышение): message_id=1515779319002169475 (сообщение удалено)
2026-06-20 15:45:02,750 - services.health_report - WARNING - 🧹 ЛИШНЯЯ ЗАПИСЬ (повышение): message_id=1515806228171718717 (сообщение удалено)
2026-06-20 15:45:03,149 - services.health_report - WARNING - 🧹 ЛИШНЯЯ ЗАПИСЬ (повышение): message_id=1515817587278221400 (сообщение удалено)
2026-06-20 15:45:07,873 - services.health_report - WARNING - 🧹 ЛИШНЯЯ ЗАПИСЬ (повышение): message_id=1515822851087798342 (сообщение удалено)
2026-06-20 15:45:08,210 - services.health_report - WARNING - 🧹 ЛИШНЯЯ ЗАПИСЬ (повышение): message_id=1515983272281112667 (сообщение удалено)
2026-06-20 15:45:08,507 - services.health_report - WARNING - 🧹 ЛИШНЯЯ ЗАПИСЬ (повышение): message_id=1516040108397301830 (сообщение удалено)
2026-06-20 15:45:08,792 - services.health_report - WARNING - 🧹 ЛИШНЯЯ ЗАПИСЬ (повышение): message_id=1516052747307319396 (сообщение удалено)
2026-06-20 15:45:09,090 - services.health_report - WARNING - 🧹 ЛИШНЯЯ ЗАПИСЬ (повышение): message_id=1516094665118584884 (сообщение удалено)
2026-06-20 15:45:09,376 - services.health_report - WARNING - 🧹 ЛИШНЯЯ ЗАПИСЬ (повышение): message_id=1516097916941500486 (сообщение удалено)
2026-06-20 15:45:14,210 - services.health_report - WARNING - 🧹 ЛИШНЯЯ ЗАПИСЬ (повышение): message_id=1516122223130181834 (сообщение удалено)
2026-06-20 15:45:15,417 - services.health_report - WARNING - 🧹 ЛИШНЯЯ ЗАПИСЬ (заявка перевод): message_id=1515635190133690488 (сообщение удалено)
2026-06-20 15:45:16,659 - services.health_report - WARNING - 🧹 ЛИШНЯЯ ЗАПИСЬ (заявка перевод): message_id=1516019436480364605 (сообщение удалено)
2026-06-20 15:45:17,816 - services.health_report - WARNING - 🧹 ЛИШНЯЯ ЗАПИСЬ (заявка перевод): message_id=1516033835614343309 (сообщение удалено)
2026-06-20 15:45:19,051 - services.health_report - WARNING - 🧹 ЛИШНЯЯ ЗАПИСЬ (заявка перевод): message_id=1516046242575290508 (сообщение удалено)
2026-06-20 15:45:19,051 - services.health_report - INFO - 🧹 Проверка лишних записей завершена
2026-06-20 15:45:19,051 - services.health_report - INFO - ======== ОТЧЁТ О СОСТОЯНИИ ГОТОВ ========
2026-06-20 15:45:19,051 - utils.startup_log - INFO -     • Отчёт состояния — выведен выше
2026-06-20 15:45:20,435 - utils.startup_log - INFO -     • Сообщения для рапортов — проверены/созданы
2026-06-20 15:45:20,436 - utils.startup_log - INFO - 
2026-06-20 15:45:20,436 - utils.startup_log - INFO -   ▶ Фоновые задачи
2026-06-20 15:45:20,436 - utils.startup_log - INFO -   ──────────────────────────────────────────────────
2026-06-20 15:45:20,436 - services.worker_queue - INFO - Воркер очереди задач запущен
2026-06-20 15:45:20,436 - events - INFO - Запущена фоновая задача: start_position_checker
2026-06-20 15:45:20,436 - events - INFO - Запущена фоновая задача: warehouse_position_checker
2026-06-20 15:45:20,436 - events - INFO - Запущена фоновая задача: cleanup_manager
2026-06-20 15:45:20,436 - events - INFO - Запущена фоновая задача: apply_grom_position_checker
2026-06-20 15:45:20,437 - events - INFO - Запущена фоновая задача: apply_pps_position_checker
2026-06-20 15:45:20,437 - events - INFO - Запущена фоновая задача: apply_osb_position_checker
2026-06-20 15:45:20,437 - events - INFO - Запущена фоновая задача: apply_orls_position_checker
2026-06-20 15:45:20,437 - events - INFO - Запущена фоновая задача: academy_apply_position_checker
2026-06-20 15:45:20,437 - events - INFO - Запущена фоновая задача: admin_transfer_position_checker
2026-06-20 15:45:20,437 - events - INFO - Запущена фоновая задача: firing_position_checker
2026-06-20 15:45:20,437 - events - INFO - Запущена фоновая задача: promotion_setup_position_check
2026-06-20 15:45:20,444 - services.cleanup - INFO - 🧠 SQLite optimize выполнен
2026-06-20 15:45:20,447 - services.warehouse_session - INFO - 🧹 WarehouseSession: очищено 94 старых сессий
2026-06-20 15:45:20,447 - services.cleanup - INFO - 🧹 Очищено просроченных сессий склада: 94
2026-06-20 15:45:20,448 - services.cleanup - INFO - 🧹 Периодическая очистка завершена
2026-06-20 15:45:20,448 - utils.startup_log - INFO - 
2026-06-20 15:45:20,448 - utils.startup_log - INFO - ╔══════════════════════════════════════════════════╗
2026-06-20 15:45:20,448 - utils.startup_log - INFO - ║ БОТ ГОТОВ К РАБОТЕ                               ║
2026-06-20 15:45:20,448 - utils.startup_log - INFO - ║                                                  ║
2026-06-20 15:45:20,448 - utils.startup_log - INFO - ║ Помощник#1719                                    ║
2026-06-20 15:45:20,448 - utils.startup_log - INFO - ║ ЧВК Варкин (ID: 1470858553530257473)             ║
2026-06-20 15:45:20,448 - utils.startup_log - INFO - ╚══════════════════════════════════════════════════╝
2026-06-20 15:45:20,448 - utils.startup_log - INFO - 
2026-06-20 15:45:20,448 - utils.startup_log - INFO - done
2026-06-20 15:45:21,419 - services.base_position - INFO - Сообщение не внизу канала 1517833889362481182 - перемещаем
2026-06-20 15:45:22,480 - services.base_position - INFO - 🔄 Сообщение обновлено в канале 1517833889362481182 (msg_id=1517872992628248748)
2026-06-20 15:51:23,833 - services.base_position - INFO - Сообщение не внизу канала 1517833889362481182 - перемещаем
2026-06-20 15:51:25,346 - services.base_position - INFO - 🔄 Сообщение обновлено в канале 1517833889362481182 (msg_id=1517874513600184403)
2026-06-20 15:54:25,724 - services.base_position - INFO - Сообщение 1517874513600184403 не найдено в канале 1517833889362481182
2026-06-20 15:54:26,365 - services.base_position - INFO - Сообщение не найдено в канале 1517833889362481182 - создаем
2026-06-20 15:54:27,044 - services.base_position - INFO - 🔄 Сообщение обновлено в канале 1517833889362481182 (msg_id=1517875277122895883)
2026-06-20 15:55:09,211 - __main__ - INFO - Остановка бота по запросу пользователя
2026-06-20 15:55:09,211 - services.worker_queue - INFO - Воркер очереди задач остановлен
2026-06-20 15:55:09,212 - services.worker_queue - INFO - Воркер очереди задач остановлен по CancelledError
2026-06-20 15:55:09,212 - services.base_position - INFO - Фоновая проверка позиции остановлена (канал 1482723021805584605)
2026-06-20 15:55:09,212 - services.base_position - INFO - Фоновая проверка позиции остановлена (канал 1471112353184616629)
2026-06-20 15:55:09,212 - services.cleanup - INFO - Фоновая задача очистки остановлена по CancelledError
2026-06-20 15:55:09,212 - services.base_position - INFO - Фоновая проверка позиции остановлена (канал 1517833352185380925)
2026-06-20 15:55:09,212 - services.base_position - INFO - Фоновая проверка позиции остановлена (канал 1517833799818547222)
2026-06-20 15:55:09,212 - services.base_position - INFO - Фоновая проверка позиции остановлена (канал 1517833889362481182)
2026-06-20 15:55:09,212 - services.base_position - INFO - Фоновая проверка позиции остановлена (канал 1517833579059740682)
2026-06-20 15:55:09,212 - services.base_position - INFO - Фоновая проверка позиции остановлена (канал 1503034563184693338)
2026-06-20 15:55:09,212 - services.base_position - INFO - Фоновая проверка позиции остановлена (канал 1517834808011657327)
2026-06-20 15:55:09,213 - services.base_position - INFO - Фоновая проверка позиции остановлена (канал 1517132584142770207)
2026-06-20 15:55:09,213 - events - WARNING - Фоновая задача 'start_position_checker' отменена
2026-06-20 15:55:09,213 - events - WARNING - Фоновая задача 'warehouse_position_checker' отменена
2026-06-20 15:55:09,213 - events - WARNING - Фоновая задача 'cleanup_manager' отменена
2026-06-20 15:55:09,213 - events - WARNING - Фоновая задача 'apply_grom_position_checker' отменена
2026-06-20 15:55:09,213 - events - WARNING - Фоновая задача 'apply_pps_position_checker' отменена
2026-06-20 15:55:09,213 - events - WARNING - Фоновая задача 'apply_osb_position_checker' отменена
2026-06-20 15:55:09,213 - events - WARNING - Фоновая задача 'apply_orls_position_checker' отменена
2026-06-20 15:55:09,213 - events - WARNING - Фоновая задача 'academy_apply_position_checker' отменена
2026-06-20 15:55:09,214 - events - WARNING - Фоновая задача 'admin_transfer_position_checker' отменена
2026-06-20 15:55:09,214 - events - WARNING - Фоновая задача 'firing_position_checker' отменена
2026-06-20 15:55:09,214 - events - WARNING - Фоновая задача 'promotion_setup_position_check' отменена
2026-06-20 15:55:09,215 - __main__ - INFO - Соединение с БД закрыто
2026-06-20 15:55:12,005 - discord.gateway - INFO - Shard ID None has connected to Gateway (Session ID: 9ba662e17b46176a63abc5c865956d03).
2026-06-20 15:55:14,031 - utils.startup_log - INFO - ╔══════════════════════════════════════════════════╗
2026-06-20 15:55:14,031 - utils.startup_log - INFO - ║ БОТ УВД — ЗАПУСК                                 ║
2026-06-20 15:55:14,031 - utils.startup_log - INFO - ╚══════════════════════════════════════════════════╝
2026-06-20 15:55:14,031 - utils.startup_log - INFO - 
2026-06-20 15:55:14,031 - utils.startup_log - INFO -   ▶ Подключение
2026-06-20 15:55:14,031 - utils.startup_log - INFO -   ──────────────────────────────────────────────────
2026-06-20 15:55:14,031 - utils.startup_log - INFO -     • Бот — Помощник#1719
2026-06-20 15:55:14,032 - utils.startup_log - INFO -     • ID бота — 1508421824227053629
2026-06-20 15:55:14,032 - utils.startup_log - INFO - 
2026-06-20 15:55:14,032 - utils.startup_log - INFO -   ▶ База данных
2026-06-20 15:55:14,032 - utils.startup_log - INFO -   ──────────────────────────────────────────────────
2026-06-20 15:55:14,035 - database - INFO - БД: открыто новое соединение (path=data/bot.db, journal_mode=WAL, foreign_keys=ON)
2026-06-20 15:55:14,038 - utils.startup_log - INFO -     • БД подключена — OK
2026-06-20 15:55:14,040 - services.warehouse_session - INFO - WarehouseSession: загружено 94 сессий из БД
2026-06-20 15:55:14,040 - utils.startup_log - INFO -     • Сессии склада — загружены из БД
2026-06-20 15:55:14,041 - services.warehouse_cooldown - INFO - WarehouseCooldown: загружено 102 записей из БД
2026-06-20 15:55:14,041 - utils.startup_log - INFO -     • Кулдауны склада — загружены из БД
2026-06-20 15:55:14,041 - utils.startup_log - INFO - 
2026-06-20 15:55:14,041 - utils.startup_log - INFO -   ▶ Слэш-команды
2026-06-20 15:55:14,041 - utils.startup_log - INFO -   ──────────────────────────────────────────────────
2026-06-20 15:55:14,345 - utils.startup_log - INFO -     • Синхронизированы — orls_promotion_setup, osb_promotion_setup, grom_promotion_setup, pps_promotion_setup, promotion_setup_all
2026-06-20 15:55:14,345 - utils.startup_log - INFO - 
2026-06-20 15:55:14,345 - utils.startup_log - INFO -   ▶ Восстановление View
2026-06-20 15:55:14,345 - utils.startup_log - INFO -   ──────────────────────────────────────────────────
2026-06-20 15:55:14,345 - services.restore_views - INFO - Восстановление View...
2026-06-20 15:55:14,346 - services.restore_views - INFO - Стартовые View восстановлены
2026-06-20 15:55:14,350 - services.restore_views - INFO - 📦 Загружено из БД: заявок=0, увольнений=0, повышений=0, склад=0, переводы=0
2026-06-20 15:55:14,350 - services.restore_views - INFO - 🔨 Восстановлено кнопок заявок: 0 | удалено из БД: 0 | пропущено: 0
2026-06-20 15:55:14,350 - services.restore_views - INFO - 🔨 Восстановлено кнопок увольнений: 0 | удалено из БД: 0 | пропущено: 0
2026-06-20 15:55:14,350 - services.restore_views - INFO - 🔨 Восстановлено кнопок повышений: 0 | удалено из БД: 0 | пропущено: 0
2026-06-20 15:55:14,351 - services.restore_views - INFO - 🔨 Восстановлено кнопок склада: 0 | удалено из БД: 0 | пропущено: 0
2026-06-20 15:55:14,351 - services.restore_views - INFO - 🔨 Восстановлено кнопок заявок на перевод: 0 | удалено из БД: 0 | пропущено: 0
2026-06-20 15:55:14,351 - services.restore_views - INFO - Восстановление View завершено
2026-06-20 15:55:14,351 - utils.startup_log - INFO -     • View восстановлены — OK
2026-06-20 15:55:14,351 - utils.startup_log - INFO - 
2026-06-20 15:55:14,351 - utils.startup_log - INFO -   ▶ Проверки при запуске
2026-06-20 15:55:14,351 - utils.startup_log - INFO -   ──────────────────────────────────────────────────
2026-06-20 15:55:14,351 - services.startup_checks - INFO - ========== ПРОВЕРКА ПРИ ЗАПУСКЕ ==========
2026-06-20 15:55:14,351 - services.startup_checks - INFO - ✅ Сервер: ЧВК Варкин (ID=1470858553530257473)
2026-06-20 15:55:14,352 - services.startup_checks - INFO - ✅ Бот: Помощник#1719 | верхняя роль='Командир Полка' | позиция=78
2026-06-20 15:55:14,352 - services.startup_checks - INFO - ✅ START_CHANNEL_ID: канал найден и доступен (ID=1482723021805584605)
2026-06-20 15:55:14,352 - services.startup_checks - INFO - ✅ REQUEST_CHANNEL_ID: канал найден и доступен (ID=1482723021805584605)
2026-06-20 15:55:14,352 - services.startup_checks - INFO - ✅ FIRING_CHANNEL_ID: канал найден и доступен (ID=1517132584142770207)
2026-06-20 15:55:14,352 - services.startup_checks - INFO - ✅ WAREHOUSE_REQUEST_CHANNEL_ID: канал найден и доступен (ID=1471112353184616629)
2026-06-20 15:55:14,352 - services.startup_checks - INFO - ✅ WAREHOUSE_AUDIT_CHANNEL_ID: канал найден и доступен (ID=1471947080200356017)
2026-06-20 15:55:14,352 - services.startup_checks - INFO - ✅ ACADEMY_CHANNEL_ID: канал найден и доступен (ID=1503034563184693338)
2026-06-20 15:55:14,352 - services.startup_checks - INFO - ✅ EXAM_CHANNEL_ID: канал найден и доступен (ID=1517849406433529856)
2026-06-20 15:55:14,352 - services.startup_checks - INFO - ✅ CHANNEL_APPLY_GROM: канал найден и доступен (ID=1517833352185380925)
2026-06-20 15:55:14,353 - services.startup_checks - INFO - ✅ CHANNEL_APPLY_PPS: канал найден и доступен (ID=1517833799818547222)
2026-06-20 15:55:14,353 - services.startup_checks - INFO - ✅ CHANNEL_APPLY_OSB: канал найден и доступен (ID=1517833889362481182)
2026-06-20 15:55:14,353 - services.startup_checks - INFO - ✅ CHANNEL_APPLY_ORLS: канал найден и доступен (ID=1517833579059740682)
2026-06-20 15:55:14,353 - services.startup_checks - INFO - ✅ CHANNEL_ADMIN_TRANSFER: канал найден и доступен (ID=1517834808011657327)
2026-06-20 15:55:14,353 - services.startup_checks - INFO - ✅ CHANNEL_CADRE_LOG: канал найден и доступен (ID=1517164403030753331)
2026-06-20 15:55:14,353 - services.startup_checks - INFO - ✅ STAFF_ROLE_ID: роль найдена (ID=1508437640263761952, name='Кадровый отдел')
2026-06-20 15:55:14,353 - services.startup_checks - INFO - ✅ TRANSFER_STAFF_ROLE_ID: роль найдена (ID=1508437640263761952, name='Кадровый отдел')
2026-06-20 15:55:14,353 - services.startup_checks - INFO - ✅ GOV_STAFF_ROLE_ID: роль найдена (ID=1508437640263761952, name='Кадровый отдел')
2026-06-20 15:55:14,353 - services.startup_checks - INFO - ✅ FIRING_STAFF_ROLE_ID: роль найдена (ID=1508437640263761952, name='Кадровый отдел')
2026-06-20 15:55:14,353 - services.startup_checks - INFO - ✅ FIRING_SENIOR_ROLE_ID: роль найдена (ID=1508437640263761952, name='Кадровый отдел')
2026-06-20 15:55:14,353 - services.startup_checks - INFO - ✅ WAREHOUSE_STAFF_ROLE_ID: роль найдена (ID=1508437640263761952, name='Кадровый отдел')
2026-06-20 15:55:14,354 - services.startup_checks - INFO - ✅ FIRED_ROLE_ID: роль найдена (ID=1500219579539128401, name='уволен')
2026-06-20 15:55:14,354 - services.startup_checks - WARNING - ⚠️ ROLES_TO_KEEP_ON_FIRE: список пустой
2026-06-20 15:55:14,354 - services.startup_checks - INFO - ✅ CADET_ROLES_TO_GIVE -> 1517132125504147519: роль найдена (ID=1517132125504147519, name='рядовой')
2026-06-20 15:55:14,354 - services.startup_checks - INFO - ✅ TRANSFER_ROLES_TO_GIVE -> 1483105783179771987: роль найдена (ID=1483105783179771987, name='ЧВК')
2026-06-20 15:55:14,354 - services.startup_checks - INFO - ✅ GOV_ROLE_TO_GIVE: роль найдена (ID=1500213796638298213, name='Гос Служащий')
2026-06-20 15:55:14,354 - services.startup_checks - INFO - ✅ PPS_ROLE_IDS -> 1517184354940485782: роль найдена (ID=1517184354940485782, name='ППС')
2026-06-20 15:55:14,354 - services.startup_checks - INFO - ✅ PPS_ROLE_IDS -> 1483154326829404312: роль найдена (ID=1483154326829404312, name='Ведьма')
2026-06-20 15:55:14,354 - services.startup_checks - INFO - ✅ ROLE_CHIEF_GROM: роль найдена (ID=1483444017520840916, name='Командир СОБР')
2026-06-20 15:55:14,354 - services.startup_checks - INFO - ✅ ROLE_DEPUTY_GROM: роль найдена (ID=1483444111330644099, name='Зам. Ком. СОБР')
2026-06-20 15:55:14,354 - services.startup_checks - INFO - ✅ ROLE_CHIEF_PPS: роль найдена (ID=1483444197527912481, name='Командир АВНГ')
2026-06-20 15:55:14,354 - services.startup_checks - INFO - ✅ ROLE_DEPUTY_PPS: роль найдена (ID=1483444604207501343, name='Зам. ком. УВО')
2026-06-20 15:55:14,354 - services.startup_checks - INFO - ✅ ROLE_CHIEF_OSB: роль найдена (ID=1483444329216348332, name='Начальник ОСБ')
2026-06-20 15:55:14,355 - services.startup_checks - INFO - ✅ ROLE_DEPUTY_OSB: роль найдена (ID=1483444394647486534, name='Зам. Нач. ОСБ')
2026-06-20 15:55:14,355 - services.startup_checks - INFO - ✅ ROLE_CHIEF_ORLS: роль найдена (ID=1483444847250636832, name='Командир УВО')
2026-06-20 15:55:14,355 - services.startup_checks - INFO - ✅ ROLE_DEPUTY_ORLS: роль найдена (ID=1483444604207501343, name='Зам. ком. УВО')
2026-06-20 15:55:14,355 - services.startup_checks - INFO - ✅ ROLE_DEPT_GROM: роль найдена (ID=1483445935739502745, name='СОБР')
2026-06-20 15:55:14,355 - services.startup_checks - INFO - ✅ ROLE_DEPT_PPS: роль найдена (ID=1471110817779810324, name='Рядовой')
2026-06-20 15:55:14,355 - services.startup_checks - INFO - ✅ ROLE_DEPT_OSB: роль найдена (ID=1483445838184185979, name='ОСБ')
2026-06-20 15:55:14,355 - services.startup_checks - INFO - ✅ ROLE_DEPT_ORLS: роль найдена (ID=1471110817779810324, name='Рядовой')
2026-06-20 15:55:14,355 - services.startup_checks - WARNING - ⚠️ ROLE_RANK_GROM: список пустой
2026-06-20 15:55:14,355 - services.startup_checks - INFO - ✅ ROLE_RANK_PPS -> 1487044914624856174: роль найдена (ID=1487044914624856174, name='белая ворона')
2026-06-20 15:55:14,355 - services.startup_checks - INFO - ✅ ROLE_RANK_OSB -> 1471110087107018822: роль найдена (ID=1471110087107018822, name='Шпион')
2026-06-20 15:55:14,355 - services.startup_checks - WARNING - ⚠️ ROLE_RANK_ORLS: список пустой
2026-06-20 15:55:14,355 - services.startup_checks - INFO - ✅ ROLE_ACADEMY: роль найдена (ID=1508437640263761952, name='Кадровый отдел')
2026-06-20 15:55:14,356 - services.startup_checks - INFO - ✅ ROLE_DEPT_ACADEMY: роль найдена (ID=1483446295174582282, name='АВНГ')
2026-06-20 15:55:14,356 - services.startup_checks - INFO - ✅ ROLE_PASSED_ACADEMY: роль найдена (ID=1471114268450623550, name='Ефрейтор')
2026-06-20 15:55:14,356 - services.startup_checks - INFO - ✅ Канал повышений 1471108664457826446: канал найден и доступен (ID=1471108664457826446)
2026-06-20 15:55:14,356 - services.startup_checks - INFO - ✅ Роль кадровика для канала повышений 1471108664457826446: роль найдена (ID=1508437640263761952, name='Кадровый отдел')
2026-06-20 15:55:14,356 - services.startup_checks - INFO - ✅ ALL_RANK_ROLE_IDS -> 1517132125504147519: роль найдена (ID=1517132125504147519, name='рядовой')
2026-06-20 15:55:14,356 - services.startup_checks - INFO - ✅ ALL_RANK_ROLE_IDS -> 1517855095033827428: роль найдена (ID=1517855095033827428, name='младший сержант')
2026-06-20 15:55:14,356 - services.startup_checks - INFO - ✅ ALL_RANK_ROLE_IDS -> 1500207254765437048: роль найдена (ID=1500207254765437048, name='Майор')
2026-06-20 15:55:14,356 - services.startup_checks - ERROR - ❌ RANK_ROLE_MAPPING: роль не найдена для 'Рядовой -> Младший Сержант' (ID=0)
2026-06-20 15:55:14,356 - services.startup_checks - INFO - ✅ Канал рапортов ОРЛС: канал найден и доступен (ID=1517850589852205106)
2026-06-20 15:55:14,356 - services.startup_checks - INFO - ✅ Канал рапортов ОСБ: канал найден и доступен (ID=1517850633502199838)
2026-06-20 15:55:14,357 - services.startup_checks - INFO - ✅ Канал рапортов ГРОМ: канал найден и доступен (ID=1517850560110530581)
2026-06-20 15:55:14,357 - services.startup_checks - INFO - ✅ Канал рапортов ППС: канал найден и доступен (ID=1517850560110530581)
2026-06-20 15:55:14,357 - services.startup_checks - INFO - ✅ У бота есть право 'Управлять ролями'
2026-06-20 15:55:14,357 - services.startup_checks - INFO - ✅ У бота есть право 'Управлять никами'
2026-06-20 15:55:14,357 - services.startup_checks - INFO - ======== ПРОВЕРКА ПРИ ЗАПУСКЕ ЗАВЕРШЕНА ========
2026-06-20 15:55:14,357 - utils.startup_log - INFO -     • Каналы и роли — проверены
2026-06-20 15:55:14,357 - utils.startup_log - INFO - 
2026-06-20 15:55:14,357 - utils.startup_log - INFO -   ▶ Состояние
2026-06-20 15:55:14,357 - utils.startup_log - INFO -   ──────────────────────────────────────────────────
2026-06-20 15:55:14,357 - services.health_report - INFO - ========== ОТЧЁТ О СОСТОЯНИИ ==========
2026-06-20 15:55:14,357 - services.health_report - INFO - 📊 ПАМЯТЬ | заявки=0 | увольнения=0 | повышения=0 | склад=0 | переводы=0 | черновики_ОРЛС=0 ОСБ=0 ГРОМ=0 ППС=0 Акад=0 | сообщ_рапортов=0
2026-06-20 15:55:14,360 - services.health_report - INFO - 🗄️ БАЗА   | заявки=8 | увольнения=38 | повышения=12 | склад=3 | переводы=4
2026-06-20 15:55:14,361 - services.health_report - INFO - 🧹 Проверка осиротевших записей (только проверка=True)...
2026-06-20 15:55:14,657 - services.health_report - WARNING - 🧹 ЛИШНЯЯ ЗАПИСЬ (увольнение): message_id=1515432583754813460 (сообщение удалено)
2026-06-20 15:55:14,983 - services.health_report - WARNING - 🧹 ЛИШНЯЯ ЗАПИСЬ (увольнение): message_id=1515456223699275778 (сообщение удалено)
2026-06-20 15:55:15,285 - services.health_report - WARNING - 🧹 ЛИШНЯЯ ЗАПИСЬ (увольнение): message_id=1515456972412026950 (сообщение удалено)
2026-06-20 15:55:15,606 - services.health_report - WARNING - 🧹 ЛИШНЯЯ ЗАПИСЬ (увольнение): message_id=1515458280456196126 (сообщение удалено)
2026-06-20 15:55:15,926 - services.health_report - WARNING - 🧹 ЛИШНЯЯ ЗАПИСЬ (увольнение): message_id=1515469392010547350 (сообщение удалено)
2026-06-20 15:55:20,691 - services.health_report - WARNING - 🧹 ЛИШНЯЯ ЗАПИСЬ (увольнение): message_id=1515493833436172369 (сообщение удалено)
2026-06-20 15:55:21,031 - services.health_report - WARNING - 🧹 ЛИШНЯЯ ЗАПИСЬ (увольнение): message_id=1515494822079631450 (сообщение удалено)
2026-06-20 15:55:21,366 - services.health_report - WARNING - 🧹 ЛИШНЯЯ ЗАПИСЬ (увольнение): message_id=1515648848419098737 (сообщение удалено)
2026-06-20 15:55:21,694 - services.health_report - WARNING - 🧹 ЛИШНЯЯ ЗАПИСЬ (увольнение): message_id=1515650958481297408 (сообщение удалено)
2026-06-20 15:55:22,058 - services.health_report - WARNING - 🧹 ЛИШНЯЯ ЗАПИСЬ (увольнение): message_id=1515667237967499325 (сообщение удалено)
2026-06-20 15:55:22,357 - services.health_report - WARNING - 🧹 ЛИШНЯЯ ЗАПИСЬ (увольнение): message_id=1515692600248762378 (сообщение удалено)
2026-06-20 15:55:27,053 - services.health_report - WARNING - 🧹 ЛИШНЯЯ ЗАПИСЬ (увольнение): message_id=1515699543361060867 (сообщение удалено)
2026-06-20 15:55:27,361 - services.health_report - WARNING - 🧹 ЛИШНЯЯ ЗАПИСЬ (увольнение): message_id=1515701733739724992 (сообщение удалено)
2026-06-20 15:55:27,673 - services.health_report - WARNING - 🧹 ЛИШНЯЯ ЗАПИСЬ (увольнение): message_id=1515709485493129397 (сообщение удалено)
2026-06-20 15:55:27,974 - services.health_report - WARNING - 🧹 ЛИШНЯЯ ЗАПИСЬ (увольнение): message_id=1515720643268841563 (сообщение удалено)
2026-06-20 15:55:28,280 - services.health_report - WARNING - 🧹 ЛИШНЯЯ ЗАПИСЬ (увольнение): message_id=1515732658825465877 (сообщение удалено)
2026-06-20 15:55:28,567 - services.health_report - WARNING - 🧹 ЛИШНЯЯ ЗАПИСЬ (увольнение): message_id=1515742143115825304 (сообщение удалено)
2026-06-20 15:55:33,386 - services.health_report - WARNING - 🧹 ЛИШНЯЯ ЗАПИСЬ (увольнение): message_id=1515760444458008637 (сообщение удалено)
2026-06-20 15:55:33,730 - services.health_report - WARNING - 🧹 ЛИШНЯЯ ЗАПИСЬ (увольнение): message_id=1515767188261175336 (сообщение удалено)
2026-06-20 15:55:34,072 - services.health_report - WARNING - 🧹 ЛИШНЯЯ ЗАПИСЬ (увольнение): message_id=1515796636750712912 (сообщение удалено)
2026-06-20 15:55:34,368 - services.health_report - WARNING - 🧹 ЛИШНЯЯ ЗАПИСЬ (увольнение): message_id=1515797414982717697 (сообщение удалено)
2026-06-20 15:55:34,674 - services.health_report - WARNING - 🧹 ЛИШНЯЯ ЗАПИСЬ (увольнение): message_id=1515806384296562738 (сообщение удалено)
2026-06-20 15:55:34,969 - services.health_report - WARNING - 🧹 ЛИШНЯЯ ЗАПИСЬ (увольнение): message_id=1515872430890025101 (сообщение удалено)
2026-06-20 15:55:39,717 - services.health_report - WARNING - 🧹 ЛИШНЯЯ ЗАПИСЬ (увольнение): message_id=1515959062016163941 (сообщение удалено)
2026-06-20 15:55:40,067 - services.health_report - WARNING - 🧹 ЛИШНЯЯ ЗАПИСЬ (увольнение): message_id=1515959970049556632 (сообщение удалено)
2026-06-20 15:55:40,371 - services.health_report - WARNING - 🧹 ЛИШНЯЯ ЗАПИСЬ (увольнение): message_id=1515968485094854700 (сообщение удалено)
2026-06-20 15:55:40,695 - services.health_report - WARNING - 🧹 ЛИШНЯЯ ЗАПИСЬ (увольнение): message_id=1515986481909600346 (сообщение удалено)
2026-06-20 15:55:41,019 - services.health_report - WARNING - 🧹 ЛИШНЯЯ ЗАПИСЬ (увольнение): message_id=1515993233690329128 (сообщение удалено)
2026-06-20 15:55:41,288 - services.health_report - WARNING - 🧹 ЛИШНЯЯ ЗАПИСЬ (увольнение): message_id=1516023710165766291 (сообщение удалено)
2026-06-20 15:55:46,067 - services.health_report - WARNING - 🧹 ЛИШНЯЯ ЗАПИСЬ (увольнение): message_id=1516036534128607282 (сообщение удалено)
2026-06-20 15:55:46,366 - services.health_report - WARNING - 🧹 ЛИШНЯЯ ЗАПИСЬ (увольнение): message_id=1516064178916429856 (сообщение удалено)
2026-06-20 15:55:46,679 - services.health_report - WARNING - 🧹 ЛИШНЯЯ ЗАПИСЬ (увольнение): message_id=1516068844425445499 (сообщение удалено)
2026-06-20 15:55:47,047 - services.health_report - WARNING - 🧹 ЛИШНЯЯ ЗАПИСЬ (увольнение): message_id=1516082593425264790 (сообщение удалено)
2026-06-20 15:55:47,393 - services.health_report - WARNING - 🧹 ЛИШНЯЯ ЗАПИСЬ (увольнение): message_id=1516093600453099682 (сообщение удалено)
2026-06-20 15:55:47,710 - services.health_report - WARNING - 🧹 ЛИШНЯЯ ЗАПИСЬ (увольнение): message_id=1516100743902265516 (сообщение удалено)
2026-06-20 15:55:52,393 - services.health_report - WARNING - 🧹 ЛИШНЯЯ ЗАПИСЬ (увольнение): message_id=1516113088200577125 (сообщение удалено)
2026-06-20 15:55:52,767 - services.health_report - WARNING - 🧹 ЛИШНЯЯ ЗАПИСЬ (увольнение): message_id=1516116820401066054 (сообщение удалено)
2026-06-20 15:55:53,047 - services.health_report - WARNING - 🧹 ЛИШНЯЯ ЗАПИСЬ (увольнение): message_id=1516123344918024345 (сообщение удалено)
2026-06-20 15:55:53,450 - services.health_report - WARNING - 🧹 ЛИШНЯЯ ЗАПИСЬ (склад): message_id=1515402802786992148 (сообщение удалено)
2026-06-20 15:55:53,844 - services.health_report - WARNING - 🧹 ЛИШНЯЯ ЗАПИСЬ (склад): message_id=1515801730594508981 (сообщение удалено)
2026-06-20 15:55:54,159 - services.health_report - WARNING - 🧹 ЛИШНЯЯ ЗАПИСЬ (склад): message_id=1516114081881526322 (сообщение удалено)
2026-06-20 15:55:54,460 - services.health_report - WARNING - 🧹 ЛИШНЯЯ ЗАПИСЬ (повышение): message_id=1515441527495594004 (сообщение удалено)
2026-06-20 15:55:54,807 - services.health_report - WARNING - 🧹 ЛИШНЯЯ ЗАПИСЬ (повышение): message_id=1515466312967651460 (сообщение удалено)
2026-06-20 15:55:55,201 - services.health_report - WARNING - 🧹 ЛИШНЯЯ ЗАПИСЬ (повышение): message_id=1515779319002169475 (сообщение удалено)
2026-06-20 15:55:55,531 - services.health_report - WARNING - 🧹 ЛИШНЯЯ ЗАПИСЬ (повышение): message_id=1515806228171718717 (сообщение удалено)
2026-06-20 15:55:55,961 - services.health_report - WARNING - 🧹 ЛИШНЯЯ ЗАПИСЬ (повышение): message_id=1515817587278221400 (сообщение удалено)
2026-06-20 15:56:00,468 - services.health_report - WARNING - 🧹 ЛИШНЯЯ ЗАПИСЬ (повышение): message_id=1515822851087798342 (сообщение удалено)
2026-06-20 15:56:00,784 - services.health_report - WARNING - 🧹 ЛИШНЯЯ ЗАПИСЬ (повышение): message_id=1515983272281112667 (сообщение удалено)
2026-06-20 15:56:01,139 - services.health_report - WARNING - 🧹 ЛИШНЯЯ ЗАПИСЬ (повышение): message_id=1516040108397301830 (сообщение удалено)
2026-06-20 15:56:01,462 - services.health_report - WARNING - 🧹 ЛИШНЯЯ ЗАПИСЬ (повышение): message_id=1516052747307319396 (сообщение удалено)
2026-06-20 15:56:01,780 - services.health_report - WARNING - 🧹 ЛИШНЯЯ ЗАПИСЬ (повышение): message_id=1516094665118584884 (сообщение удалено)
2026-06-20 15:56:02,089 - services.health_report - WARNING - 🧹 ЛИШНЯЯ ЗАПИСЬ (повышение): message_id=1516097916941500486 (сообщение удалено)
2026-06-20 15:56:06,773 - services.health_report - WARNING - 🧹 ЛИШНЯЯ ЗАПИСЬ (повышение): message_id=1516122223130181834 (сообщение удалено)
2026-06-20 15:56:08,124 - services.health_report - WARNING - 🧹 ЛИШНЯЯ ЗАПИСЬ (заявка перевод): message_id=1515635190133690488 (сообщение удалено)
2026-06-20 15:56:09,492 - services.health_report - WARNING - 🧹 ЛИШНЯЯ ЗАПИСЬ (заявка перевод): message_id=1516019436480364605 (сообщение удалено)
2026-06-20 15:56:10,761 - services.health_report - WARNING - 🧹 ЛИШНЯЯ ЗАПИСЬ (заявка перевод): message_id=1516033835614343309 (сообщение удалено)
2026-06-20 15:56:12,169 - services.health_report - WARNING - 🧹 ЛИШНЯЯ ЗАПИСЬ (заявка перевод): message_id=1516046242575290508 (сообщение удалено)
2026-06-20 15:56:12,169 - services.health_report - INFO - 🧹 Проверка лишних записей завершена
2026-06-20 15:56:12,169 - services.health_report - INFO - ======== ОТЧЁТ О СОСТОЯНИИ ГОТОВ ========
2026-06-20 15:56:12,170 - utils.startup_log - INFO -     • Отчёт состояния — выведен выше
2026-06-20 15:56:13,681 - utils.startup_log - INFO -     • Сообщения для рапортов — проверены/созданы
2026-06-20 15:56:13,682 - utils.startup_log - INFO - 
2026-06-20 15:56:13,682 - utils.startup_log - INFO -   ▶ Фоновые задачи
2026-06-20 15:56:13,682 - utils.startup_log - INFO -   ──────────────────────────────────────────────────
2026-06-20 15:56:13,682 - services.worker_queue - INFO - Воркер очереди задач запущен
2026-06-20 15:56:13,682 - events - INFO - Запущена фоновая задача: start_position_checker
2026-06-20 15:56:13,682 - events - INFO - Запущена фоновая задача: warehouse_position_checker
2026-06-20 15:56:13,683 - events - INFO - Запущена фоновая задача: cleanup_manager
2026-06-20 15:56:13,683 - events - INFO - Запущена фоновая задача: apply_grom_position_checker
2026-06-20 15:56:13,683 - events - INFO - Запущена фоновая задача: apply_pps_position_checker
2026-06-20 15:56:13,683 - events - INFO - Запущена фоновая задача: apply_osb_position_checker
2026-06-20 15:56:13,683 - events - INFO - Запущена фоновая задача: apply_orls_position_checker
2026-06-20 15:56:13,683 - events - INFO - Запущена фоновая задача: academy_apply_position_checker
2026-06-20 15:56:13,683 - events - INFO - Запущена фоновая задача: admin_transfer_position_checker
2026-06-20 15:56:13,684 - events - INFO - Запущена фоновая задача: firing_position_checker
2026-06-20 15:56:13,684 - events - INFO - Запущена фоновая задача: promotion_setup_position_check
2026-06-20 15:56:13,689 - services.cleanup - INFO - 🧠 SQLite optimize выполнен
2026-06-20 15:56:13,696 - services.warehouse_session - INFO - 🧹 WarehouseSession: очищено 94 старых сессий
2026-06-20 15:56:13,696 - services.cleanup - INFO - 🧹 Очищено просроченных сессий склада: 94
2026-06-20 15:56:13,696 - services.cleanup - INFO - 🧹 Периодическая очистка завершена
2026-06-20 15:56:13,696 - utils.startup_log - INFO - 
2026-06-20 15:56:13,696 - utils.startup_log - INFO - ╔══════════════════════════════════════════════════╗
2026-06-20 15:56:13,696 - utils.startup_log - INFO - ║ БОТ ГОТОВ К РАБОТЕ                               ║
2026-06-20 15:56:13,697 - utils.startup_log - INFO - ║                                                  ║
2026-06-20 15:56:13,697 - utils.startup_log - INFO - ║ Помощник#1719                                    ║
2026-06-20 15:56:13,697 - utils.startup_log - INFO - ║ ЧВК Варкин (ID: 1470858553530257473)             ║
2026-06-20 15:56:13,697 - utils.startup_log - INFO - ╚══════════════════════════════════════════════════╝
2026-06-20 15:56:13,697 - utils.startup_log - INFO - 
2026-06-20 15:56:13,697 - utils.startup_log - INFO - done
2026-06-20 15:56:14,605 - services.base_position - INFO - Сообщение не найдено в канале 1517833889362481182 - создаем
2026-06-20 15:56:15,415 - services.base_position - INFO - 🔄 Сообщение обновлено в канале 1517833889362481182 (msg_id=1517875731323949179)
2026-06-20 15:58:35,884 - __main__ - INFO - Остановка бота по запросу пользователя
2026-06-20 15:58:35,884 - services.worker_queue - INFO - Воркер очереди задач остановлен
2026-06-20 15:58:35,884 - services.worker_queue - INFO - Воркер очереди задач остановлен по CancelledError
2026-06-20 15:58:35,885 - services.base_position - INFO - Фоновая проверка позиции остановлена (канал 1482723021805584605)
2026-06-20 15:58:35,885 - services.base_position - INFO - Фоновая проверка позиции остановлена (канал 1471112353184616629)
2026-06-20 15:58:35,885 - services.cleanup - INFO - Фоновая задача очистки остановлена по CancelledError
2026-06-20 15:58:35,885 - services.base_position - INFO - Фоновая проверка позиции остановлена (канал 1517833352185380925)
2026-06-20 15:58:35,885 - services.base_position - INFO - Фоновая проверка позиции остановлена (канал 1517833799818547222)
2026-06-20 15:58:35,885 - services.base_position - INFO - Фоновая проверка позиции остановлена (канал 1517833889362481182)
2026-06-20 15:58:35,885 - services.base_position - INFO - Фоновая проверка позиции остановлена (канал 1517833579059740682)
2026-06-20 15:58:35,885 - services.base_position - INFO - Фоновая проверка позиции остановлена (канал 1503034563184693338)
2026-06-20 15:58:35,885 - services.base_position - INFO - Фоновая проверка позиции остановлена (канал 1517834808011657327)
2026-06-20 15:58:35,886 - services.base_position - INFO - Фоновая проверка позиции остановлена (канал 1517132584142770207)
2026-06-20 15:58:35,886 - events - WARNING - Фоновая задача 'start_position_checker' отменена
2026-06-20 15:58:35,886 - events - WARNING - Фоновая задача 'warehouse_position_checker' отменена
2026-06-20 15:58:35,886 - events - WARNING - Фоновая задача 'cleanup_manager' отменена
2026-06-20 15:58:35,886 - events - WARNING - Фоновая задача 'apply_grom_position_checker' отменена
2026-06-20 15:58:35,886 - events - WARNING - Фоновая задача 'apply_pps_position_checker' отменена
2026-06-20 15:58:35,886 - events - WARNING - Фоновая задача 'apply_osb_position_checker' отменена
2026-06-20 15:58:35,886 - events - WARNING - Фоновая задача 'apply_orls_position_checker' отменена
2026-06-20 15:58:35,887 - events - WARNING - Фоновая задача 'academy_apply_position_checker' отменена
2026-06-20 15:58:35,887 - events - WARNING - Фоновая задача 'admin_transfer_position_checker' отменена
2026-06-20 15:58:35,887 - events - WARNING - Фоновая задача 'firing_position_checker' отменена
2026-06-20 15:58:35,887 - events - WARNING - Фоновая задача 'promotion_setup_position_check' отменена
2026-06-20 15:58:35,888 - __main__ - INFO - Соединение с БД закрыто
2026-06-20 15:58:39,307 - discord.gateway - INFO - Shard ID None has connected to Gateway (Session ID: f8e3695e9b364a3658d316db63cca32e).
2026-06-20 15:58:41,331 - utils.startup_log - INFO - ╔══════════════════════════════════════════════════╗
2026-06-20 15:58:41,331 - utils.startup_log - INFO - ║ БОТ УВД — ЗАПУСК                                 ║
2026-06-20 15:58:41,332 - utils.startup_log - INFO - ╚══════════════════════════════════════════════════╝
2026-06-20 15:58:41,332 - utils.startup_log - INFO - 
2026-06-20 15:58:41,332 - utils.startup_log - INFO -   ▶ Подключение
2026-06-20 15:58:41,332 - utils.startup_log - INFO -   ──────────────────────────────────────────────────
2026-06-20 15:58:41,332 - utils.startup_log - INFO -     • Бот — Помощник#1719
2026-06-20 15:58:41,332 - utils.startup_log - INFO -     • ID бота — 1508421824227053629
2026-06-20 15:58:41,332 - utils.startup_log - INFO - 
2026-06-20 15:58:41,332 - utils.startup_log - INFO -   ▶ База данных
2026-06-20 15:58:41,332 - utils.startup_log - INFO -   ──────────────────────────────────────────────────
2026-06-20 15:58:41,336 - database - INFO - БД: открыто новое соединение (path=data/bot.db, journal_mode=WAL, foreign_keys=ON)
2026-06-20 15:58:41,340 - utils.startup_log - INFO -     • БД подключена — OK
2026-06-20 15:58:41,342 - services.warehouse_session - INFO - WarehouseSession: загружено 94 сессий из БД
2026-06-20 15:58:41,342 - utils.startup_log - INFO -     • Сессии склада — загружены из БД
2026-06-20 15:58:41,343 - services.warehouse_cooldown - INFO - WarehouseCooldown: загружено 102 записей из БД
2026-06-20 15:58:41,343 - utils.startup_log - INFO -     • Кулдауны склада — загружены из БД
2026-06-20 15:58:41,343 - utils.startup_log - INFO - 
2026-06-20 15:58:41,343 - utils.startup_log - INFO -   ▶ Слэш-команды
2026-06-20 15:58:41,343 - utils.startup_log - INFO -   ──────────────────────────────────────────────────
2026-06-20 15:58:41,608 - utils.startup_log - INFO -     • Синхронизированы — orls_promotion_setup, osb_promotion_setup, grom_promotion_setup, pps_promotion_setup, promotion_setup_all
2026-06-20 15:58:41,608 - utils.startup_log - INFO - 
2026-06-20 15:58:41,608 - utils.startup_log - INFO -   ▶ Восстановление View
2026-06-20 15:58:41,608 - utils.startup_log - INFO -   ──────────────────────────────────────────────────
2026-06-20 15:58:41,608 - services.restore_views - INFO - Восстановление View...
2026-06-20 15:58:41,609 - services.restore_views - INFO - Стартовые View восстановлены
2026-06-20 15:58:41,613 - services.restore_views - INFO - 📦 Загружено из БД: заявок=0, увольнений=0, повышений=0, склад=0, переводы=0
2026-06-20 15:58:41,613 - services.restore_views - INFO - 🔨 Восстановлено кнопок заявок: 0 | удалено из БД: 0 | пропущено: 0
2026-06-20 15:58:41,613 - services.restore_views - INFO - 🔨 Восстановлено кнопок увольнений: 0 | удалено из БД: 0 | пропущено: 0
2026-06-20 15:58:41,613 - services.restore_views - INFO - 🔨 Восстановлено кнопок повышений: 0 | удалено из БД: 0 | пропущено: 0
2026-06-20 15:58:41,613 - services.restore_views - INFO - 🔨 Восстановлено кнопок склада: 0 | удалено из БД: 0 | пропущено: 0
2026-06-20 15:58:41,613 - services.restore_views - INFO - 🔨 Восстановлено кнопок заявок на перевод: 0 | удалено из БД: 0 | пропущено: 0
2026-06-20 15:58:41,614 - services.restore_views - INFO - Восстановление View завершено
2026-06-20 15:58:41,614 - utils.startup_log - INFO -     • View восстановлены — OK
2026-06-20 15:58:41,614 - utils.startup_log - INFO - 
2026-06-20 15:58:41,614 - utils.startup_log - INFO -   ▶ Проверки при запуске
2026-06-20 15:58:41,614 - utils.startup_log - INFO -   ──────────────────────────────────────────────────
2026-06-20 15:58:41,614 - services.startup_checks - INFO - ========== ПРОВЕРКА ПРИ ЗАПУСКЕ ==========
2026-06-20 15:58:41,614 - services.startup_checks - INFO - ✅ Сервер: ЧВК Варкин (ID=1470858553530257473)
2026-06-20 15:58:41,614 - services.startup_checks - INFO - ✅ Бот: Помощник#1719 | верхняя роль='Командир Полка' | позиция=78
2026-06-20 15:58:41,614 - services.startup_checks - INFO - ✅ START_CHANNEL_ID: канал найден и доступен (ID=1482723021805584605)
2026-06-20 15:58:41,615 - services.startup_checks - INFO - ✅ REQUEST_CHANNEL_ID: канал найден и доступен (ID=1482723021805584605)
2026-06-20 15:58:41,615 - services.startup_checks - INFO - ✅ FIRING_CHANNEL_ID: канал найден и доступен (ID=1517132584142770207)
2026-06-20 15:58:41,615 - services.startup_checks - INFO - ✅ WAREHOUSE_REQUEST_CHANNEL_ID: канал найден и доступен (ID=1471112353184616629)
2026-06-20 15:58:41,615 - services.startup_checks - INFO - ✅ WAREHOUSE_AUDIT_CHANNEL_ID: канал найден и доступен (ID=1471947080200356017)
2026-06-20 15:58:41,615 - services.startup_checks - INFO - ✅ ACADEMY_CHANNEL_ID: канал найден и доступен (ID=1503034563184693338)
2026-06-20 15:58:41,615 - services.startup_checks - INFO - ✅ EXAM_CHANNEL_ID: канал найден и доступен (ID=1517849406433529856)
2026-06-20 15:58:41,615 - services.startup_checks - INFO - ✅ CHANNEL_APPLY_GROM: канал найден и доступен (ID=1517833352185380925)
2026-06-20 15:58:41,615 - services.startup_checks - INFO - ✅ CHANNEL_APPLY_PPS: канал найден и доступен (ID=1517833799818547222)
2026-06-20 15:58:41,616 - services.startup_checks - INFO - ✅ CHANNEL_APPLY_OSB: канал найден и доступен (ID=1517833889362481182)
2026-06-20 15:58:41,616 - services.startup_checks - INFO - ✅ CHANNEL_APPLY_ORLS: канал найден и доступен (ID=1517833579059740682)
2026-06-20 15:58:41,616 - services.startup_checks - INFO - ✅ CHANNEL_ADMIN_TRANSFER: канал найден и доступен (ID=1517834808011657327)
2026-06-20 15:58:41,617 - services.startup_checks - INFO - ✅ CHANNEL_CADRE_LOG: канал найден и доступен (ID=1517164403030753331)
2026-06-20 15:58:41,617 - services.startup_checks - INFO - ✅ STAFF_ROLE_ID: роль найдена (ID=1508437640263761952, name='Кадровый отдел')
2026-06-20 15:58:41,617 - services.startup_checks - INFO - ✅ TRANSFER_STAFF_ROLE_ID: роль найдена (ID=1508437640263761952, name='Кадровый отдел')
2026-06-20 15:58:41,617 - services.startup_checks - INFO - ✅ GOV_STAFF_ROLE_ID: роль найдена (ID=1508437640263761952, name='Кадровый отдел')
2026-06-20 15:58:41,617 - services.startup_checks - INFO - ✅ FIRING_STAFF_ROLE_ID: роль найдена (ID=1508437640263761952, name='Кадровый отдел')
2026-06-20 15:58:41,617 - services.startup_checks - INFO - ✅ FIRING_SENIOR_ROLE_ID: роль найдена (ID=1508437640263761952, name='Кадровый отдел')
2026-06-20 15:58:41,617 - services.startup_checks - INFO - ✅ WAREHOUSE_STAFF_ROLE_ID: роль найдена (ID=1508437640263761952, name='Кадровый отдел')
2026-06-20 15:58:41,617 - services.startup_checks - INFO - ✅ FIRED_ROLE_ID: роль найдена (ID=1500219579539128401, name='уволен')
2026-06-20 15:58:41,617 - services.startup_checks - WARNING - ⚠️ ROLES_TO_KEEP_ON_FIRE: список пустой
2026-06-20 15:58:41,617 - services.startup_checks - INFO - ✅ CADET_ROLES_TO_GIVE -> 1517132125504147519: роль найдена (ID=1517132125504147519, name='рядовой')
2026-06-20 15:58:41,617 - services.startup_checks - INFO - ✅ TRANSFER_ROLES_TO_GIVE -> 1483105783179771987: роль найдена (ID=1483105783179771987, name='ЧВК')
2026-06-20 15:58:41,618 - services.startup_checks - INFO - ✅ GOV_ROLE_TO_GIVE: роль найдена (ID=1500213796638298213, name='Гос Служащий')
2026-06-20 15:58:41,618 - services.startup_checks - INFO - ✅ PPS_ROLE_IDS -> 1517184354940485782: роль найдена (ID=1517184354940485782, name='ППС')
2026-06-20 15:58:41,618 - services.startup_checks - INFO - ✅ PPS_ROLE_IDS -> 1483154326829404312: роль найдена (ID=1483154326829404312, name='Ведьма')
2026-06-20 15:58:41,618 - services.startup_checks - INFO - ✅ ROLE_CHIEF_GROM: роль найдена (ID=1483444017520840916, name='Командир СОБР')
2026-06-20 15:58:41,618 - services.startup_checks - INFO - ✅ ROLE_DEPUTY_GROM: роль найдена (ID=1483444111330644099, name='Зам. Ком. СОБР')
2026-06-20 15:58:41,618 - services.startup_checks - INFO - ✅ ROLE_CHIEF_PPS: роль найдена (ID=1483444197527912481, name='Командир АВНГ')
2026-06-20 15:58:41,618 - services.startup_checks - INFO - ✅ ROLE_DEPUTY_PPS: роль найдена (ID=1483444604207501343, name='Зам. ком. УВО')
2026-06-20 15:58:41,618 - services.startup_checks - INFO - ✅ ROLE_CHIEF_OSB: роль найдена (ID=1483444329216348332, name='Начальник ОСБ')
2026-06-20 15:58:41,618 - services.startup_checks - INFO - ✅ ROLE_DEPUTY_OSB: роль найдена (ID=1483444394647486534, name='Зам. Нач. ОСБ')
2026-06-20 15:58:41,618 - services.startup_checks - INFO - ✅ ROLE_CHIEF_ORLS: роль найдена (ID=1483444847250636832, name='Командир УВО')
2026-06-20 15:58:41,618 - services.startup_checks - INFO - ✅ ROLE_DEPUTY_ORLS: роль найдена (ID=1483444604207501343, name='Зам. ком. УВО')
2026-06-20 15:58:41,618 - services.startup_checks - INFO - ✅ ROLE_DEPT_GROM: роль найдена (ID=1483445935739502745, name='СОБР')
2026-06-20 15:58:41,619 - services.startup_checks - INFO - ✅ ROLE_DEPT_PPS: роль найдена (ID=1471110817779810324, name='Рядовой')
2026-06-20 15:58:41,638 - services.startup_checks - INFO - ✅ ROLE_DEPT_OSB: роль найдена (ID=1483445838184185979, name='ОСБ')
2026-06-20 15:58:41,638 - services.startup_checks - INFO - ✅ ROLE_DEPT_ORLS: роль найдена (ID=1471110817779810324, name='Рядовой')
2026-06-20 15:58:41,638 - services.startup_checks - WARNING - ⚠️ ROLE_RANK_GROM: список пустой
2026-06-20 15:58:41,639 - services.startup_checks - INFO - ✅ ROLE_RANK_PPS -> 1487044914624856174: роль найдена (ID=1487044914624856174, name='белая ворона')
2026-06-20 15:58:41,639 - services.startup_checks - INFO - ✅ ROLE_RANK_OSB -> 1471110087107018822: роль найдена (ID=1471110087107018822, name='Шпион')
2026-06-20 15:58:41,639 - services.startup_checks - WARNING - ⚠️ ROLE_RANK_ORLS: список пустой
2026-06-20 15:58:41,639 - services.startup_checks - INFO - ✅ ROLE_ACADEMY: роль найдена (ID=1508437640263761952, name='Кадровый отдел')
2026-06-20 15:58:41,639 - services.startup_checks - INFO - ✅ ROLE_DEPT_ACADEMY: роль найдена (ID=1483446295174582282, name='АВНГ')
2026-06-20 15:58:41,639 - services.startup_checks - INFO - ✅ ROLE_PASSED_ACADEMY: роль найдена (ID=1471114268450623550, name='Ефрейтор')
2026-06-20 15:58:41,639 - services.startup_checks - INFO - ✅ Канал повышений 1471108664457826446: канал найден и доступен (ID=1471108664457826446)
2026-06-20 15:58:41,639 - services.startup_checks - INFO - ✅ Роль кадровика для канала повышений 1471108664457826446: роль найдена (ID=1508437640263761952, name='Кадровый отдел')
2026-06-20 15:58:41,639 - services.startup_checks - INFO - ✅ ALL_RANK_ROLE_IDS -> 1517132125504147519: роль найдена (ID=1517132125504147519, name='рядовой')
2026-06-20 15:58:41,640 - services.startup_checks - INFO - ✅ ALL_RANK_ROLE_IDS -> 1517855095033827428: роль найдена (ID=1517855095033827428, name='младший сержант')
2026-06-20 15:58:41,640 - services.startup_checks - INFO - ✅ ALL_RANK_ROLE_IDS -> 1500207254765437048: роль найдена (ID=1500207254765437048, name='Майор')
2026-06-20 15:58:41,640 - services.startup_checks - ERROR - ❌ RANK_ROLE_MAPPING: роль не найдена для 'Рядовой -> Младший Сержант' (ID=0)
2026-06-20 15:58:41,640 - services.startup_checks - INFO - ✅ Канал рапортов ОРЛС: канал найден и доступен (ID=1517850589852205106)
2026-06-20 15:58:41,640 - services.startup_checks - INFO - ✅ Канал рапортов ОСБ: канал найден и доступен (ID=1517850633502199838)
2026-06-20 15:58:41,640 - services.startup_checks - INFO - ✅ Канал рапортов ГРОМ: канал найден и доступен (ID=1517850560110530581)
2026-06-20 15:58:41,640 - services.startup_checks - INFO - ✅ Канал рапортов ППС: канал найден и доступен (ID=1517850560110530581)
2026-06-20 15:58:41,640 - services.startup_checks - INFO - ✅ У бота есть право 'Управлять ролями'
2026-06-20 15:58:41,641 - services.startup_checks - INFO - ✅ У бота есть право 'Управлять никами'
2026-06-20 15:58:41,641 - services.startup_checks - INFO - ======== ПРОВЕРКА ПРИ ЗАПУСКЕ ЗАВЕРШЕНА ========
2026-06-20 15:58:41,641 - utils.startup_log - INFO -     • Каналы и роли — проверены
2026-06-20 15:58:41,641 - utils.startup_log - INFO - 
2026-06-20 15:58:41,641 - utils.startup_log - INFO -   ▶ Состояние
2026-06-20 15:58:41,641 - utils.startup_log - INFO -   ──────────────────────────────────────────────────
2026-06-20 15:58:41,641 - services.health_report - INFO - ========== ОТЧЁТ О СОСТОЯНИИ ==========
2026-06-20 15:58:41,654 - services.health_report - INFO - 📊 ПАМЯТЬ | заявки=0 | увольнения=0 | повышения=0 | склад=0 | переводы=0 | черновики_ОРЛС=0 ОСБ=0 ГРОМ=0 ППС=0 Акад=0 | сообщ_рапортов=0
2026-06-20 15:58:41,658 - services.health_report - INFO - 🗄️ БАЗА   | заявки=8 | увольнения=38 | повышения=12 | склад=3 | переводы=4
2026-06-20 15:58:41,658 - services.health_report - INFO - 🧹 Проверка осиротевших записей (только проверка=True)...
2026-06-20 15:58:41,935 - services.health_report - WARNING - 🧹 ЛИШНЯЯ ЗАПИСЬ (увольнение): message_id=1515432583754813460 (сообщение удалено)
2026-06-20 15:58:42,227 - services.health_report - WARNING - 🧹 ЛИШНЯЯ ЗАПИСЬ (увольнение): message_id=1515456223699275778 (сообщение удалено)
2026-06-20 15:58:42,562 - services.health_report - WARNING - 🧹 ЛИШНЯЯ ЗАПИСЬ (увольнение): message_id=1515456972412026950 (сообщение удалено)
2026-06-20 15:58:42,931 - services.health_report - WARNING - 🧹 ЛИШНЯЯ ЗАПИСЬ (увольнение): message_id=1515458280456196126 (сообщение удалено)
2026-06-20 15:58:43,229 - services.health_report - WARNING - 🧹 ЛИШНЯЯ ЗАПИСЬ (увольнение): message_id=1515469392010547350 (сообщение удалено)
2026-06-20 15:58:47,939 - services.health_report - WARNING - 🧹 ЛИШНЯЯ ЗАПИСЬ (увольнение): message_id=1515493833436172369 (сообщение удалено)
2026-06-20 15:58:48,218 - services.health_report - WARNING - 🧹 ЛИШНЯЯ ЗАПИСЬ (увольнение): message_id=1515494822079631450 (сообщение удалено)
2026-06-20 15:58:48,529 - services.health_report - WARNING - 🧹 ЛИШНЯЯ ЗАПИСЬ (увольнение): message_id=1515648848419098737 (сообщение удалено)
2026-06-20 15:58:48,833 - services.health_report - WARNING - 🧹 ЛИШНЯЯ ЗАПИСЬ (увольнение): message_id=1515650958481297408 (сообщение удалено)
2026-06-20 15:58:49,210 - services.health_report - WARNING - 🧹 ЛИШНЯЯ ЗАПИСЬ (увольнение): message_id=1515667237967499325 (сообщение удалено)
2026-06-20 15:58:49,557 - services.health_report - WARNING - 🧹 ЛИШНЯЯ ЗАПИСЬ (увольнение): message_id=1515692600248762378 (сообщение удалено)
2026-06-20 15:58:54,268 - services.health_report - WARNING - 🧹 ЛИШНЯЯ ЗАПИСЬ (увольнение): message_id=1515699543361060867 (сообщение удалено)
2026-06-20 15:58:54,561 - services.health_report - WARNING - 🧹 ЛИШНЯЯ ЗАПИСЬ (увольнение): message_id=1515701733739724992 (сообщение удалено)
2026-06-20 15:58:54,868 - services.health_report - WARNING - 🧹 ЛИШНЯЯ ЗАПИСЬ (увольнение): message_id=1515709485493129397 (сообщение удалено)
2026-06-20 15:58:55,143 - services.health_report - WARNING - 🧹 ЛИШНЯЯ ЗАПИСЬ (увольнение): message_id=1515720643268841563 (сообщение удалено)
2026-06-20 15:58:55,420 - services.health_report - WARNING - 🧹 ЛИШНЯЯ ЗАПИСЬ (увольнение): message_id=1515732658825465877 (сообщение удалено)
2026-06-20 15:58:55,719 - services.health_report - WARNING - 🧹 ЛИШНЯЯ ЗАПИСЬ (увольнение): message_id=1515742143115825304 (сообщение удалено)
2026-06-20 15:59:00,585 - services.health_report - WARNING - 🧹 ЛИШНЯЯ ЗАПИСЬ (увольнение): message_id=1515760444458008637 (сообщение удалено)
2026-06-20 15:59:00,876 - services.health_report - WARNING - 🧹 ЛИШНЯЯ ЗАПИСЬ (увольнение): message_id=1515767188261175336 (сообщение удалено)
2026-06-20 15:59:01,398 - services.health_report - WARNING - 🧹 ЛИШНЯЯ ЗАПИСЬ (увольнение): message_id=1515796636750712912 (сообщение удалено)
2026-06-20 15:59:01,713 - services.health_report - WARNING - 🧹 ЛИШНЯЯ ЗАПИСЬ (увольнение): message_id=1515797414982717697 (сообщение удалено)
2026-06-20 15:59:02,005 - services.health_report - WARNING - 🧹 ЛИШНЯЯ ЗАПИСЬ (увольнение): message_id=1515806384296562738 (сообщение удалено)
2026-06-20 15:59:02,305 - services.health_report - WARNING - 🧹 ЛИШНЯЯ ЗАПИСЬ (увольнение): message_id=1515872430890025101 (сообщение удалено)
2026-06-20 15:59:06,879 - services.health_report - WARNING - 🧹 ЛИШНЯЯ ЗАПИСЬ (увольнение): message_id=1515959062016163941 (сообщение удалено)
2026-06-20 15:59:07,212 - services.health_report - WARNING - 🧹 ЛИШНЯЯ ЗАПИСЬ (увольнение): message_id=1515959970049556632 (сообщение удалено)
2026-06-20 15:59:07,507 - services.health_report - WARNING - 🧹 ЛИШНЯЯ ЗАПИСЬ (увольнение): message_id=1515968485094854700 (сообщение удалено)
2026-06-20 15:59:07,824 - services.health_report - WARNING - 🧹 ЛИШНЯЯ ЗАПИСЬ (увольнение): message_id=1515986481909600346 (сообщение удалено)
2026-06-20 15:59:08,183 - services.health_report - WARNING - 🧹 ЛИШНЯЯ ЗАПИСЬ (увольнение): message_id=1515993233690329128 (сообщение удалено)
2026-06-20 15:59:08,465 - services.health_report - WARNING - 🧹 ЛИШНЯЯ ЗАПИСЬ (увольнение): message_id=1516023710165766291 (сообщение удалено)
2026-06-20 15:59:13,198 - services.health_report - WARNING - 🧹 ЛИШНЯЯ ЗАПИСЬ (увольнение): message_id=1516036534128607282 (сообщение удалено)
2026-06-20 15:59:13,486 - services.health_report - WARNING - 🧹 ЛИШНЯЯ ЗАПИСЬ (увольнение): message_id=1516064178916429856 (сообщение удалено)
2026-06-20 15:59:13,755 - services.health_report - WARNING - 🧹 ЛИШНЯЯ ЗАПИСЬ (увольнение): message_id=1516068844425445499 (сообщение удалено)
2026-06-20 15:59:14,669 - services.health_report - WARNING - 🧹 ЛИШНЯЯ ЗАПИСЬ (увольнение): message_id=1516082593425264790 (сообщение удалено)
2026-06-20 15:59:15,001 - services.health_report - WARNING - 🧹 ЛИШНЯЯ ЗАПИСЬ (увольнение): message_id=1516093600453099682 (сообщение удалено)
2026-06-20 15:59:15,368 - services.health_report - WARNING - 🧹 ЛИШНЯЯ ЗАПИСЬ (увольнение): message_id=1516100743902265516 (сообщение удалено)
2026-06-20 15:59:15,654 - services.health_report - WARNING - 🧹 ЛИШНЯЯ ЗАПИСЬ (увольнение): message_id=1516113088200577125 (сообщение удалено)
2026-06-20 15:59:20,497 - services.health_report - WARNING - 🧹 ЛИШНЯЯ ЗАПИСЬ (увольнение): message_id=1516116820401066054 (сообщение удалено)
2026-06-20 15:59:20,802 - services.health_report - WARNING - 🧹 ЛИШНЯЯ ЗАПИСЬ (увольнение): message_id=1516123344918024345 (сообщение удалено)
2026-06-20 15:59:21,125 - services.health_report - WARNING - 🧹 ЛИШНЯЯ ЗАПИСЬ (склад): message_id=1515402802786992148 (сообщение удалено)
2026-06-20 15:59:21,395 - services.health_report - WARNING - 🧹 ЛИШНЯЯ ЗАПИСЬ (склад): message_id=1515801730594508981 (сообщение удалено)
2026-06-20 15:59:21,703 - services.health_report - WARNING - 🧹 ЛИШНЯЯ ЗАПИСЬ (склад): message_id=1516114081881526322 (сообщение удалено)
2026-06-20 15:59:22,021 - services.health_report - WARNING - 🧹 ЛИШНЯЯ ЗАПИСЬ (повышение): message_id=1515441527495594004 (сообщение удалено)
2026-06-20 15:59:22,300 - services.health_report - WARNING - 🧹 ЛИШНЯЯ ЗАПИСЬ (повышение): message_id=1515466312967651460 (сообщение удалено)
2026-06-20 15:59:22,578 - services.health_report - WARNING - 🧹 ЛИШНЯЯ ЗАПИСЬ (повышение): message_id=1515779319002169475 (сообщение удалено)
2026-06-20 15:59:22,859 - services.health_report - WARNING - 🧹 ЛИШНЯЯ ЗАПИСЬ (повышение): message_id=1515806228171718717 (сообщение удалено)
2026-06-20 15:59:23,198 - services.health_report - WARNING - 🧹 ЛИШНЯЯ ЗАПИСЬ (повышение): message_id=1515817587278221400 (сообщение удалено)
2026-06-20 15:59:28,018 - services.health_report - WARNING - 🧹 ЛИШНЯЯ ЗАПИСЬ (повышение): message_id=1515822851087798342 (сообщение удалено)
2026-06-20 15:59:28,406 - services.health_report - WARNING - 🧹 ЛИШНЯЯ ЗАПИСЬ (повышение): message_id=1515983272281112667 (сообщение удалено)
2026-06-20 15:59:28,685 - services.health_report - WARNING - 🧹 ЛИШНЯЯ ЗАПИСЬ (повышение): message_id=1516040108397301830 (сообщение удалено)
2026-06-20 15:59:29,002 - services.health_report - WARNING - 🧹 ЛИШНЯЯ ЗАПИСЬ (повышение): message_id=1516052747307319396 (сообщение удалено)
2026-06-20 15:59:29,285 - services.health_report - WARNING - 🧹 ЛИШНЯЯ ЗАПИСЬ (повышение): message_id=1516094665118584884 (сообщение удалено)
2026-06-20 15:59:29,613 - services.health_report - WARNING - 🧹 ЛИШНЯЯ ЗАПИСЬ (повышение): message_id=1516097916941500486 (сообщение удалено)
2026-06-20 15:59:34,383 - services.health_report - WARNING - 🧹 ЛИШНЯЯ ЗАПИСЬ (повышение): message_id=1516122223130181834 (сообщение удалено)
2026-06-20 15:59:35,642 - services.health_report - WARNING - 🧹 ЛИШНЯЯ ЗАПИСЬ (заявка перевод): message_id=1515635190133690488 (сообщение удалено)
2026-06-20 15:59:36,824 - services.health_report - WARNING - 🧹 ЛИШНЯЯ ЗАПИСЬ (заявка перевод): message_id=1516019436480364605 (сообщение удалено)
2026-06-20 15:59:38,106 - services.health_report - WARNING - 🧹 ЛИШНЯЯ ЗАПИСЬ (заявка перевод): message_id=1516033835614343309 (сообщение удалено)
2026-06-20 15:59:39,356 - services.health_report - WARNING - 🧹 ЛИШНЯЯ ЗАПИСЬ (заявка перевод): message_id=1516046242575290508 (сообщение удалено)
2026-06-20 15:59:39,356 - services.health_report - INFO - 🧹 Проверка лишних записей завершена
2026-06-20 15:59:39,356 - services.health_report - INFO - ======== ОТЧЁТ О СОСТОЯНИИ ГОТОВ ========
2026-06-20 15:59:39,356 - utils.startup_log - INFO -     • Отчёт состояния — выведен выше
2026-06-20 15:59:40,895 - utils.startup_log - INFO -     • Сообщения для рапортов — проверены/созданы
2026-06-20 15:59:40,895 - utils.startup_log - INFO - 
2026-06-20 15:59:40,895 - utils.startup_log - INFO -   ▶ Фоновые задачи
2026-06-20 15:59:40,895 - utils.startup_log - INFO -   ──────────────────────────────────────────────────
2026-06-20 15:59:40,895 - services.worker_queue - INFO - Воркер очереди задач запущен
2026-06-20 15:59:40,895 - events - INFO - Запущена фоновая задача: start_position_checker
2026-06-20 15:59:40,895 - events - INFO - Запущена фоновая задача: warehouse_position_checker
2026-06-20 15:59:40,895 - events - INFO - Запущена фоновая задача: cleanup_manager
2026-06-20 15:59:40,896 - events - INFO - Запущена фоновая задача: apply_grom_position_checker
2026-06-20 15:59:40,896 - events - INFO - Запущена фоновая задача: apply_pps_position_checker
2026-06-20 15:59:40,896 - events - INFO - Запущена фоновая задача: apply_osb_position_checker
2026-06-20 15:59:40,896 - events - INFO - Запущена фоновая задача: apply_orls_position_checker
2026-06-20 15:59:40,896 - events - INFO - Запущена фоновая задача: academy_apply_position_checker
2026-06-20 15:59:40,896 - events - INFO - Запущена фоновая задача: admin_transfer_position_checker
2026-06-20 15:59:40,896 - events - INFO - Запущена фоновая задача: firing_position_checker
2026-06-20 15:59:40,896 - events - INFO - Запущена фоновая задача: promotion_setup_position_check
2026-06-20 15:59:40,900 - services.cleanup - INFO - 🧠 SQLite optimize выполнен
2026-06-20 15:59:40,905 - services.warehouse_session - INFO - 🧹 WarehouseSession: очищено 94 старых сессий
2026-06-20 15:59:40,905 - services.cleanup - INFO - 🧹 Очищено просроченных сессий склада: 94
2026-06-20 15:59:40,906 - services.cleanup - INFO - 🧹 Периодическая очистка завершена
2026-06-20 15:59:40,906 - utils.startup_log - INFO - 
2026-06-20 15:59:40,906 - utils.startup_log - INFO - ╔══════════════════════════════════════════════════╗
2026-06-20 15:59:40,906 - utils.startup_log - INFO - ║ БОТ ГОТОВ К РАБОТЕ                               ║
2026-06-20 15:59:40,906 - utils.startup_log - INFO - ║                                                  ║
2026-06-20 15:59:40,906 - utils.startup_log - INFO - ║ Помощник#1719                                    ║
2026-06-20 15:59:40,906 - utils.startup_log - INFO - ║ ЧВК Варкин (ID: 1470858553530257473)             ║
2026-06-20 15:59:40,906 - utils.startup_log - INFO - ╚══════════════════════════════════════════════════╝
2026-06-20 15:59:40,907 - utils.startup_log - INFO - 
2026-06-20 15:59:40,907 - utils.startup_log - INFO - done
2026-06-20 16:30:58,260 - discord.gateway - INFO - Shard ID None has successfully RESUMED session f8e3695e9b364a3658d316db63cca32e.
2026-06-20 16:42:51,244 - __main__ - INFO - Остановка бота по запросу пользователя
2026-06-20 16:42:51,245 - services.worker_queue - INFO - Воркер очереди задач остановлен
2026-06-20 16:42:51,245 - services.worker_queue - INFO - Воркер очереди задач остановлен по CancelledError
2026-06-20 16:42:51,245 - services.base_position - INFO - Фоновая проверка позиции остановлена (канал 1482723021805584605)
2026-06-20 16:42:51,246 - services.base_position - INFO - Фоновая проверка позиции остановлена (канал 1471112353184616629)
2026-06-20 16:42:51,246 - services.cleanup - INFO - Фоновая задача очистки остановлена по CancelledError
2026-06-20 16:42:51,246 - services.base_position - INFO - Фоновая проверка позиции остановлена (канал 1517833352185380925)
2026-06-20 16:42:51,246 - services.base_position - INFO - Фоновая проверка позиции остановлена (канал 1517833799818547222)
2026-06-20 16:42:51,246 - services.base_position - INFO - Фоновая проверка позиции остановлена (канал 1517833889362481182)
2026-06-20 16:42:51,246 - services.base_position - INFO - Фоновая проверка позиции остановлена (канал 1517833579059740682)
2026-06-20 16:42:51,246 - services.base_position - INFO - Фоновая проверка позиции остановлена (канал 1503034563184693338)
2026-06-20 16:42:51,247 - services.base_position - INFO - Фоновая проверка позиции остановлена (канал 1517834808011657327)
2026-06-20 16:42:51,247 - services.base_position - INFO - Фоновая проверка позиции остановлена (канал 1517132584142770207)
2026-06-20 16:42:51,247 - events - WARNING - Фоновая задача 'start_position_checker' отменена
2026-06-20 16:42:51,247 - events - WARNING - Фоновая задача 'warehouse_position_checker' отменена
2026-06-20 16:42:51,248 - events - WARNING - Фоновая задача 'cleanup_manager' отменена
2026-06-20 16:42:51,248 - events - WARNING - Фоновая задача 'apply_grom_position_checker' отменена
2026-06-20 16:42:51,248 - events - WARNING - Фоновая задача 'apply_pps_position_checker' отменена
2026-06-20 16:42:51,248 - events - WARNING - Фоновая задача 'apply_osb_position_checker' отменена
2026-06-20 16:42:51,248 - events - WARNING - Фоновая задача 'apply_orls_position_checker' отменена
2026-06-20 16:42:51,248 - events - WARNING - Фоновая задача 'academy_apply_position_checker' отменена
2026-06-20 16:42:51,248 - events - WARNING - Фоновая задача 'admin_transfer_position_checker' отменена
2026-06-20 16:42:51,248 - events - WARNING - Фоновая задача 'firing_position_checker' отменена
2026-06-20 16:42:51,248 - events - WARNING - Фоновая задача 'promotion_setup_position_check' отменена
2026-06-20 16:42:51,253 - __main__ - INFO - Соединение с БД закрыто
2026-06-20 21:42:54,690 - discord.gateway - INFO - Shard ID None has connected to Gateway (Session ID: 659053b96032177fa85389a9ba5f6a5c).
2026-06-20 21:42:56,700 - utils.startup_log - INFO - ╔══════════════════════════════════════════════════╗
2026-06-20 21:42:56,701 - utils.startup_log - INFO - ║ БОТ УВД — ЗАПУСК                                 ║
2026-06-20 21:42:56,701 - utils.startup_log - INFO - ╚══════════════════════════════════════════════════╝
2026-06-20 21:42:56,701 - utils.startup_log - INFO - 
2026-06-20 21:42:56,701 - utils.startup_log - INFO -   ▶ Подключение
2026-06-20 21:42:56,701 - utils.startup_log - INFO -   ──────────────────────────────────────────────────
2026-06-20 21:42:56,701 - utils.startup_log - INFO -     • Бот — Помощник#1719
2026-06-20 21:42:56,702 - utils.startup_log - INFO -     • ID бота — 1508421824227053629
2026-06-20 21:42:56,702 - utils.startup_log - INFO - 
2026-06-20 21:42:56,702 - utils.startup_log - INFO -   ▶ База данных
2026-06-20 21:42:56,702 - utils.startup_log - INFO -   ──────────────────────────────────────────────────
2026-06-20 21:42:56,705 - database - INFO - БД: открыто новое соединение (path=data/bot.db, journal_mode=WAL, foreign_keys=ON)
2026-06-20 21:42:56,708 - utils.startup_log - INFO -     • БД подключена — OK
2026-06-20 21:42:56,710 - services.warehouse_session - INFO - WarehouseSession: загружено 94 сессий из БД
2026-06-20 21:42:56,710 - utils.startup_log - INFO -     • Сессии склада — загружены из БД
2026-06-20 21:42:56,711 - services.warehouse_cooldown - INFO - WarehouseCooldown: загружено 102 записей из БД
2026-06-20 21:42:56,711 - utils.startup_log - INFO -     • Кулдауны склада — загружены из БД
2026-06-20 21:42:56,711 - utils.startup_log - INFO - 
2026-06-20 21:42:56,711 - utils.startup_log - INFO -   ▶ Слэш-команды
2026-06-20 21:42:56,712 - utils.startup_log - INFO -   ──────────────────────────────────────────────────
2026-06-20 21:42:56,996 - utils.startup_log - INFO -     • Синхронизированы — orls_promotion_setup, osb_promotion_setup, grom_promotion_setup, pps_promotion_setup, promotion_setup_all
2026-06-20 21:42:56,997 - utils.startup_log - INFO - 
2026-06-20 21:42:56,997 - utils.startup_log - INFO -   ▶ Восстановление View
2026-06-20 21:42:56,997 - utils.startup_log - INFO -   ──────────────────────────────────────────────────
2026-06-20 21:42:56,997 - services.restore_views - INFO - Восстановление View...
2026-06-20 21:42:56,998 - services.restore_views - INFO - Стартовые View восстановлены
2026-06-20 21:42:57,003 - services.restore_views - INFO - 📦 Загружено из БД: заявок=0, увольнений=0, повышений=0, склад=0, переводы=0
2026-06-20 21:42:57,003 - services.restore_views - INFO - 🔨 Восстановлено кнопок заявок: 0 | удалено из БД: 0 | пропущено: 0
2026-06-20 21:42:57,004 - services.restore_views - INFO - 🔨 Восстановлено кнопок увольнений: 0 | удалено из БД: 0 | пропущено: 0
2026-06-20 21:42:57,004 - services.restore_views - INFO - 🔨 Восстановлено кнопок повышений: 0 | удалено из БД: 0 | пропущено: 0
2026-06-20 21:42:57,004 - services.restore_views - INFO - 🔨 Восстановлено кнопок склада: 0 | удалено из БД: 0 | пропущено: 0
2026-06-20 21:42:57,004 - services.restore_views - INFO - 🔨 Восстановлено кнопок заявок на перевод: 0 | удалено из БД: 0 | пропущено: 0
2026-06-20 21:42:57,004 - services.restore_views - INFO - Восстановление View завершено
2026-06-20 21:42:57,004 - utils.startup_log - INFO -     • View восстановлены — OK
2026-06-20 21:42:57,004 - utils.startup_log - INFO - 
2026-06-20 21:42:57,004 - utils.startup_log - INFO -   ▶ Проверки при запуске
2026-06-20 21:42:57,004 - utils.startup_log - INFO -   ──────────────────────────────────────────────────
2026-06-20 21:42:57,004 - services.startup_checks - INFO - ========== ПРОВЕРКА ПРИ ЗАПУСКЕ ==========
2026-06-20 21:42:57,005 - services.startup_checks - INFO - ✅ Сервер: ЧВК Варкин (ID=1470858553530257473)
2026-06-20 21:42:57,005 - services.startup_checks - INFO - ✅ Бот: Помощник#1719 | верхняя роль='Командир Полка' | позиция=78
2026-06-20 21:42:57,005 - services.startup_checks - INFO - ✅ START_CHANNEL_ID: канал найден и доступен (ID=1482723021805584605)
2026-06-20 21:42:57,005 - services.startup_checks - INFO - ✅ REQUEST_CHANNEL_ID: канал найден и доступен (ID=1482723021805584605)
2026-06-20 21:42:57,005 - services.startup_checks - INFO - ✅ FIRING_CHANNEL_ID: канал найден и доступен (ID=1517132584142770207)
2026-06-20 21:42:57,005 - services.startup_checks - INFO - ✅ WAREHOUSE_REQUEST_CHANNEL_ID: канал найден и доступен (ID=1471112353184616629)
2026-06-20 21:42:57,005 - services.startup_checks - INFO - ✅ WAREHOUSE_AUDIT_CHANNEL_ID: канал найден и доступен (ID=1471947080200356017)
2026-06-20 21:42:57,005 - services.startup_checks - INFO - ✅ ACADEMY_CHANNEL_ID: канал найден и доступен (ID=1503034563184693338)
2026-06-20 21:42:57,006 - services.startup_checks - INFO - ✅ EXAM_CHANNEL_ID: канал найден и доступен (ID=1517849406433529856)
2026-06-20 21:42:57,006 - services.startup_checks - INFO - ✅ CHANNEL_APPLY_GROM: канал найден и доступен (ID=1517833352185380925)
2026-06-20 21:42:57,006 - services.startup_checks - INFO - ✅ CHANNEL_APPLY_PPS: канал найден и доступен (ID=1517833799818547222)
2026-06-20 21:42:57,006 - services.startup_checks - INFO - ✅ CHANNEL_APPLY_OSB: канал найден и доступен (ID=1517833889362481182)
2026-06-20 21:42:57,006 - services.startup_checks - INFO - ✅ CHANNEL_APPLY_ORLS: канал найден и доступен (ID=1517833579059740682)
2026-06-20 21:42:57,006 - services.startup_checks - INFO - ✅ CHANNEL_ADMIN_TRANSFER: канал найден и доступен (ID=1517834808011657327)
2026-06-20 21:42:57,006 - services.startup_checks - INFO - ✅ CHANNEL_CADRE_LOG: канал найден и доступен (ID=1517164403030753331)
2026-06-20 21:42:57,006 - services.startup_checks - INFO - ✅ STAFF_ROLE_ID: роль найдена (ID=1508437640263761952, name='Кадровый отдел')
2026-06-20 21:42:57,006 - services.startup_checks - INFO - ✅ TRANSFER_STAFF_ROLE_ID: роль найдена (ID=1508437640263761952, name='Кадровый отдел')
2026-06-20 21:42:57,006 - services.startup_checks - INFO - ✅ GOV_STAFF_ROLE_ID: роль найдена (ID=1508437640263761952, name='Кадровый отдел')
2026-06-20 21:42:57,007 - services.startup_checks - INFO - ✅ FIRING_STAFF_ROLE_ID: роль найдена (ID=1508437640263761952, name='Кадровый отдел')
2026-06-20 21:42:57,007 - services.startup_checks - INFO - ✅ FIRING_SENIOR_ROLE_ID: роль найдена (ID=1508437640263761952, name='Кадровый отдел')
2026-06-20 21:42:57,007 - services.startup_checks - INFO - ✅ WAREHOUSE_STAFF_ROLE_ID: роль найдена (ID=1508437640263761952, name='Кадровый отдел')
2026-06-20 21:42:57,007 - services.startup_checks - INFO - ✅ FIRED_ROLE_ID: роль найдена (ID=1500219579539128401, name='уволен')
2026-06-20 21:42:57,007 - services.startup_checks - WARNING - ⚠️ ROLES_TO_KEEP_ON_FIRE: список пустой
2026-06-20 21:42:57,007 - services.startup_checks - INFO - ✅ CADET_ROLES_TO_GIVE -> 1517132125504147519: роль найдена (ID=1517132125504147519, name='рядовой')
2026-06-20 21:42:57,007 - services.startup_checks - INFO - ✅ TRANSFER_ROLES_TO_GIVE -> 1483105783179771987: роль найдена (ID=1483105783179771987, name='ЧВК')
2026-06-20 21:42:57,007 - services.startup_checks - INFO - ✅ GOV_ROLE_TO_GIVE: роль найдена (ID=1500213796638298213, name='Гос Служащий')
2026-06-20 21:42:57,007 - services.startup_checks - INFO - ✅ PPS_ROLE_IDS -> 1517184354940485782: роль найдена (ID=1517184354940485782, name='ППС')
2026-06-20 21:42:57,007 - services.startup_checks - INFO - ✅ PPS_ROLE_IDS -> 1483154326829404312: роль найдена (ID=1483154326829404312, name='Ведьма')
2026-06-20 21:42:57,007 - services.startup_checks - INFO - ✅ ROLE_CHIEF_GROM: роль найдена (ID=1483444017520840916, name='Командир СОБР')
2026-06-20 21:42:57,007 - services.startup_checks - INFO - ✅ ROLE_DEPUTY_GROM: роль найдена (ID=1483444111330644099, name='Зам. Ком. СОБР')
2026-06-20 21:42:57,008 - services.startup_checks - INFO - ✅ ROLE_CHIEF_PPS: роль найдена (ID=1483444197527912481, name='Командир АВНГ')
2026-06-20 21:42:57,008 - services.startup_checks - INFO - ✅ ROLE_DEPUTY_PPS: роль найдена (ID=1483444604207501343, name='Зам. ком. УВО')
2026-06-20 21:42:57,008 - services.startup_checks - INFO - ✅ ROLE_CHIEF_OSB: роль найдена (ID=1483444329216348332, name='Начальник ОСБ')
2026-06-20 21:42:57,008 - services.startup_checks - INFO - ✅ ROLE_DEPUTY_OSB: роль найдена (ID=1483444394647486534, name='Зам. Нач. ОСБ')
2026-06-20 21:42:57,008 - services.startup_checks - INFO - ✅ ROLE_CHIEF_ORLS: роль найдена (ID=1483444847250636832, name='Командир УВО')
2026-06-20 21:42:57,008 - services.startup_checks - INFO - ✅ ROLE_DEPUTY_ORLS: роль найдена (ID=1483444604207501343, name='Зам. ком. УВО')
2026-06-20 21:42:57,008 - services.startup_checks - INFO - ✅ ROLE_DEPT_GROM: роль найдена (ID=1483445935739502745, name='СОБР')
2026-06-20 21:42:57,008 - services.startup_checks - INFO - ✅ ROLE_DEPT_PPS: роль найдена (ID=1471110817779810324, name='Рядовой')
2026-06-20 21:42:57,008 - services.startup_checks - INFO - ✅ ROLE_DEPT_OSB: роль найдена (ID=1483445838184185979, name='ОСБ')
2026-06-20 21:42:57,008 - services.startup_checks - INFO - ✅ ROLE_DEPT_ORLS: роль найдена (ID=1471110817779810324, name='Рядовой')
2026-06-20 21:42:57,008 - services.startup_checks - WARNING - ⚠️ ROLE_RANK_GROM: список пустой
2026-06-20 21:42:57,008 - services.startup_checks - INFO - ✅ ROLE_RANK_PPS -> 1487044914624856174: роль найдена (ID=1487044914624856174, name='белая ворона')
2026-06-20 21:42:57,009 - services.startup_checks - INFO - ✅ ROLE_RANK_OSB -> 1471110087107018822: роль найдена (ID=1471110087107018822, name='Шпион')
2026-06-20 21:42:57,009 - services.startup_checks - WARNING - ⚠️ ROLE_RANK_ORLS: список пустой
2026-06-20 21:42:57,009 - services.startup_checks - INFO - ✅ ROLE_ACADEMY: роль найдена (ID=1508437640263761952, name='Кадровый отдел')
2026-06-20 21:42:57,009 - services.startup_checks - INFO - ✅ ROLE_DEPT_ACADEMY: роль найдена (ID=1483446295174582282, name='АВНГ')
2026-06-20 21:42:57,009 - services.startup_checks - INFO - ✅ ROLE_PASSED_ACADEMY: роль найдена (ID=1471114268450623550, name='Ефрейтор')
2026-06-20 21:42:57,009 - services.startup_checks - INFO - ✅ Канал повышений 1471108664457826446: канал найден и доступен (ID=1471108664457826446)
2026-06-20 21:42:57,009 - services.startup_checks - INFO - ✅ Роль кадровика для канала повышений 1471108664457826446: роль найдена (ID=1508437640263761952, name='Кадровый отдел')
2026-06-20 21:42:57,009 - services.startup_checks - INFO - ✅ ALL_RANK_ROLE_IDS -> 1517132125504147519: роль найдена (ID=1517132125504147519, name='рядовой')
2026-06-20 21:42:57,009 - services.startup_checks - INFO - ✅ ALL_RANK_ROLE_IDS -> 1517855095033827428: роль найдена (ID=1517855095033827428, name='младший сержант')
2026-06-20 21:42:57,009 - services.startup_checks - INFO - ✅ ALL_RANK_ROLE_IDS -> 1500207254765437048: роль найдена (ID=1500207254765437048, name='Майор')
2026-06-20 21:42:57,009 - services.startup_checks - ERROR - ❌ RANK_ROLE_MAPPING: роль не найдена для 'Рядовой -> Младший Сержант' (ID=0)
2026-06-20 21:42:57,010 - services.startup_checks - INFO - ✅ Канал рапортов ОРЛС: канал найден и доступен (ID=1517850589852205106)
2026-06-20 21:42:57,010 - services.startup_checks - INFO - ✅ Канал рапортов ОСБ: канал найден и доступен (ID=1517850633502199838)
2026-06-20 21:42:57,010 - services.startup_checks - INFO - ✅ Канал рапортов ГРОМ: канал найден и доступен (ID=1517850560110530581)
2026-06-20 21:42:57,010 - services.startup_checks - INFO - ✅ Канал рапортов ППС: канал найден и доступен (ID=1517850560110530581)
2026-06-20 21:42:57,010 - services.startup_checks - INFO - ✅ У бота есть право 'Управлять ролями'
2026-06-20 21:42:57,010 - services.startup_checks - INFO - ✅ У бота есть право 'Управлять никами'
2026-06-20 21:42:57,010 - services.startup_checks - INFO - ======== ПРОВЕРКА ПРИ ЗАПУСКЕ ЗАВЕРШЕНА ========
2026-06-20 21:42:57,010 - utils.startup_log - INFO -     • Каналы и роли — проверены
2026-06-20 21:42:57,010 - utils.startup_log - INFO - 
2026-06-20 21:42:57,010 - utils.startup_log - INFO -   ▶ Состояние
2026-06-20 21:42:57,010 - utils.startup_log - INFO -   ──────────────────────────────────────────────────
2026-06-20 21:42:57,011 - services.health_report - INFO - ========== ОТЧЁТ О СОСТОЯНИИ ==========
2026-06-20 21:42:57,011 - services.health_report - INFO - 📊 ПАМЯТЬ | заявки=0 | увольнения=0 | повышения=0 | склад=0 | переводы=0 | черновики_ОРЛС=0 ОСБ=0 ГРОМ=0 ППС=0 Акад=0 | сообщ_рапортов=0
2026-06-20 21:42:57,014 - services.health_report - INFO - 🗄️ БАЗА   | заявки=8 | увольнения=38 | повышения=12 | склад=3 | переводы=4
2026-06-20 21:42:57,015 - services.health_report - INFO - 🧹 Проверка осиротевших записей (только проверка=True)...
2026-06-20 21:42:57,308 - services.health_report - WARNING - 🧹 ЛИШНЯЯ ЗАПИСЬ (увольнение): message_id=1515432583754813460 (сообщение удалено)
2026-06-20 21:42:57,614 - services.health_report - WARNING - 🧹 ЛИШНЯЯ ЗАПИСЬ (увольнение): message_id=1515456223699275778 (сообщение удалено)
2026-06-20 21:42:57,931 - services.health_report - WARNING - 🧹 ЛИШНЯЯ ЗАПИСЬ (увольнение): message_id=1515456972412026950 (сообщение удалено)
2026-06-20 21:42:58,253 - services.health_report - WARNING - 🧹 ЛИШНЯЯ ЗАПИСЬ (увольнение): message_id=1515458280456196126 (сообщение удалено)
2026-06-20 21:42:58,570 - services.health_report - WARNING - 🧹 ЛИШНЯЯ ЗАПИСЬ (увольнение): message_id=1515469392010547350 (сообщение удалено)
2026-06-20 21:43:03,337 - services.health_report - WARNING - 🧹 ЛИШНЯЯ ЗАПИСЬ (увольнение): message_id=1515493833436172369 (сообщение удалено)
2026-06-20 21:43:03,632 - services.health_report - WARNING - 🧹 ЛИШНЯЯ ЗАПИСЬ (увольнение): message_id=1515494822079631450 (сообщение удалено)
2026-06-20 21:43:03,971 - services.health_report - WARNING - 🧹 ЛИШНЯЯ ЗАПИСЬ (увольнение): message_id=1515648848419098737 (сообщение удалено)
2026-06-20 21:43:04,298 - services.health_report - WARNING - 🧹 ЛИШНЯЯ ЗАПИСЬ (увольнение): message_id=1515650958481297408 (сообщение удалено)
2026-06-20 21:43:04,638 - services.health_report - WARNING - 🧹 ЛИШНЯЯ ЗАПИСЬ (увольнение): message_id=1515667237967499325 (сообщение удалено)
2026-06-20 21:43:04,983 - services.health_report - WARNING - 🧹 ЛИШНЯЯ ЗАПИСЬ (увольнение): message_id=1515692600248762378 (сообщение удалено)
2026-06-20 21:43:09,696 - services.health_report - WARNING - 🧹 ЛИШНЯЯ ЗАПИСЬ (увольнение): message_id=1515699543361060867 (сообщение удалено)
2026-06-20 21:43:10,007 - services.health_report - WARNING - 🧹 ЛИШНЯЯ ЗАПИСЬ (увольнение): message_id=1515701733739724992 (сообщение удалено)
2026-06-20 21:43:10,327 - services.health_report - WARNING - 🧹 ЛИШНЯЯ ЗАПИСЬ (увольнение): message_id=1515709485493129397 (сообщение удалено)
2026-06-20 21:43:10,627 - services.health_report - WARNING - 🧹 ЛИШНЯЯ ЗАПИСЬ (увольнение): message_id=1515720643268841563 (сообщение удалено)
2026-06-20 21:43:10,965 - services.health_report - WARNING - 🧹 ЛИШНЯЯ ЗАПИСЬ (увольнение): message_id=1515732658825465877 (сообщение удалено)
2026-06-20 21:43:11,329 - services.health_report - WARNING - 🧹 ЛИШНЯЯ ЗАПИСЬ (увольнение): message_id=1515742143115825304 (сообщение удалено)
2026-06-20 21:43:16,012 - services.health_report - WARNING - 🧹 ЛИШНЯЯ ЗАПИСЬ (увольнение): message_id=1515760444458008637 (сообщение удалено)
2026-06-20 21:43:16,320 - services.health_report - WARNING - 🧹 ЛИШНЯЯ ЗАПИСЬ (увольнение): message_id=1515767188261175336 (сообщение удалено)
2026-06-20 21:43:16,727 - services.health_report - WARNING - 🧹 ЛИШНЯЯ ЗАПИСЬ (увольнение): message_id=1515796636750712912 (сообщение удалено)
2026-06-20 21:43:17,218 - services.health_report - WARNING - 🧹 ЛИШНЯЯ ЗАПИСЬ (увольнение): message_id=1515797414982717697 (сообщение удалено)
2026-06-20 21:43:17,527 - services.health_report - WARNING - 🧹 ЛИШНЯЯ ЗАПИСЬ (увольнение): message_id=1515806384296562738 (сообщение удалено)
2026-06-20 21:43:17,850 - services.health_report - WARNING - 🧹 ЛИШНЯЯ ЗАПИСЬ (увольнение): message_id=1515872430890025101 (сообщение удалено)
2026-06-20 21:43:22,334 - services.health_report - WARNING - 🧹 ЛИШНЯЯ ЗАПИСЬ (увольнение): message_id=1515959062016163941 (сообщение удалено)
2026-06-20 21:43:22,654 - services.health_report - WARNING - 🧹 ЛИШНЯЯ ЗАПИСЬ (увольнение): message_id=1515959970049556632 (сообщение удалено)
2026-06-20 21:43:22,996 - services.health_report - WARNING - 🧹 ЛИШНЯЯ ЗАПИСЬ (увольнение): message_id=1515968485094854700 (сообщение удалено)
2026-06-20 21:43:23,298 - services.health_report - WARNING - 🧹 ЛИШНЯЯ ЗАПИСЬ (увольнение): message_id=1515986481909600346 (сообщение удалено)
2026-06-20 21:43:23,609 - services.health_report - WARNING - 🧹 ЛИШНЯЯ ЗАПИСЬ (увольнение): message_id=1515993233690329128 (сообщение удалено)
2026-06-20 21:43:23,913 - services.health_report - WARNING - 🧹 ЛИШНЯЯ ЗАПИСЬ (увольнение): message_id=1516023710165766291 (сообщение удалено)
2026-06-20 21:43:28,670 - services.health_report - WARNING - 🧹 ЛИШНЯЯ ЗАПИСЬ (увольнение): message_id=1516036534128607282 (сообщение удалено)
2026-06-20 21:43:29,117 - services.health_report - WARNING - 🧹 ЛИШНЯЯ ЗАПИСЬ (увольнение): message_id=1516064178916429856 (сообщение удалено)
2026-06-20 21:43:29,454 - services.health_report - WARNING - 🧹 ЛИШНЯЯ ЗАПИСЬ (увольнение): message_id=1516068844425445499 (сообщение удалено)
2026-06-20 21:43:29,766 - services.health_report - WARNING - 🧹 ЛИШНЯЯ ЗАПИСЬ (увольнение): message_id=1516082593425264790 (сообщение удалено)
2026-06-20 21:43:30,109 - services.health_report - WARNING - 🧹 ЛИШНЯЯ ЗАПИСЬ (увольнение): message_id=1516093600453099682 (сообщение удалено)
2026-06-20 21:43:30,413 - services.health_report - WARNING - 🧹 ЛИШНЯЯ ЗАПИСЬ (увольнение): message_id=1516100743902265516 (сообщение удалено)
2026-06-20 21:43:35,034 - services.health_report - WARNING - 🧹 ЛИШНЯЯ ЗАПИСЬ (увольнение): message_id=1516113088200577125 (сообщение удалено)
2026-06-20 21:43:35,368 - services.health_report - WARNING - 🧹 ЛИШНЯЯ ЗАПИСЬ (увольнение): message_id=1516116820401066054 (сообщение удалено)
2026-06-20 21:43:35,832 - services.health_report - WARNING - 🧹 ЛИШНЯЯ ЗАПИСЬ (увольнение): message_id=1516123344918024345 (сообщение удалено)
2026-06-20 21:43:36,209 - services.health_report - WARNING - 🧹 ЛИШНЯЯ ЗАПИСЬ (склад): message_id=1515402802786992148 (сообщение удалено)
2026-06-20 21:43:36,485 - services.health_report - WARNING - 🧹 ЛИШНЯЯ ЗАПИСЬ (склад): message_id=1515801730594508981 (сообщение удалено)
2026-06-20 21:43:36,890 - services.health_report - WARNING - 🧹 ЛИШНЯЯ ЗАПИСЬ (склад): message_id=1516114081881526322 (сообщение удалено)
2026-06-20 21:43:37,193 - services.health_report - WARNING - 🧹 ЛИШНЯЯ ЗАПИСЬ (повышение): message_id=1515441527495594004 (сообщение удалено)
2026-06-20 21:43:37,481 - services.health_report - WARNING - 🧹 ЛИШНЯЯ ЗАПИСЬ (повышение): message_id=1515466312967651460 (сообщение удалено)
2026-06-20 21:43:37,868 - services.health_report - WARNING - 🧹 ЛИШНЯЯ ЗАПИСЬ (повышение): message_id=1515779319002169475 (сообщение удалено)
2026-06-20 21:43:38,193 - services.health_report - WARNING - 🧹 ЛИШНЯЯ ЗАПИСЬ (повышение): message_id=1515806228171718717 (сообщение удалено)
2026-06-20 21:43:38,482 - services.health_report - WARNING - 🧹 ЛИШНЯЯ ЗАПИСЬ (повышение): message_id=1515817587278221400 (сообщение удалено)
2026-06-20 21:43:43,193 - services.health_report - WARNING - 🧹 ЛИШНЯЯ ЗАПИСЬ (повышение): message_id=1515822851087798342 (сообщение удалено)
2026-06-20 21:43:43,523 - services.health_report - WARNING - 🧹 ЛИШНЯЯ ЗАПИСЬ (повышение): message_id=1515983272281112667 (сообщение удалено)
2026-06-20 21:43:43,826 - services.health_report - WARNING - 🧹 ЛИШНЯЯ ЗАПИСЬ (повышение): message_id=1516040108397301830 (сообщение удалено)
2026-06-20 21:43:44,163 - services.health_report - WARNING - 🧹 ЛИШНЯЯ ЗАПИСЬ (повышение): message_id=1516052747307319396 (сообщение удалено)
2026-06-20 21:43:44,456 - services.health_report - WARNING - 🧹 ЛИШНЯЯ ЗАПИСЬ (повышение): message_id=1516094665118584884 (сообщение удалено)
2026-06-20 21:43:44,792 - services.health_report - WARNING - 🧹 ЛИШНЯЯ ЗАПИСЬ (повышение): message_id=1516097916941500486 (сообщение удалено)
2026-06-20 21:43:49,540 - services.health_report - WARNING - 🧹 ЛИШНЯЯ ЗАПИСЬ (повышение): message_id=1516122223130181834 (сообщение удалено)
2026-06-20 21:43:50,786 - services.health_report - WARNING - 🧹 ЛИШНЯЯ ЗАПИСЬ (заявка перевод): message_id=1515635190133690488 (сообщение удалено)
2026-06-20 21:43:52,035 - services.health_report - WARNING - 🧹 ЛИШНЯЯ ЗАПИСЬ (заявка перевод): message_id=1516019436480364605 (сообщение удалено)
2026-06-20 21:43:53,264 - services.health_report - WARNING - 🧹 ЛИШНЯЯ ЗАПИСЬ (заявка перевод): message_id=1516033835614343309 (сообщение удалено)
2026-06-20 21:43:54,549 - services.health_report - WARNING - 🧹 ЛИШНЯЯ ЗАПИСЬ (заявка перевод): message_id=1516046242575290508 (сообщение удалено)
2026-06-20 21:43:54,549 - services.health_report - INFO - 🧹 Проверка лишних записей завершена
2026-06-20 21:43:54,549 - services.health_report - INFO - ======== ОТЧЁТ О СОСТОЯНИИ ГОТОВ ========
2026-06-20 21:43:54,549 - utils.startup_log - INFO -     • Отчёт состояния — выведен выше
2026-06-20 21:43:56,172 - utils.startup_log - INFO -     • Сообщения для рапортов — проверены/созданы
2026-06-20 21:43:56,172 - utils.startup_log - INFO - 
2026-06-20 21:43:56,172 - utils.startup_log - INFO -   ▶ Фоновые задачи
2026-06-20 21:43:56,172 - utils.startup_log - INFO -   ──────────────────────────────────────────────────
2026-06-20 21:43:56,172 - services.worker_queue - INFO - Воркер очереди задач запущен
2026-06-20 21:43:56,172 - events - INFO - Запущена фоновая задача: start_position_checker
2026-06-20 21:43:56,172 - events - INFO - Запущена фоновая задача: warehouse_position_checker
2026-06-20 21:43:56,172 - events - INFO - Запущена фоновая задача: cleanup_manager
2026-06-20 21:43:56,173 - events - INFO - Запущена фоновая задача: apply_grom_position_checker
2026-06-20 21:43:56,173 - events - INFO - Запущена фоновая задача: apply_pps_position_checker
2026-06-20 21:43:56,173 - events - INFO - Запущена фоновая задача: apply_osb_position_checker
2026-06-20 21:43:56,173 - events - INFO - Запущена фоновая задача: apply_orls_position_checker
2026-06-20 21:43:56,173 - events - INFO - Запущена фоновая задача: academy_apply_position_checker
2026-06-20 21:43:56,173 - events - INFO - Запущена фоновая задача: admin_transfer_position_checker
2026-06-20 21:43:56,173 - events - INFO - Запущена фоновая задача: firing_position_checker
2026-06-20 21:43:56,173 - events - INFO - Запущена фоновая задача: promotion_setup_position_check
2026-06-20 21:43:56,186 - services.cleanup - INFO - 🧠 SQLite optimize выполнен
2026-06-20 21:43:56,189 - services.cleanup - INFO - 🧹 Удалено черновиков ОСБ (старше 14 дней): 1
2026-06-20 21:43:56,192 - services.warehouse_session - INFO - 🧹 WarehouseSession: очищено 94 старых сессий
2026-06-20 21:43:56,192 - services.cleanup - INFO - 🧹 Очищено просроченных сессий склада: 94
2026-06-20 21:43:56,192 - services.cleanup - INFO - 🧹 Периодическая очистка завершена
2026-06-20 21:43:56,193 - utils.startup_log - INFO - 
2026-06-20 21:43:56,193 - utils.startup_log - INFO - ╔══════════════════════════════════════════════════╗
2026-06-20 21:43:56,193 - utils.startup_log - INFO - ║ БОТ ГОТОВ К РАБОТЕ                               ║
2026-06-20 21:43:56,193 - utils.startup_log - INFO - ║                                                  ║
2026-06-20 21:43:56,193 - utils.startup_log - INFO - ║ Помощник#1719                                    ║
2026-06-20 21:43:56,193 - utils.startup_log - INFO - ║ ЧВК Варкин (ID: 1470858553530257473)             ║
2026-06-20 21:43:56,193 - utils.startup_log - INFO - ╚══════════════════════════════════════════════════╝
2026-06-20 21:43:56,193 - utils.startup_log - INFO - 
2026-06-20 21:43:56,194 - utils.startup_log - INFO - done
2026-06-20 21:43:57,298 - services.base_position - INFO - Сообщение не найдено в канале 1517833889362481182 - создаем
2026-06-20 21:43:58,991 - services.base_position - INFO - 🔄 Сообщение обновлено в канале 1517833889362481182 (msg_id=1517887738731430009)
2026-06-20 22:29:16,814 - discord.gateway - INFO - Shard ID None has successfully RESUMED session 659053b96032177fa85389a9ba5f6a5c.
2026-06-20 22:43:56,220 - services.cleanup - INFO - 🧹 Периодическая очистка завершена
2026-06-20 22:56:16,247 - services.base_position - INFO - Сообщение не внизу канала 1517833352185380925 - перемещаем
2026-06-20 22:56:17,417 - services.base_position - INFO - 🔄 Сообщение обновлено в канале 1517833352185380925 (msg_id=1517905939468914709)
2026-06-20 23:43:56,272 - services.cleanup - INFO - 🧹 Периодическая очистка завершена
2026-06-21 00:40:35,319 - discord.gateway - INFO - Shard ID None has successfully RESUMED session 659053b96032177fa85389a9ba5f6a5c.
2026-06-21 00:43:56,302 - services.cleanup - INFO - 🧹 Периодическая очистка завершена
2026-06-21 01:33:10,060 - discord.gateway - INFO - Shard ID None has successfully RESUMED session 659053b96032177fa85389a9ba5f6a5c.
2026-06-21 01:43:56,331 - services.cleanup - INFO - 🧹 Периодическая очистка завершена
2026-06-21 02:43:56,368 - services.cleanup - INFO - 🧹 Периодическая очистка завершена
2026-06-21 02:46:50,572 - discord.gateway - INFO - Shard ID None has successfully RESUMED session 659053b96032177fa85389a9ba5f6a5c.
2026-06-22 01:54:26,910 - discord.gateway - INFO - Shard ID None has connected to Gateway (Session ID: a0a0e80fb31ef88de1ce17951b42c92f).
2026-06-22 01:54:28,933 - utils.startup_log - INFO - ╔══════════════════════════════════════════════════╗
2026-06-22 01:54:28,934 - utils.startup_log - INFO - ║ БОТ УВД — ЗАПУСК                                 ║
2026-06-22 01:54:28,934 - utils.startup_log - INFO - ╚══════════════════════════════════════════════════╝
2026-06-22 01:54:28,934 - utils.startup_log - INFO - 
2026-06-22 01:54:28,934 - utils.startup_log - INFO -   ▶ Подключение
2026-06-22 01:54:28,934 - utils.startup_log - INFO -   ──────────────────────────────────────────────────
2026-06-22 01:54:28,934 - utils.startup_log - INFO -     • Бот — Помощник#1719
2026-06-22 01:54:28,935 - utils.startup_log - INFO -     • ID бота — 1508421824227053629
2026-06-22 01:54:28,935 - utils.startup_log - INFO - 
2026-06-22 01:54:28,935 - utils.startup_log - INFO -   ▶ База данных
2026-06-22 01:54:28,935 - utils.startup_log - INFO -   ──────────────────────────────────────────────────
2026-06-22 01:54:28,948 - database - INFO - БД: открыто новое соединение (path=data/bot.db, journal_mode=WAL, foreign_keys=ON)
2026-06-22 01:54:28,951 - utils.startup_log - INFO -     • БД подключена — OK
2026-06-22 01:54:28,954 - services.warehouse_session - INFO - WarehouseSession: загружено 94 сессий из БД
2026-06-22 01:54:28,955 - utils.startup_log - INFO -     • Сессии склада — загружены из БД
2026-06-22 01:54:28,955 - services.warehouse_cooldown - INFO - WarehouseCooldown: загружено 102 записей из БД
2026-06-22 01:54:28,956 - utils.startup_log - INFO -     • Кулдауны склада — загружены из БД
2026-06-22 01:54:28,956 - utils.startup_log - INFO - 
2026-06-22 01:54:28,956 - utils.startup_log - INFO -   ▶ Слэш-команды
2026-06-22 01:54:28,956 - utils.startup_log - INFO -   ──────────────────────────────────────────────────
2026-06-22 01:54:29,242 - utils.startup_log - INFO -     • Синхронизированы — orls_promotion_setup, osb_promotion_setup, grom_promotion_setup, pps_promotion_setup, promotion_setup_all
2026-06-22 01:54:29,242 - utils.startup_log - INFO - 
2026-06-22 01:54:29,243 - utils.startup_log - INFO -   ▶ Восстановление View
2026-06-22 01:54:29,243 - utils.startup_log - INFO -   ──────────────────────────────────────────────────
2026-06-22 01:54:29,243 - services.restore_views - INFO - Восстановление View...
2026-06-22 01:54:29,244 - services.restore_views - INFO - Стартовые View восстановлены
2026-06-22 01:54:29,249 - services.restore_views - INFO - 📦 Загружено из БД: заявок=0, увольнений=0, повышений=0, склад=0, переводы=0
2026-06-22 01:54:29,249 - services.restore_views - INFO - 🔨 Восстановлено кнопок заявок: 0 | удалено из БД: 0 | пропущено: 0
2026-06-22 01:54:29,250 - services.restore_views - INFO - 🔨 Восстановлено кнопок увольнений: 0 | удалено из БД: 0 | пропущено: 0
2026-06-22 01:54:29,250 - services.restore_views - INFO - 🔨 Восстановлено кнопок повышений: 0 | удалено из БД: 0 | пропущено: 0
2026-06-22 01:54:29,250 - services.restore_views - INFO - 🔨 Восстановлено кнопок склада: 0 | удалено из БД: 0 | пропущено: 0
2026-06-22 01:54:29,250 - services.restore_views - INFO - 🔨 Восстановлено кнопок заявок на перевод: 0 | удалено из БД: 0 | пропущено: 0
2026-06-22 01:54:29,250 - services.restore_views - INFO - Восстановление View завершено
2026-06-22 01:54:29,250 - utils.startup_log - INFO -     • View восстановлены — OK
2026-06-22 01:54:29,250 - utils.startup_log - INFO - 
2026-06-22 01:54:29,250 - utils.startup_log - INFO -   ▶ Проверки при запуске
2026-06-22 01:54:29,250 - utils.startup_log - INFO -   ──────────────────────────────────────────────────
2026-06-22 01:54:29,251 - services.startup_checks - INFO - ========== ПРОВЕРКА ПРИ ЗАПУСКЕ ==========
2026-06-22 01:54:29,251 - services.startup_checks - INFO - ✅ Сервер: ЧВК Варкин (ID=1470858553530257473)
2026-06-22 01:54:29,251 - services.startup_checks - INFO - ✅ Бот: Помощник#1719 | верхняя роль='Командир Полка' | позиция=78
2026-06-22 01:54:29,251 - services.startup_checks - INFO - ✅ START_CHANNEL_ID: канал найден и доступен (ID=1482723021805584605)
2026-06-22 01:54:29,251 - services.startup_checks - INFO - ✅ REQUEST_CHANNEL_ID: канал найден и доступен (ID=1482723021805584605)
2026-06-22 01:54:29,251 - services.startup_checks - INFO - ✅ FIRING_CHANNEL_ID: канал найден и доступен (ID=1517132584142770207)
2026-06-22 01:54:29,251 - services.startup_checks - INFO - ✅ WAREHOUSE_REQUEST_CHANNEL_ID: канал найден и доступен (ID=1471112353184616629)
2026-06-22 01:54:29,251 - services.startup_checks - INFO - ✅ WAREHOUSE_AUDIT_CHANNEL_ID: канал найден и доступен (ID=1471947080200356017)
2026-06-22 01:54:29,251 - services.startup_checks - INFO - ✅ ACADEMY_CHANNEL_ID: канал найден и доступен (ID=1503034563184693338)
2026-06-22 01:54:29,252 - services.startup_checks - INFO - ✅ EXAM_CHANNEL_ID: канал найден и доступен (ID=1517849406433529856)
2026-06-22 01:54:29,252 - services.startup_checks - INFO - ✅ CHANNEL_APPLY_GROM: канал найден и доступен (ID=1517833352185380925)
2026-06-22 01:54:29,252 - services.startup_checks - INFO - ✅ CHANNEL_APPLY_PPS: канал найден и доступен (ID=1517833799818547222)
2026-06-22 01:54:29,252 - services.startup_checks - INFO - ✅ CHANNEL_APPLY_OSB: канал найден и доступен (ID=1517833889362481182)
2026-06-22 01:54:29,252 - services.startup_checks - INFO - ✅ CHANNEL_APPLY_ORLS: канал найден и доступен (ID=1517833579059740682)
2026-06-22 01:54:29,252 - services.startup_checks - INFO - ✅ CHANNEL_ADMIN_TRANSFER: канал найден и доступен (ID=1517834808011657327)
2026-06-22 01:54:29,252 - services.startup_checks - INFO - ✅ CHANNEL_CADRE_LOG: канал найден и доступен (ID=1517164403030753331)
2026-06-22 01:54:29,252 - services.startup_checks - INFO - ✅ STAFF_ROLE_ID: роль найдена (ID=1508437640263761952, name='Кадровый отдел')
2026-06-22 01:54:29,253 - services.startup_checks - INFO - ✅ TRANSFER_STAFF_ROLE_ID: роль найдена (ID=1508437640263761952, name='Кадровый отдел')
2026-06-22 01:54:29,253 - services.startup_checks - INFO - ✅ GOV_STAFF_ROLE_ID: роль найдена (ID=1508437640263761952, name='Кадровый отдел')
2026-06-22 01:54:29,253 - services.startup_checks - INFO - ✅ FIRING_STAFF_ROLE_ID: роль найдена (ID=1508437640263761952, name='Кадровый отдел')
2026-06-22 01:54:29,253 - services.startup_checks - INFO - ✅ FIRING_SENIOR_ROLE_ID: роль найдена (ID=1508437640263761952, name='Кадровый отдел')
2026-06-22 01:54:29,253 - services.startup_checks - INFO - ✅ WAREHOUSE_STAFF_ROLE_ID: роль найдена (ID=1508437640263761952, name='Кадровый отдел')
2026-06-22 01:54:29,253 - services.startup_checks - INFO - ✅ FIRED_ROLE_ID: роль найдена (ID=1500219579539128401, name='уволен')
2026-06-22 01:54:29,253 - services.startup_checks - WARNING - ⚠️ ROLES_TO_KEEP_ON_FIRE: список пустой
2026-06-22 01:54:29,253 - services.startup_checks - INFO - ✅ CADET_ROLES_TO_GIVE -> 1517132125504147519: роль найдена (ID=1517132125504147519, name='рядовой')
2026-06-22 01:54:29,253 - services.startup_checks - INFO - ✅ TRANSFER_ROLES_TO_GIVE -> 1483105783179771987: роль найдена (ID=1483105783179771987, name='ЧВК')
2026-06-22 01:54:29,253 - services.startup_checks - INFO - ✅ GOV_ROLE_TO_GIVE: роль найдена (ID=1500213796638298213, name='Гос Служащий')
2026-06-22 01:54:29,253 - services.startup_checks - INFO - ✅ PPS_ROLE_IDS -> 1517184354940485782: роль найдена (ID=1517184354940485782, name='ППС')
2026-06-22 01:54:29,254 - services.startup_checks - INFO - ✅ PPS_ROLE_IDS -> 1483154326829404312: роль найдена (ID=1483154326829404312, name='Ведьма')
2026-06-22 01:54:29,254 - services.startup_checks - INFO - ✅ ROLE_CHIEF_GROM: роль найдена (ID=1483444017520840916, name='Командир СОБР')
2026-06-22 01:54:29,254 - services.startup_checks - INFO - ✅ ROLE_DEPUTY_GROM: роль найдена (ID=1483444111330644099, name='Зам. Ком. СОБР')
2026-06-22 01:54:29,254 - services.startup_checks - INFO - ✅ ROLE_CHIEF_PPS: роль найдена (ID=1483444197527912481, name='Командир АВНГ')
2026-06-22 01:54:29,254 - services.startup_checks - INFO - ✅ ROLE_DEPUTY_PPS: роль найдена (ID=1483444604207501343, name='Зам. ком. УВО')
2026-06-22 01:54:29,254 - services.startup_checks - INFO - ✅ ROLE_CHIEF_OSB: роль найдена (ID=1483444329216348332, name='Начальник ОСБ')
2026-06-22 01:54:29,254 - services.startup_checks - INFO - ✅ ROLE_DEPUTY_OSB: роль найдена (ID=1483444394647486534, name='Зам. Нач. ОСБ')
2026-06-22 01:54:29,254 - services.startup_checks - INFO - ✅ ROLE_CHIEF_ORLS: роль найдена (ID=1483444847250636832, name='Командир УВО')
2026-06-22 01:54:29,254 - services.startup_checks - INFO - ✅ ROLE_DEPUTY_ORLS: роль найдена (ID=1483444604207501343, name='Зам. ком. УВО')
2026-06-22 01:54:29,254 - services.startup_checks - INFO - ✅ ROLE_DEPT_GROM: роль найдена (ID=1483445935739502745, name='СОБР')
2026-06-22 01:54:29,254 - services.startup_checks - INFO - ✅ ROLE_DEPT_PPS: роль найдена (ID=1471110817779810324, name='Рядовой')
2026-06-22 01:54:29,254 - services.startup_checks - INFO - ✅ ROLE_DEPT_OSB: роль найдена (ID=1483445838184185979, name='ОСБ')
2026-06-22 01:54:29,255 - services.startup_checks - INFO - ✅ ROLE_DEPT_ORLS: роль найдена (ID=1471110817779810324, name='Рядовой')
2026-06-22 01:54:29,255 - services.startup_checks - WARNING - ⚠️ ROLE_RANK_GROM: список пустой
2026-06-22 01:54:29,255 - services.startup_checks - INFO - ✅ ROLE_RANK_PPS -> 1487044914624856174: роль найдена (ID=1487044914624856174, name='белая ворона')
2026-06-22 01:54:29,255 - services.startup_checks - INFO - ✅ ROLE_RANK_OSB -> 1471110087107018822: роль найдена (ID=1471110087107018822, name='Шпион')
2026-06-22 01:54:29,255 - services.startup_checks - WARNING - ⚠️ ROLE_RANK_ORLS: список пустой
2026-06-22 01:54:29,255 - services.startup_checks - INFO - ✅ ROLE_ACADEMY: роль найдена (ID=1508437640263761952, name='Кадровый отдел')
2026-06-22 01:54:29,255 - services.startup_checks - INFO - ✅ ROLE_DEPT_ACADEMY: роль найдена (ID=1483446295174582282, name='АВНГ')
2026-06-22 01:54:29,255 - services.startup_checks - INFO - ✅ ROLE_PASSED_ACADEMY: роль найдена (ID=1471114268450623550, name='Ефрейтор')
2026-06-22 01:54:29,255 - services.startup_checks - INFO - ✅ Канал повышений 1471108664457826446: канал найден и доступен (ID=1471108664457826446)
2026-06-22 01:54:29,255 - services.startup_checks - INFO - ✅ Роль кадровика для канала повышений 1471108664457826446: роль найдена (ID=1508437640263761952, name='Кадровый отдел')
2026-06-22 01:54:29,255 - services.startup_checks - INFO - ✅ ALL_RANK_ROLE_IDS -> 1517132125504147519: роль найдена (ID=1517132125504147519, name='рядовой')
2026-06-22 01:54:29,255 - services.startup_checks - INFO - ✅ ALL_RANK_ROLE_IDS -> 1517855095033827428: роль найдена (ID=1517855095033827428, name='младший сержант')
2026-06-22 01:54:29,256 - services.startup_checks - INFO - ✅ ALL_RANK_ROLE_IDS -> 1500207254765437048: роль найдена (ID=1500207254765437048, name='Майор')
2026-06-22 01:54:29,256 - services.startup_checks - ERROR - ❌ RANK_ROLE_MAPPING: роль не найдена для 'Рядовой -> Младший Сержант' (ID=0)
2026-06-22 01:54:29,256 - services.startup_checks - INFO - ✅ Канал рапортов ОРЛС: канал найден и доступен (ID=1517850589852205106)
2026-06-22 01:54:29,256 - services.startup_checks - INFO - ✅ Канал рапортов ОСБ: канал найден и доступен (ID=1517850633502199838)
2026-06-22 01:54:29,256 - services.startup_checks - INFO - ✅ Канал рапортов ГРОМ: канал найден и доступен (ID=1517850560110530581)
2026-06-22 01:54:29,256 - services.startup_checks - INFO - ✅ Канал рапортов ППС: канал найден и доступен (ID=1517850560110530581)
2026-06-22 01:54:29,256 - services.startup_checks - INFO - ✅ У бота есть право 'Управлять ролями'
2026-06-22 01:54:29,256 - services.startup_checks - INFO - ✅ У бота есть право 'Управлять никами'
2026-06-22 01:54:29,256 - services.startup_checks - INFO - ======== ПРОВЕРКА ПРИ ЗАПУСКЕ ЗАВЕРШЕНА ========
2026-06-22 01:54:29,256 - utils.startup_log - INFO -     • Каналы и роли — проверены
2026-06-22 01:54:29,257 - utils.startup_log - INFO - 
2026-06-22 01:54:29,257 - utils.startup_log - INFO -   ▶ Состояние
2026-06-22 01:54:29,257 - utils.startup_log - INFO -   ──────────────────────────────────────────────────
2026-06-22 01:54:29,257 - services.health_report - INFO - ========== ОТЧЁТ О СОСТОЯНИИ ==========
2026-06-22 01:54:29,257 - services.health_report - INFO - 📊 ПАМЯТЬ | заявки=0 | увольнения=0 | повышения=0 | склад=0 | переводы=0 | черновики_ОРЛС=0 ОСБ=0 ГРОМ=0 ППС=0 Акад=0 | сообщ_рапортов=0
2026-06-22 01:54:29,261 - services.health_report - INFO - 🗄️ БАЗА   | заявки=6 | увольнения=31 | повышения=10 | склад=2 | переводы=5
2026-06-22 01:54:29,261 - services.health_report - INFO - 🧹 Проверка осиротевших записей (только проверка=True)...
2026-06-22 01:54:29,598 - services.health_report - WARNING - 🧹 ЛИШНЯЯ ЗАПИСЬ (увольнение): message_id=1515648848419098737 (сообщение удалено)
2026-06-22 01:54:29,917 - services.health_report - WARNING - 🧹 ЛИШНЯЯ ЗАПИСЬ (увольнение): message_id=1515650958481297408 (сообщение удалено)
2026-06-22 01:54:30,275 - services.health_report - WARNING - 🧹 ЛИШНЯЯ ЗАПИСЬ (увольнение): message_id=1515667237967499325 (сообщение удалено)
2026-06-22 01:54:30,666 - services.health_report - WARNING - 🧹 ЛИШНЯЯ ЗАПИСЬ (увольнение): message_id=1515692600248762378 (сообщение удалено)
2026-06-22 01:54:30,963 - services.health_report - WARNING - 🧹 ЛИШНЯЯ ЗАПИСЬ (увольнение): message_id=1515699543361060867 (сообщение удалено)
2026-06-22 01:54:35,585 - services.health_report - WARNING - 🧹 ЛИШНЯЯ ЗАПИСЬ (увольнение): message_id=1515701733739724992 (сообщение удалено)
2026-06-22 01:54:35,926 - services.health_report - WARNING - 🧹 ЛИШНЯЯ ЗАПИСЬ (увольнение): message_id=1515709485493129397 (сообщение удалено)
2026-06-22 01:54:36,262 - services.health_report - WARNING - 🧹 ЛИШНЯЯ ЗАПИСЬ (увольнение): message_id=1515720643268841563 (сообщение удалено)
2026-06-22 01:54:36,553 - services.health_report - WARNING - 🧹 ЛИШНЯЯ ЗАПИСЬ (увольнение): message_id=1515732658825465877 (сообщение удалено)
2026-06-22 01:54:36,903 - services.health_report - WARNING - 🧹 ЛИШНЯЯ ЗАПИСЬ (увольнение): message_id=1515742143115825304 (сообщение удалено)
2026-06-22 01:54:37,233 - services.health_report - WARNING - 🧹 ЛИШНЯЯ ЗАПИСЬ (увольнение): message_id=1515760444458008637 (сообщение удалено)
2026-06-22 01:54:42,011 - services.health_report - WARNING - 🧹 ЛИШНЯЯ ЗАПИСЬ (увольнение): message_id=1515767188261175336 (сообщение удалено)
2026-06-22 01:54:42,350 - services.health_report - WARNING - 🧹 ЛИШНЯЯ ЗАПИСЬ (увольнение): message_id=1515796636750712912 (сообщение удалено)
2026-06-22 01:54:42,648 - services.health_report - WARNING - 🧹 ЛИШНЯЯ ЗАПИСЬ (увольнение): message_id=1515797414982717697 (сообщение удалено)
2026-06-22 01:54:42,942 - services.health_report - WARNING - 🧹 ЛИШНЯЯ ЗАПИСЬ (увольнение): message_id=1515806384296562738 (сообщение удалено)
2026-06-22 01:54:43,243 - services.health_report - WARNING - 🧹 ЛИШНЯЯ ЗАПИСЬ (увольнение): message_id=1515872430890025101 (сообщение удалено)
2026-06-22 01:54:43,600 - services.health_report - WARNING - 🧹 ЛИШНЯЯ ЗАПИСЬ (увольнение): message_id=1515959062016163941 (сообщение удалено)
2026-06-22 01:54:48,322 - services.health_report - WARNING - 🧹 ЛИШНЯЯ ЗАПИСЬ (увольнение): message_id=1515959970049556632 (сообщение удалено)
2026-06-22 01:54:48,678 - services.health_report - WARNING - 🧹 ЛИШНЯЯ ЗАПИСЬ (увольнение): message_id=1515968485094854700 (сообщение удалено)
2026-06-22 01:54:48,988 - services.health_report - WARNING - 🧹 ЛИШНЯЯ ЗАПИСЬ (увольнение): message_id=1515986481909600346 (сообщение удалено)
2026-06-22 01:54:49,300 - services.health_report - WARNING - 🧹 ЛИШНЯЯ ЗАПИСЬ (увольнение): message_id=1515993233690329128 (сообщение удалено)
2026-06-22 01:54:51,399 - services.health_report - WARNING - 🧹 ЛИШНЯЯ ЗАПИСЬ (увольнение): message_id=1516023710165766291 (сообщение удалено)
2026-06-22 01:54:51,711 - services.health_report - WARNING - 🧹 ЛИШНЯЯ ЗАПИСЬ (увольнение): message_id=1516036534128607282 (сообщение удалено)
2026-06-22 01:54:52,022 - services.health_report - WARNING - 🧹 ЛИШНЯЯ ЗАПИСЬ (увольнение): message_id=1516064178916429856 (сообщение удалено)
2026-06-22 01:54:52,369 - services.health_report - WARNING - 🧹 ЛИШНЯЯ ЗАПИСЬ (увольнение): message_id=1516068844425445499 (сообщение удалено)
2026-06-22 01:54:52,699 - services.health_report - WARNING - 🧹 ЛИШНЯЯ ЗАПИСЬ (увольнение): message_id=1516082593425264790 (сообщение удалено)
2026-06-22 01:54:57,671 - services.health_report - WARNING - 🧹 ЛИШНЯЯ ЗАПИСЬ (увольнение): message_id=1516093600453099682 (сообщение удалено)
2026-06-22 01:54:58,100 - services.health_report - WARNING - 🧹 ЛИШНЯЯ ЗАПИСЬ (увольнение): message_id=1516100743902265516 (сообщение удалено)
2026-06-22 01:54:58,420 - services.health_report - WARNING - 🧹 ЛИШНЯЯ ЗАПИСЬ (увольнение): message_id=1516113088200577125 (сообщение удалено)
2026-06-22 01:54:58,720 - services.health_report - WARNING - 🧹 ЛИШНЯЯ ЗАПИСЬ (увольнение): message_id=1516116820401066054 (сообщение удалено)
2026-06-22 01:54:59,003 - services.health_report - WARNING - 🧹 ЛИШНЯЯ ЗАПИСЬ (увольнение): message_id=1516123344918024345 (сообщение удалено)
2026-06-22 01:54:59,308 - services.health_report - WARNING - 🧹 ЛИШНЯЯ ЗАПИСЬ (склад): message_id=1515801730594508981 (сообщение удалено)
2026-06-22 01:54:59,615 - services.health_report - WARNING - 🧹 ЛИШНЯЯ ЗАПИСЬ (склад): message_id=1516114081881526322 (сообщение удалено)
2026-06-22 01:54:59,945 - services.health_report - WARNING - 🧹 ЛИШНЯЯ ЗАПИСЬ (повышение): message_id=1515779319002169475 (сообщение удалено)
2026-06-22 01:55:00,256 - services.health_report - WARNING - 🧹 ЛИШНЯЯ ЗАПИСЬ (повышение): message_id=1515806228171718717 (сообщение удалено)
2026-06-22 01:55:00,612 - services.health_report - WARNING - 🧹 ЛИШНЯЯ ЗАПИСЬ (повышение): message_id=1515817587278221400 (сообщение удалено)
2026-06-22 01:55:00,991 - services.health_report - WARNING - 🧹 ЛИШНЯЯ ЗАПИСЬ (повышение): message_id=1515822851087798342 (сообщение удалено)
2026-06-22 01:55:01,303 - services.health_report - WARNING - 🧹 ЛИШНЯЯ ЗАПИСЬ (повышение): message_id=1515983272281112667 (сообщение удалено)
2026-06-22 01:55:05,931 - services.health_report - WARNING - 🧹 ЛИШНЯЯ ЗАПИСЬ (повышение): message_id=1516040108397301830 (сообщение удалено)
2026-06-22 01:55:08,217 - services.health_report - WARNING - 🧹 ЛИШНЯЯ ЗАПИСЬ (повышение): message_id=1516052747307319396 (сообщение удалено)
2026-06-22 01:55:08,511 - services.health_report - WARNING - 🧹 ЛИШНЯЯ ЗАПИСЬ (повышение): message_id=1516094665118584884 (сообщение удалено)
2026-06-22 01:55:08,872 - services.health_report - WARNING - 🧹 ЛИШНЯЯ ЗАПИСЬ (повышение): message_id=1516097916941500486 (сообщение удалено)
2026-06-22 01:55:09,200 - services.health_report - WARNING - 🧹 ЛИШНЯЯ ЗАПИСЬ (повышение): message_id=1516122223130181834 (сообщение удалено)
2026-06-22 01:55:10,497 - services.health_report - WARNING - 🧹 ЛИШНЯЯ ЗАПИСЬ (заявка перевод): message_id=1515635190133690488 (сообщение удалено)
2026-06-22 01:55:11,985 - services.health_report - WARNING - 🧹 ЛИШНЯЯ ЗАПИСЬ (заявка перевод): message_id=1516019436480364605 (сообщение удалено)
2026-06-22 01:55:13,392 - services.health_report - WARNING - 🧹 ЛИШНЯЯ ЗАПИСЬ (заявка перевод): message_id=1516033835614343309 (сообщение удалено)
2026-06-22 01:55:14,713 - services.health_report - WARNING - 🧹 ЛИШНЯЯ ЗАПИСЬ (заявка перевод): message_id=1516046242575290508 (сообщение удалено)
2026-06-22 01:55:15,020 - services.health_report - INFO - 🧹 Проверка лишних записей завершена
2026-06-22 01:55:15,020 - services.health_report - INFO - ======== ОТЧЁТ О СОСТОЯНИИ ГОТОВ ========
2026-06-22 01:55:15,020 - utils.startup_log - INFO -     • Отчёт состояния — выведен выше
2026-06-22 01:55:16,446 - utils.startup_log - INFO -     • Сообщения для рапортов — проверены/созданы
2026-06-22 01:55:16,447 - utils.startup_log - INFO - 
2026-06-22 01:55:16,447 - utils.startup_log - INFO -   ▶ Фоновые задачи
2026-06-22 01:55:16,447 - utils.startup_log - INFO -   ──────────────────────────────────────────────────
2026-06-22 01:55:16,447 - services.worker_queue - INFO - Воркер очереди задач запущен
2026-06-22 01:55:16,447 - events - INFO - Запущена фоновая задача: start_position_checker
2026-06-22 01:55:16,447 - events - INFO - Запущена фоновая задача: warehouse_position_checker
2026-06-22 01:55:16,447 - events - INFO - Запущена фоновая задача: cleanup_manager
2026-06-22 01:55:16,448 - events - INFO - Запущена фоновая задача: apply_grom_position_checker
2026-06-22 01:55:16,448 - events - INFO - Запущена фоновая задача: apply_pps_position_checker
2026-06-22 01:55:16,448 - events - INFO - Запущена фоновая задача: apply_osb_position_checker
2026-06-22 01:55:16,448 - events - INFO - Запущена фоновая задача: apply_orls_position_checker
2026-06-22 01:55:16,448 - events - INFO - Запущена фоновая задача: academy_apply_position_checker
2026-06-22 01:55:16,448 - events - INFO - Запущена фоновая задача: admin_transfer_position_checker
2026-06-22 01:55:16,448 - events - INFO - Запущена фоновая задача: firing_position_checker
2026-06-22 01:55:16,448 - events - INFO - Запущена фоновая задача: promotion_setup_position_check
2026-06-22 01:55:16,471 - services.cleanup - INFO - 🧠 SQLite optimize выполнен
2026-06-22 01:55:16,477 - services.warehouse_session - INFO - 🧹 WarehouseSession: очищено 94 старых сессий
2026-06-22 01:55:16,477 - services.cleanup - INFO - 🧹 Очищено просроченных сессий склада: 94
2026-06-22 01:55:16,477 - services.cleanup - INFO - 🧹 Периодическая очистка завершена
2026-06-22 01:55:16,477 - utils.startup_log - INFO - 
2026-06-22 01:55:16,477 - utils.startup_log - INFO - ╔══════════════════════════════════════════════════╗
2026-06-22 01:55:16,477 - utils.startup_log - INFO - ║ БОТ ГОТОВ К РАБОТЕ                               ║
2026-06-22 01:55:16,477 - utils.startup_log - INFO - ║                                                  ║
2026-06-22 01:55:16,478 - utils.startup_log - INFO - ║ Помощник#1719                                    ║
2026-06-22 01:55:16,478 - utils.startup_log - INFO - ║ ЧВК Варкин (ID: 1470858553530257473)             ║
2026-06-22 01:55:16,478 - utils.startup_log - INFO - ╚══════════════════════════════════════════════════╝
2026-06-22 01:55:16,478 - utils.startup_log - INFO - 
2026-06-22 01:55:16,478 - utils.startup_log - INFO - done
2026-06-22 01:56:30,467 - __main__ - INFO - Остановка бота по запросу пользователя
2026-06-22 01:56:30,467 - services.worker_queue - INFO - Воркер очереди задач остановлен
2026-06-22 01:56:30,467 - services.worker_queue - INFO - Воркер очереди задач остановлен по CancelledError
2026-06-22 01:56:30,468 - services.base_position - INFO - Фоновая проверка позиции остановлена (канал 1482723021805584605)
2026-06-22 01:56:30,468 - services.base_position - INFO - Фоновая проверка позиции остановлена (канал 1471112353184616629)
2026-06-22 01:56:30,468 - services.cleanup - INFO - Фоновая задача очистки остановлена по CancelledError
2026-06-22 01:56:30,468 - services.base_position - INFO - Фоновая проверка позиции остановлена (канал 1517833352185380925)
2026-06-22 01:56:30,468 - services.base_position - INFO - Фоновая проверка позиции остановлена (канал 1517833799818547222)
2026-06-22 01:56:30,468 - services.base_position - INFO - Фоновая проверка позиции остановлена (канал 1517833889362481182)
2026-06-22 01:56:30,469 - services.base_position - INFO - Фоновая проверка позиции остановлена (канал 1517833579059740682)
2026-06-22 01:56:30,469 - services.base_position - INFO - Фоновая проверка позиции остановлена (канал 1503034563184693338)
2026-06-22 01:56:30,469 - services.base_position - INFO - Фоновая проверка позиции остановлена (канал 1517834808011657327)
2026-06-22 01:56:30,469 - services.base_position - INFO - Фоновая проверка позиции остановлена (канал 1517132584142770207)
2026-06-22 01:56:30,470 - events - WARNING - Фоновая задача 'start_position_checker' отменена
2026-06-22 01:56:30,470 - events - WARNING - Фоновая задача 'warehouse_position_checker' отменена
2026-06-22 01:56:30,470 - events - WARNING - Фоновая задача 'cleanup_manager' отменена
2026-06-22 01:56:30,470 - events - WARNING - Фоновая задача 'apply_grom_position_checker' отменена
2026-06-22 01:56:30,470 - events - WARNING - Фоновая задача 'apply_pps_position_checker' отменена
2026-06-22 01:56:30,470 - events - WARNING - Фоновая задача 'apply_osb_position_checker' отменена
2026-06-22 01:56:30,470 - events - WARNING - Фоновая задача 'apply_orls_position_checker' отменена
2026-06-22 01:56:30,470 - events - WARNING - Фоновая задача 'academy_apply_position_checker' отменена
2026-06-22 01:56:30,471 - events - WARNING - Фоновая задача 'admin_transfer_position_checker' отменена
2026-06-22 01:56:30,471 - events - WARNING - Фоновая задача 'firing_position_checker' отменена
2026-06-22 01:56:30,471 - events - WARNING - Фоновая задача 'promotion_setup_position_check' отменена
2026-06-22 01:56:30,474 - __main__ - INFO - Соединение с БД закрыто
2026-06-22 01:56:35,342 - discord.gateway - INFO - Shard ID None has connected to Gateway (Session ID: abcd6e9f7f4a52b91f5ed88156cd148b).
2026-06-22 01:56:37,353 - utils.startup_log - INFO - ╔══════════════════════════════════════════════════╗
2026-06-22 01:56:37,353 - utils.startup_log - INFO - ║ БОТ УВД — ЗАПУСК                                 ║
2026-06-22 01:56:37,353 - utils.startup_log - INFO - ╚══════════════════════════════════════════════════╝
2026-06-22 01:56:37,354 - utils.startup_log - INFO - 
2026-06-22 01:56:37,354 - utils.startup_log - INFO -   ▶ Подключение
2026-06-22 01:56:37,354 - utils.startup_log - INFO -   ──────────────────────────────────────────────────
2026-06-22 01:56:37,354 - utils.startup_log - INFO -     • Бот — Помощник#1719
2026-06-22 01:56:37,354 - utils.startup_log - INFO -     • ID бота — 1508421824227053629
2026-06-22 01:56:37,354 - utils.startup_log - INFO - 
2026-06-22 01:56:37,354 - utils.startup_log - INFO -   ▶ База данных
2026-06-22 01:56:37,354 - utils.startup_log - INFO -   ──────────────────────────────────────────────────
2026-06-22 01:56:37,358 - database - INFO - БД: открыто новое соединение (path=data/bot.db, journal_mode=WAL, foreign_keys=ON)
2026-06-22 01:56:37,362 - utils.startup_log - INFO -     • БД подключена — OK
2026-06-22 01:56:37,364 - services.warehouse_session - INFO - WarehouseSession: загружено 94 сессий из БД
2026-06-22 01:56:37,365 - utils.startup_log - INFO -     • Сессии склада — загружены из БД
2026-06-22 01:56:37,366 - services.warehouse_cooldown - INFO - WarehouseCooldown: загружено 102 записей из БД
2026-06-22 01:56:37,366 - utils.startup_log - INFO -     • Кулдауны склада — загружены из БД
2026-06-22 01:56:37,366 - utils.startup_log - INFO - 
2026-06-22 01:56:37,366 - utils.startup_log - INFO -   ▶ Слэш-команды
2026-06-22 01:56:37,366 - utils.startup_log - INFO -   ──────────────────────────────────────────────────
2026-06-22 01:56:37,683 - utils.startup_log - INFO -     • Синхронизированы — orls_promotion_setup, osb_promotion_setup, grom_promotion_setup, pps_promotion_setup, promotion_setup_all
2026-06-22 01:56:37,683 - utils.startup_log - INFO - 
2026-06-22 01:56:37,683 - utils.startup_log - INFO -   ▶ Восстановление View
2026-06-22 01:56:37,683 - utils.startup_log - INFO -   ──────────────────────────────────────────────────
2026-06-22 01:56:37,683 - services.restore_views - INFO - Восстановление View...
2026-06-22 01:56:37,685 - services.restore_views - INFO - Стартовые View восстановлены
2026-06-22 01:56:37,688 - services.restore_views - INFO - 📦 Загружено из БД: заявок=0, увольнений=0, повышений=0, склад=0, переводы=0
2026-06-22 01:56:37,688 - services.restore_views - INFO - 🔨 Восстановлено кнопок заявок: 0 | удалено из БД: 0 | пропущено: 0
2026-06-22 01:56:37,688 - services.restore_views - INFO - 🔨 Восстановлено кнопок увольнений: 0 | удалено из БД: 0 | пропущено: 0
2026-06-22 01:56:37,691 - services.restore_views - INFO - 🔨 Восстановлено кнопок повышений: 0 | удалено из БД: 0 | пропущено: 0
2026-06-22 01:56:37,692 - services.restore_views - INFO - 🔨 Восстановлено кнопок склада: 0 | удалено из БД: 0 | пропущено: 0
2026-06-22 01:56:37,692 - services.restore_views - INFO - 🔨 Восстановлено кнопок заявок на перевод: 0 | удалено из БД: 0 | пропущено: 0
2026-06-22 01:56:37,692 - services.restore_views - INFO - Восстановление View завершено
2026-06-22 01:56:37,692 - utils.startup_log - INFO -     • View восстановлены — OK
2026-06-22 01:56:37,692 - utils.startup_log - INFO - 
2026-06-22 01:56:37,692 - utils.startup_log - INFO -   ▶ Проверки при запуске
2026-06-22 01:56:37,692 - utils.startup_log - INFO -   ──────────────────────────────────────────────────
2026-06-22 01:56:37,692 - services.startup_checks - INFO - ========== ПРОВЕРКА ПРИ ЗАПУСКЕ ==========
2026-06-22 01:56:37,693 - services.startup_checks - INFO - ✅ Сервер: ЧВК Варкин (ID=1470858553530257473)
2026-06-22 01:56:37,693 - services.startup_checks - INFO - ✅ Бот: Помощник#1719 | верхняя роль='Командир Полка' | позиция=78
2026-06-22 01:56:37,693 - services.startup_checks - INFO - ✅ START_CHANNEL_ID: канал найден и доступен (ID=1482723021805584605)
2026-06-22 01:56:37,693 - services.startup_checks - INFO - ✅ REQUEST_CHANNEL_ID: канал найден и доступен (ID=1482723021805584605)
2026-06-22 01:56:37,693 - services.startup_checks - INFO - ✅ FIRING_CHANNEL_ID: канал найден и доступен (ID=1517132584142770207)
2026-06-22 01:56:37,693 - services.startup_checks - INFO - ✅ WAREHOUSE_REQUEST_CHANNEL_ID: канал найден и доступен (ID=1471112353184616629)
2026-06-22 01:56:37,693 - services.startup_checks - INFO - ✅ WAREHOUSE_AUDIT_CHANNEL_ID: канал найден и доступен (ID=1471947080200356017)
2026-06-22 01:56:37,694 - services.startup_checks - INFO - ✅ ACADEMY_CHANNEL_ID: канал найден и доступен (ID=1503034563184693338)
2026-06-22 01:56:37,694 - services.startup_checks - INFO - ✅ EXAM_CHANNEL_ID: канал найден и доступен (ID=1517849406433529856)
2026-06-22 01:56:37,694 - services.startup_checks - INFO - ✅ CHANNEL_APPLY_GROM: канал найден и доступен (ID=1517833352185380925)
2026-06-22 01:56:37,694 - services.startup_checks - INFO - ✅ CHANNEL_APPLY_PPS: канал найден и доступен (ID=1517833799818547222)
2026-06-22 01:56:37,694 - services.startup_checks - INFO - ✅ CHANNEL_APPLY_OSB: канал найден и доступен (ID=1517833889362481182)
2026-06-22 01:56:37,694 - services.startup_checks - INFO - ✅ CHANNEL_APPLY_ORLS: канал найден и доступен (ID=1517833579059740682)
2026-06-22 01:56:37,694 - services.startup_checks - INFO - ✅ CHANNEL_ADMIN_TRANSFER: канал найден и доступен (ID=1517834808011657327)
2026-06-22 01:56:37,694 - services.startup_checks - INFO - ✅ CHANNEL_CADRE_LOG: канал найден и доступен (ID=1517164403030753331)
2026-06-22 01:56:37,694 - services.startup_checks - INFO - ✅ STAFF_ROLE_ID: роль найдена (ID=1508437640263761952, name='Кадровый отдел')
2026-06-22 01:56:37,695 - services.startup_checks - INFO - ✅ TRANSFER_STAFF_ROLE_ID: роль найдена (ID=1508437640263761952, name='Кадровый отдел')
2026-06-22 01:56:37,695 - services.startup_checks - INFO - ✅ GOV_STAFF_ROLE_ID: роль найдена (ID=1508437640263761952, name='Кадровый отдел')
2026-06-22 01:56:37,695 - services.startup_checks - INFO - ✅ FIRING_STAFF_ROLE_ID: роль найдена (ID=1508437640263761952, name='Кадровый отдел')
2026-06-22 01:56:37,695 - services.startup_checks - INFO - ✅ FIRING_SENIOR_ROLE_ID: роль найдена (ID=1508437640263761952, name='Кадровый отдел')
2026-06-22 01:56:37,695 - services.startup_checks - INFO - ✅ WAREHOUSE_STAFF_ROLE_ID: роль найдена (ID=1508437640263761952, name='Кадровый отдел')
2026-06-22 01:56:37,695 - services.startup_checks - INFO - ✅ FIRED_ROLE_ID: роль найдена (ID=1500219579539128401, name='уволен')
2026-06-22 01:56:37,695 - services.startup_checks - WARNING - ⚠️ ROLES_TO_KEEP_ON_FIRE: список пустой
2026-06-22 01:56:37,695 - services.startup_checks - INFO - ✅ CADET_ROLES_TO_GIVE -> 1517132125504147519: роль найдена (ID=1517132125504147519, name='рядовой')
2026-06-22 01:56:37,695 - services.startup_checks - INFO - ✅ TRANSFER_ROLES_TO_GIVE -> 1483105783179771987: роль найдена (ID=1483105783179771987, name='ЧВК')
2026-06-22 01:56:37,696 - services.startup_checks - INFO - ✅ GOV_ROLE_TO_GIVE: роль найдена (ID=1500213796638298213, name='Гос Служащий')
2026-06-22 01:56:37,696 - services.startup_checks - INFO - ✅ PPS_ROLE_IDS -> 1517184354940485782: роль найдена (ID=1517184354940485782, name='ППС')
2026-06-22 01:56:37,696 - services.startup_checks - INFO - ✅ PPS_ROLE_IDS -> 1483154326829404312: роль найдена (ID=1483154326829404312, name='Ведьма')
2026-06-22 01:56:37,696 - services.startup_checks - INFO - ✅ ROLE_CHIEF_GROM: роль найдена (ID=1483444017520840916, name='Командир СОБР')
2026-06-22 01:56:37,696 - services.startup_checks - INFO - ✅ ROLE_DEPUTY_GROM: роль найдена (ID=1483444111330644099, name='Зам. Ком. СОБР')
2026-06-22 01:56:37,696 - services.startup_checks - INFO - ✅ ROLE_CHIEF_PPS: роль найдена (ID=1483444197527912481, name='Командир АВНГ')
2026-06-22 01:56:37,696 - services.startup_checks - INFO - ✅ ROLE_DEPUTY_PPS: роль найдена (ID=1483444604207501343, name='Зам. ком. УВО')
2026-06-22 01:56:37,696 - services.startup_checks - INFO - ✅ ROLE_CHIEF_OSB: роль найдена (ID=1483444329216348332, name='Начальник ОСБ')
2026-06-22 01:56:37,696 - services.startup_checks - INFO - ✅ ROLE_DEPUTY_OSB: роль найдена (ID=1483444394647486534, name='Зам. Нач. ОСБ')
2026-06-22 01:56:37,696 - services.startup_checks - INFO - ✅ ROLE_CHIEF_ORLS: роль найдена (ID=1483444847250636832, name='Командир УВО')
2026-06-22 01:56:37,697 - services.startup_checks - INFO - ✅ ROLE_DEPUTY_ORLS: роль найдена (ID=1483444604207501343, name='Зам. ком. УВО')
2026-06-22 01:56:37,697 - services.startup_checks - INFO - ✅ ROLE_DEPT_GROM: роль найдена (ID=1483445935739502745, name='СОБР')
2026-06-22 01:56:37,697 - services.startup_checks - INFO - ✅ ROLE_DEPT_PPS: роль найдена (ID=1471110817779810324, name='Рядовой')
2026-06-22 01:56:37,697 - services.startup_checks - INFO - ✅ ROLE_DEPT_OSB: роль найдена (ID=1483445838184185979, name='ОСБ')
2026-06-22 01:56:37,697 - services.startup_checks - INFO - ✅ ROLE_DEPT_ORLS: роль найдена (ID=1471110817779810324, name='Рядовой')
2026-06-22 01:56:37,697 - services.startup_checks - WARNING - ⚠️ ROLE_RANK_GROM: список пустой
2026-06-22 01:56:37,697 - services.startup_checks - INFO - ✅ ROLE_RANK_PPS -> 1487044914624856174: роль найдена (ID=1487044914624856174, name='белая ворона')
2026-06-22 01:56:37,697 - services.startup_checks - INFO - ✅ ROLE_RANK_OSB -> 1471110087107018822: роль найдена (ID=1471110087107018822, name='Шпион')
2026-06-22 01:56:37,697 - services.startup_checks - WARNING - ⚠️ ROLE_RANK_ORLS: список пустой
2026-06-22 01:56:37,697 - services.startup_checks - INFO - ✅ ROLE_ACADEMY: роль найдена (ID=1508437640263761952, name='Кадровый отдел')
2026-06-22 01:56:37,697 - services.startup_checks - INFO - ✅ ROLE_DEPT_ACADEMY: роль найдена (ID=1483446295174582282, name='АВНГ')
2026-06-22 01:56:37,698 - services.startup_checks - INFO - ✅ ROLE_PASSED_ACADEMY: роль найдена (ID=1471114268450623550, name='Ефрейтор')
2026-06-22 01:56:37,698 - services.startup_checks - INFO - ✅ Канал повышений 1471108664457826446: канал найден и доступен (ID=1471108664457826446)
2026-06-22 01:56:37,698 - services.startup_checks - INFO - ✅ Роль кадровика для канала повышений 1471108664457826446: роль найдена (ID=1508437640263761952, name='Кадровый отдел')
2026-06-22 01:56:37,698 - services.startup_checks - INFO - ✅ ALL_RANK_ROLE_IDS -> 1517132125504147519: роль найдена (ID=1517132125504147519, name='рядовой')
2026-06-22 01:56:37,698 - services.startup_checks - INFO - ✅ ALL_RANK_ROLE_IDS -> 1517855095033827428: роль найдена (ID=1517855095033827428, name='младший сержант')
2026-06-22 01:56:37,698 - services.startup_checks - INFO - ✅ ALL_RANK_ROLE_IDS -> 1500207254765437048: роль найдена (ID=1500207254765437048, name='Майор')
2026-06-22 01:56:37,698 - services.startup_checks - ERROR - ❌ RANK_ROLE_MAPPING: роль не найдена для 'Рядовой -> Младший Сержант' (ID=0)
2026-06-22 01:56:37,698 - services.startup_checks - INFO - ✅ Канал рапортов ОРЛС: канал найден и доступен (ID=1517850589852205106)
2026-06-22 01:56:37,698 - services.startup_checks - INFO - ✅ Канал рапортов ОСБ: канал найден и доступен (ID=1517850633502199838)
2026-06-22 01:56:37,699 - services.startup_checks - INFO - ✅ Канал рапортов ГРОМ: канал найден и доступен (ID=1517850560110530581)
2026-06-22 01:56:37,699 - services.startup_checks - INFO - ✅ Канал рапортов ППС: канал найден и доступен (ID=1517850560110530581)
2026-06-22 01:56:37,699 - services.startup_checks - INFO - ✅ У бота есть право 'Управлять ролями'
2026-06-22 01:56:37,699 - services.startup_checks - INFO - ✅ У бота есть право 'Управлять никами'
2026-06-22 01:56:37,699 - services.startup_checks - INFO - ======== ПРОВЕРКА ПРИ ЗАПУСКЕ ЗАВЕРШЕНА ========
2026-06-22 01:56:37,699 - utils.startup_log - INFO -     • Каналы и роли — проверены
2026-06-22 01:56:37,699 - utils.startup_log - INFO - 
2026-06-22 01:56:37,699 - utils.startup_log - INFO -   ▶ Состояние
2026-06-22 01:56:37,699 - utils.startup_log - INFO -   ──────────────────────────────────────────────────
2026-06-22 01:56:37,699 - services.health_report - INFO - ========== ОТЧЁТ О СОСТОЯНИИ ==========
2026-06-22 01:56:37,700 - services.health_report - INFO - 📊 ПАМЯТЬ | заявки=0 | увольнения=0 | повышения=0 | склад=0 | переводы=0 | черновики_ОРЛС=0 ОСБ=0 ГРОМ=0 ППС=0 Акад=0 | сообщ_рапортов=0
2026-06-22 01:56:37,703 - services.health_report - INFO - 🗄️ БАЗА   | заявки=3 | увольнения=15 | повышения=6 | склад=1 | переводы=4
2026-06-22 01:56:37,703 - services.health_report - INFO - 🧹 Проверка осиротевших записей (только проверка=True)...
2026-06-22 01:56:38,125 - services.health_report - WARNING - 🧹 ЛИШНЯЯ ЗАПИСЬ (увольнение): message_id=1515959062016163941 (сообщение удалено)
2026-06-22 01:56:38,429 - services.health_report - WARNING - 🧹 ЛИШНЯЯ ЗАПИСЬ (увольнение): message_id=1515959970049556632 (сообщение удалено)
2026-06-22 01:56:38,770 - services.health_report - WARNING - 🧹 ЛИШНЯЯ ЗАПИСЬ (увольнение): message_id=1515968485094854700 (сообщение удалено)
2026-06-22 01:56:39,273 - services.health_report - WARNING - 🧹 ЛИШНЯЯ ЗАПИСЬ (увольнение): message_id=1515986481909600346 (сообщение удалено)
2026-06-22 01:56:39,573 - services.health_report - WARNING - 🧹 ЛИШНЯЯ ЗАПИСЬ (увольнение): message_id=1515993233690329128 (сообщение удалено)
2026-06-22 01:56:44,017 - services.health_report - WARNING - 🧹 ЛИШНЯЯ ЗАПИСЬ (увольнение): message_id=1516023710165766291 (сообщение удалено)
2026-06-22 01:56:44,483 - services.health_report - WARNING - 🧹 ЛИШНЯЯ ЗАПИСЬ (увольнение): message_id=1516036534128607282 (сообщение удалено)
2026-06-22 01:56:44,811 - services.health_report - WARNING - 🧹 ЛИШНЯЯ ЗАПИСЬ (увольнение): message_id=1516064178916429856 (сообщение удалено)
2026-06-22 01:56:45,104 - services.health_report - WARNING - 🧹 ЛИШНЯЯ ЗАПИСЬ (увольнение): message_id=1516068844425445499 (сообщение удалено)
2026-06-22 01:56:45,437 - services.health_report - WARNING - 🧹 ЛИШНЯЯ ЗАПИСЬ (увольнение): message_id=1516082593425264790 (сообщение удалено)
2026-06-22 01:56:45,760 - services.health_report - WARNING - 🧹 ЛИШНЯЯ ЗАПИСЬ (увольнение): message_id=1516093600453099682 (сообщение удалено)
2026-06-22 01:56:50,375 - services.health_report - WARNING - 🧹 ЛИШНЯЯ ЗАПИСЬ (увольнение): message_id=1516100743902265516 (сообщение удалено)
2026-06-22 01:56:50,807 - services.health_report - WARNING - 🧹 ЛИШНЯЯ ЗАПИСЬ (увольнение): message_id=1516113088200577125 (сообщение удалено)
2026-06-22 01:56:51,096 - services.health_report - WARNING - 🧹 ЛИШНЯЯ ЗАПИСЬ (увольнение): message_id=1516116820401066054 (сообщение удалено)
2026-06-22 01:56:51,358 - services.health_report - WARNING - 🧹 ЛИШНЯЯ ЗАПИСЬ (увольнение): message_id=1516123344918024345 (сообщение удалено)
2026-06-22 01:56:51,841 - services.health_report - WARNING - 🧹 ЛИШНЯЯ ЗАПИСЬ (склад): message_id=1516114081881526322 (сообщение удалено)
2026-06-22 01:56:52,177 - services.health_report - WARNING - 🧹 ЛИШНЯЯ ЗАПИСЬ (повышение): message_id=1515983272281112667 (сообщение удалено)
2026-06-22 01:56:52,489 - services.health_report - WARNING - 🧹 ЛИШНЯЯ ЗАПИСЬ (повышение): message_id=1516040108397301830 (сообщение удалено)
2026-06-22 01:56:52,841 - services.health_report - WARNING - 🧹 ЛИШНЯЯ ЗАПИСЬ (повышение): message_id=1516052747307319396 (сообщение удалено)
2026-06-22 01:56:53,144 - services.health_report - WARNING - 🧹 ЛИШНЯЯ ЗАПИСЬ (повышение): message_id=1516094665118584884 (сообщение удалено)
2026-06-22 01:56:53,440 - services.health_report - WARNING - 🧹 ЛИШНЯЯ ЗАПИСЬ (повышение): message_id=1516097916941500486 (сообщение удалено)
2026-06-22 01:56:58,196 - services.health_report - WARNING - 🧹 ЛИШНЯЯ ЗАПИСЬ (повышение): message_id=1516122223130181834 (сообщение удалено)
2026-06-22 01:56:59,468 - services.health_report - WARNING - 🧹 ЛИШНЯЯ ЗАПИСЬ (заявка перевод): message_id=1516019436480364605 (сообщение удалено)
2026-06-22 01:57:00,725 - services.health_report - WARNING - 🧹 ЛИШНЯЯ ЗАПИСЬ (заявка перевод): message_id=1516033835614343309 (сообщение удалено)
2026-06-22 01:57:01,998 - services.health_report - WARNING - 🧹 ЛИШНЯЯ ЗАПИСЬ (заявка перевод): message_id=1516046242575290508 (сообщение удалено)
2026-06-22 01:57:02,376 - services.health_report - INFO - 🧹 Проверка лишних записей завершена
2026-06-22 01:57:02,376 - services.health_report - INFO - ======== ОТЧЁТ О СОСТОЯНИИ ГОТОВ ========
2026-06-22 01:57:02,376 - utils.startup_log - INFO -     • Отчёт состояния — выведен выше
2026-06-22 01:57:03,965 - utils.startup_log - INFO -     • Сообщения для рапортов — проверены/созданы
2026-06-22 01:57:03,965 - utils.startup_log - INFO - 
2026-06-22 01:57:03,965 - utils.startup_log - INFO -   ▶ Фоновые задачи
2026-06-22 01:57:03,965 - utils.startup_log - INFO -   ──────────────────────────────────────────────────
2026-06-22 01:57:03,965 - services.worker_queue - INFO - Воркер очереди задач запущен
2026-06-22 01:57:03,965 - events - INFO - Запущена фоновая задача: start_position_checker
2026-06-22 01:57:03,966 - events - INFO - Запущена фоновая задача: warehouse_position_checker
2026-06-22 01:57:03,966 - events - INFO - Запущена фоновая задача: cleanup_manager
2026-06-22 01:57:03,966 - events - INFO - Запущена фоновая задача: apply_grom_position_checker
2026-06-22 01:57:03,966 - events - INFO - Запущена фоновая задача: apply_pps_position_checker
2026-06-22 01:57:03,966 - events - INFO - Запущена фоновая задача: apply_osb_position_checker
2026-06-22 01:57:03,966 - events - INFO - Запущена фоновая задача: apply_orls_position_checker
2026-06-22 01:57:03,966 - events - INFO - Запущена фоновая задача: academy_apply_position_checker
2026-06-22 01:57:03,967 - events - INFO - Запущена фоновая задача: admin_transfer_position_checker
2026-06-22 01:57:03,967 - events - INFO - Запущена фоновая задача: firing_position_checker
2026-06-22 01:57:03,967 - events - INFO - Запущена фоновая задача: promotion_setup_position_check
2026-06-22 01:57:03,990 - services.cleanup - INFO - 🧠 SQLite optimize выполнен
2026-06-22 01:57:04,014 - services.warehouse_session - INFO - 🧹 WarehouseSession: очищено 94 старых сессий
2026-06-22 01:57:04,015 - services.cleanup - INFO - 🧹 Очищено просроченных сессий склада: 94
2026-06-22 01:57:04,015 - services.cleanup - INFO - 🧹 Периодическая очистка завершена
2026-06-22 01:57:04,015 - utils.startup_log - INFO - 
2026-06-22 01:57:04,015 - utils.startup_log - INFO - ╔══════════════════════════════════════════════════╗
2026-06-22 01:57:04,015 - utils.startup_log - INFO - ║ БОТ ГОТОВ К РАБОТЕ                               ║
2026-06-22 01:57:04,015 - utils.startup_log - INFO - ║                                                  ║
2026-06-22 01:57:04,015 - utils.startup_log - INFO - ║ Помощник#1719                                    ║
2026-06-22 01:57:04,016 - utils.startup_log - INFO - ║ ЧВК Варкин (ID: 1470858553530257473)             ║
2026-06-22 01:57:04,016 - utils.startup_log - INFO - ╚══════════════════════════════════════════════════╝
2026-06-22 01:57:04,016 - utils.startup_log - INFO - 
2026-06-22 01:57:04,016 - utils.startup_log - INFO - done
2026-06-22 01:57:05,056 - services.base_position - INFO - Сообщение не найдено в канале 1517833352185380925 - создаем
2026-06-22 01:57:05,156 - services.base_position - INFO - Сообщение не найдено в канале 1517833799818547222 - создаем
2026-06-22 01:57:05,189 - services.base_position - INFO - Сообщение не найдено в канале 1517833579059740682 - создаем
2026-06-22 01:57:05,869 - services.base_position - INFO - 🔄 Сообщение обновлено в канале 1517833799818547222 (msg_id=1518313830403280907)
2026-06-22 01:57:05,884 - services.base_position - INFO - 🔄 Сообщение обновлено в канале 1517833352185380925 (msg_id=1518313830005084211)
2026-06-22 01:57:06,049 - services.base_position - INFO - 🔄 Сообщение обновлено в канале 1517833579059740682 (msg_id=1518313830546018445)
2026-06-22 01:59:35,794 - __main__ - INFO - Остановка бота по запросу пользователя
2026-06-22 01:59:35,795 - services.worker_queue - INFO - Воркер очереди задач остановлен
2026-06-22 01:59:35,795 - services.worker_queue - INFO - Воркер очереди задач остановлен по CancelledError
2026-06-22 01:59:35,795 - services.base_position - INFO - Фоновая проверка позиции остановлена (канал 1482723021805584605)
2026-06-22 01:59:35,795 - services.base_position - INFO - Фоновая проверка позиции остановлена (канал 1471112353184616629)
2026-06-22 01:59:35,795 - services.cleanup - INFO - Фоновая задача очистки остановлена по CancelledError
2026-06-22 01:59:35,796 - services.base_position - INFO - Фоновая проверка позиции остановлена (канал 1517833352185380925)
2026-06-22 01:59:35,796 - services.base_position - INFO - Фоновая проверка позиции остановлена (канал 1517833799818547222)
2026-06-22 01:59:35,796 - services.base_position - INFO - Фоновая проверка позиции остановлена (канал 1517833889362481182)
2026-06-22 01:59:35,796 - services.base_position - INFO - Фоновая проверка позиции остановлена (канал 1517833579059740682)
2026-06-22 01:59:35,796 - services.base_position - INFO - Фоновая проверка позиции остановлена (канал 1503034563184693338)
2026-06-22 01:59:35,796 - services.base_position - INFO - Фоновая проверка позиции остановлена (канал 1517834808011657327)
2026-06-22 01:59:35,797 - services.base_position - INFO - Фоновая проверка позиции остановлена (канал 1517132584142770207)
2026-06-22 01:59:35,797 - events - WARNING - Фоновая задача 'start_position_checker' отменена
2026-06-22 01:59:35,797 - events - WARNING - Фоновая задача 'warehouse_position_checker' отменена
2026-06-22 01:59:35,797 - events - WARNING - Фоновая задача 'cleanup_manager' отменена
2026-06-22 01:59:35,797 - events - WARNING - Фоновая задача 'apply_grom_position_checker' отменена
2026-06-22 01:59:35,798 - events - WARNING - Фоновая задача 'apply_pps_position_checker' отменена
2026-06-22 01:59:35,798 - events - WARNING - Фоновая задача 'apply_osb_position_checker' отменена
2026-06-22 01:59:35,798 - events - WARNING - Фоновая задача 'apply_orls_position_checker' отменена
2026-06-22 01:59:35,798 - events - WARNING - Фоновая задача 'academy_apply_position_checker' отменена
2026-06-22 01:59:35,798 - events - WARNING - Фоновая задача 'admin_transfer_position_checker' отменена
2026-06-22 01:59:35,798 - events - WARNING - Фоновая задача 'firing_position_checker' отменена
2026-06-22 01:59:35,798 - events - WARNING - Фоновая задача 'promotion_setup_position_check' отменена
2026-06-22 01:59:35,802 - __main__ - INFO - Соединение с БД закрыто
2026-06-22 01:59:41,872 - discord.gateway - INFO - Shard ID None has connected to Gateway (Session ID: 2e94b2ac3bbbb62abaeda79154a9d9f9).
2026-06-22 01:59:43,898 - utils.startup_log - INFO - ╔══════════════════════════════════════════════════╗
2026-06-22 01:59:43,898 - utils.startup_log - INFO - ║ БОТ УВД — ЗАПУСК                                 ║
2026-06-22 01:59:43,898 - utils.startup_log - INFO - ╚══════════════════════════════════════════════════╝
2026-06-22 01:59:43,898 - utils.startup_log - INFO - 
2026-06-22 01:59:43,898 - utils.startup_log - INFO -   ▶ Подключение
2026-06-22 01:59:43,898 - utils.startup_log - INFO -   ──────────────────────────────────────────────────
2026-06-22 01:59:43,898 - utils.startup_log - INFO -     • Бот — Помощник#1719
2026-06-22 01:59:43,899 - utils.startup_log - INFO -     • ID бота — 1508421824227053629
2026-06-22 01:59:43,899 - utils.startup_log - INFO - 
2026-06-22 01:59:43,899 - utils.startup_log - INFO -   ▶ База данных
2026-06-22 01:59:43,899 - utils.startup_log - INFO -   ──────────────────────────────────────────────────
2026-06-22 01:59:43,902 - database - INFO - БД: открыто новое соединение (path=data/bot.db, journal_mode=WAL, foreign_keys=ON)
2026-06-22 01:59:43,906 - utils.startup_log - INFO -     • БД подключена — OK
2026-06-22 01:59:43,908 - services.warehouse_session - INFO - WarehouseSession: загружено 94 сессий из БД
2026-06-22 01:59:43,908 - utils.startup_log - INFO -     • Сессии склада — загружены из БД
2026-06-22 01:59:43,908 - services.warehouse_cooldown - INFO - WarehouseCooldown: загружено 102 записей из БД
2026-06-22 01:59:43,909 - utils.startup_log - INFO -     • Кулдауны склада — загружены из БД
2026-06-22 01:59:43,909 - utils.startup_log - INFO - 
2026-06-22 01:59:43,909 - utils.startup_log - INFO -   ▶ Слэш-команды
2026-06-22 01:59:43,909 - utils.startup_log - INFO -   ──────────────────────────────────────────────────
2026-06-22 01:59:44,186 - utils.startup_log - INFO -     • Синхронизированы — orls_promotion_setup, osb_promotion_setup, grom_promotion_setup, pps_promotion_setup, promotion_setup_all
2026-06-22 01:59:44,186 - utils.startup_log - INFO - 
2026-06-22 01:59:44,186 - utils.startup_log - INFO -   ▶ Восстановление View
2026-06-22 01:59:44,187 - utils.startup_log - INFO -   ──────────────────────────────────────────────────
2026-06-22 01:59:44,187 - services.restore_views - INFO - Восстановление View...
2026-06-22 01:59:44,188 - services.restore_views - INFO - Стартовые View восстановлены
2026-06-22 01:59:44,192 - services.restore_views - INFO - 📦 Загружено из БД: заявок=0, увольнений=0, повышений=0, склад=0, переводы=0
2026-06-22 01:59:44,192 - services.restore_views - INFO - 🔨 Восстановлено кнопок заявок: 0 | удалено из БД: 0 | пропущено: 0
2026-06-22 01:59:44,192 - services.restore_views - INFO - 🔨 Восстановлено кнопок увольнений: 0 | удалено из БД: 0 | пропущено: 0
2026-06-22 01:59:44,193 - services.restore_views - INFO - 🔨 Восстановлено кнопок повышений: 0 | удалено из БД: 0 | пропущено: 0
2026-06-22 01:59:44,193 - services.restore_views - INFO - 🔨 Восстановлено кнопок склада: 0 | удалено из БД: 0 | пропущено: 0
2026-06-22 01:59:44,193 - services.restore_views - INFO - 🔨 Восстановлено кнопок заявок на перевод: 0 | удалено из БД: 0 | пропущено: 0
2026-06-22 01:59:44,193 - services.restore_views - INFO - Восстановление View завершено
2026-06-22 01:59:44,193 - utils.startup_log - INFO -     • View восстановлены — OK
2026-06-22 01:59:44,193 - utils.startup_log - INFO - 
2026-06-22 01:59:44,193 - utils.startup_log - INFO -   ▶ Проверки при запуске
2026-06-22 01:59:44,193 - utils.startup_log - INFO -   ──────────────────────────────────────────────────
2026-06-22 01:59:44,193 - services.startup_checks - INFO - ========== ПРОВЕРКА ПРИ ЗАПУСКЕ ==========
2026-06-22 01:59:44,194 - services.startup_checks - INFO - ✅ Сервер: ЧВК Варкин (ID=1470858553530257473)
2026-06-22 01:59:44,194 - services.startup_checks - INFO - ✅ Бот: Помощник#1719 | верхняя роль='Командир Полка' | позиция=78
2026-06-22 01:59:44,194 - services.startup_checks - INFO - ✅ START_CHANNEL_ID: канал найден и доступен (ID=1482723021805584605)
2026-06-22 01:59:44,194 - services.startup_checks - INFO - ✅ REQUEST_CHANNEL_ID: канал найден и доступен (ID=1482723021805584605)
2026-06-22 01:59:44,194 - services.startup_checks - INFO - ✅ FIRING_CHANNEL_ID: канал найден и доступен (ID=1517132584142770207)
2026-06-22 01:59:44,194 - services.startup_checks - INFO - ✅ WAREHOUSE_REQUEST_CHANNEL_ID: канал найден и доступен (ID=1471112353184616629)
2026-06-22 01:59:44,194 - services.startup_checks - INFO - ✅ WAREHOUSE_AUDIT_CHANNEL_ID: канал найден и доступен (ID=1471947080200356017)
2026-06-22 01:59:44,194 - services.startup_checks - INFO - ✅ ACADEMY_CHANNEL_ID: канал найден и доступен (ID=1503034563184693338)
2026-06-22 01:59:44,194 - services.startup_checks - INFO - ✅ EXAM_CHANNEL_ID: канал найден и доступен (ID=1517849406433529856)
2026-06-22 01:59:44,195 - services.startup_checks - INFO - ✅ CHANNEL_APPLY_GROM: канал найден и доступен (ID=1517833352185380925)
2026-06-22 01:59:44,195 - services.startup_checks - INFO - ✅ CHANNEL_APPLY_PPS: канал найден и доступен (ID=1517833799818547222)
2026-06-22 01:59:44,195 - services.startup_checks - INFO - ✅ CHANNEL_APPLY_OSB: канал найден и доступен (ID=1517833889362481182)
2026-06-22 01:59:44,195 - services.startup_checks - INFO - ✅ CHANNEL_APPLY_ORLS: канал найден и доступен (ID=1517833579059740682)
2026-06-22 01:59:44,195 - services.startup_checks - INFO - ✅ CHANNEL_ADMIN_TRANSFER: канал найден и доступен (ID=1517834808011657327)
2026-06-22 01:59:44,195 - services.startup_checks - INFO - ✅ CHANNEL_CADRE_LOG: канал найден и доступен (ID=1517164403030753331)
2026-06-22 01:59:44,195 - services.startup_checks - INFO - ✅ STAFF_ROLE_ID: роль найдена (ID=1508437640263761952, name='Кадровый отдел')
2026-06-22 01:59:44,196 - services.startup_checks - INFO - ✅ TRANSFER_STAFF_ROLE_ID: роль найдена (ID=1508437640263761952, name='Кадровый отдел')
2026-06-22 01:59:44,196 - services.startup_checks - INFO - ✅ GOV_STAFF_ROLE_ID: роль найдена (ID=1508437640263761952, name='Кадровый отдел')
2026-06-22 01:59:44,196 - services.startup_checks - INFO - ✅ FIRING_STAFF_ROLE_ID: роль найдена (ID=1508437640263761952, name='Кадровый отдел')
2026-06-22 01:59:44,196 - services.startup_checks - INFO - ✅ FIRING_SENIOR_ROLE_ID: роль найдена (ID=1508437640263761952, name='Кадровый отдел')
2026-06-22 01:59:44,196 - services.startup_checks - INFO - ✅ WAREHOUSE_STAFF_ROLE_ID: роль найдена (ID=1508437640263761952, name='Кадровый отдел')
2026-06-22 01:59:44,196 - services.startup_checks - INFO - ✅ FIRED_ROLE_ID: роль найдена (ID=1500219579539128401, name='уволен')
2026-06-22 01:59:44,196 - services.startup_checks - WARNING - ⚠️ ROLES_TO_KEEP_ON_FIRE: список пустой
2026-06-22 01:59:44,196 - services.startup_checks - INFO - ✅ CADET_ROLES_TO_GIVE -> 1517132125504147519: роль найдена (ID=1517132125504147519, name='рядовой')
2026-06-22 01:59:44,196 - services.startup_checks - INFO - ✅ TRANSFER_ROLES_TO_GIVE -> 1483105783179771987: роль найдена (ID=1483105783179771987, name='ЧВК')
2026-06-22 01:59:44,197 - services.startup_checks - INFO - ✅ GOV_ROLE_TO_GIVE: роль найдена (ID=1500213796638298213, name='Гос Служащий')
2026-06-22 01:59:44,197 - services.startup_checks - INFO - ✅ PPS_ROLE_IDS -> 1517184354940485782: роль найдена (ID=1517184354940485782, name='ППС')
2026-06-22 01:59:44,197 - services.startup_checks - INFO - ✅ PPS_ROLE_IDS -> 1483154326829404312: роль найдена (ID=1483154326829404312, name='Ведьма')
2026-06-22 01:59:44,197 - services.startup_checks - INFO - ✅ ROLE_CHIEF_GROM: роль найдена (ID=1483444017520840916, name='Командир СОБР')
2026-06-22 01:59:44,197 - services.startup_checks - INFO - ✅ ROLE_DEPUTY_GROM: роль найдена (ID=1483444111330644099, name='Зам. Ком. СОБР')
2026-06-22 01:59:44,197 - services.startup_checks - INFO - ✅ ROLE_CHIEF_PPS: роль найдена (ID=1483444197527912481, name='Командир АВНГ')
2026-06-22 01:59:44,197 - services.startup_checks - INFO - ✅ ROLE_DEPUTY_PPS: роль найдена (ID=1483444604207501343, name='Зам. ком. УВО')
2026-06-22 01:59:44,197 - services.startup_checks - INFO - ✅ ROLE_CHIEF_OSB: роль найдена (ID=1483444329216348332, name='Начальник ОСБ')
2026-06-22 01:59:44,197 - services.startup_checks - INFO - ✅ ROLE_DEPUTY_OSB: роль найдена (ID=1483444394647486534, name='Зам. Нач. ОСБ')
2026-06-22 01:59:44,197 - services.startup_checks - INFO - ✅ ROLE_CHIEF_ORLS: роль найдена (ID=1483444847250636832, name='Командир УВО')
2026-06-22 01:59:44,198 - services.startup_checks - INFO - ✅ ROLE_DEPUTY_ORLS: роль найдена (ID=1483444604207501343, name='Зам. ком. УВО')
2026-06-22 01:59:44,198 - services.startup_checks - INFO - ✅ ROLE_DEPT_GROM: роль найдена (ID=1483445935739502745, name='СОБР')
2026-06-22 01:59:44,198 - services.startup_checks - INFO - ✅ ROLE_DEPT_PPS: роль найдена (ID=1471110817779810324, name='Рядовой')
2026-06-22 01:59:44,198 - services.startup_checks - INFO - ✅ ROLE_DEPT_OSB: роль найдена (ID=1483445838184185979, name='ОСБ')
2026-06-22 01:59:44,198 - services.startup_checks - INFO - ✅ ROLE_DEPT_ORLS: роль найдена (ID=1471110817779810324, name='Рядовой')
2026-06-22 01:59:44,198 - services.startup_checks - WARNING - ⚠️ ROLE_RANK_GROM: список пустой
2026-06-22 01:59:44,198 - services.startup_checks - INFO - ✅ ROLE_RANK_PPS -> 1487044914624856174: роль найдена (ID=1487044914624856174, name='белая ворона')
2026-06-22 01:59:44,198 - services.startup_checks - INFO - ✅ ROLE_RANK_OSB -> 1471110087107018822: роль найдена (ID=1471110087107018822, name='Шпион')
2026-06-22 01:59:44,198 - services.startup_checks - WARNING - ⚠️ ROLE_RANK_ORLS: список пустой
2026-06-22 01:59:44,198 - services.startup_checks - INFO - ✅ ROLE_ACADEMY: роль найдена (ID=1508437640263761952, name='Кадровый отдел')
2026-06-22 01:59:44,198 - services.startup_checks - INFO - ✅ ROLE_DEPT_ACADEMY: роль найдена (ID=1483446295174582282, name='АВНГ')
2026-06-22 01:59:44,199 - services.startup_checks - INFO - ✅ ROLE_PASSED_ACADEMY: роль найдена (ID=1471114268450623550, name='Ефрейтор')
2026-06-22 01:59:44,199 - services.startup_checks - INFO - ✅ Канал повышений 1471108664457826446: канал найден и доступен (ID=1471108664457826446)
2026-06-22 01:59:44,199 - services.startup_checks - INFO - ✅ Роль кадровика для канала повышений 1471108664457826446: роль найдена (ID=1508437640263761952, name='Кадровый отдел')
2026-06-22 01:59:44,199 - services.startup_checks - INFO - ✅ ALL_RANK_ROLE_IDS -> 1517132125504147519: роль найдена (ID=1517132125504147519, name='рядовой')
2026-06-22 01:59:44,199 - services.startup_checks - INFO - ✅ ALL_RANK_ROLE_IDS -> 1517855095033827428: роль найдена (ID=1517855095033827428, name='младший сержант')
2026-06-22 01:59:44,199 - services.startup_checks - INFO - ✅ ALL_RANK_ROLE_IDS -> 1500207254765437048: роль найдена (ID=1500207254765437048, name='Майор')
2026-06-22 01:59:44,199 - services.startup_checks - ERROR - ❌ RANK_ROLE_MAPPING: роль не найдена для 'Рядовой -> Младший Сержант' (ID=0)
2026-06-22 01:59:44,199 - services.startup_checks - INFO - ✅ Канал рапортов ОРЛС: канал найден и доступен (ID=1517850589852205106)
2026-06-22 01:59:44,199 - services.startup_checks - INFO - ✅ Канал рапортов ОСБ: канал найден и доступен (ID=1517850633502199838)
2026-06-22 01:59:44,199 - services.startup_checks - INFO - ✅ Канал рапортов ГРОМ: канал найден и доступен (ID=1517850560110530581)
2026-06-22 01:59:44,200 - services.startup_checks - INFO - ✅ Канал рапортов ППС: канал найден и доступен (ID=1517850560110530581)
2026-06-22 01:59:44,200 - services.startup_checks - INFO - ✅ У бота есть право 'Управлять ролями'
2026-06-22 01:59:44,200 - services.startup_checks - INFO - ✅ У бота есть право 'Управлять никами'
2026-06-22 01:59:44,200 - services.startup_checks - INFO - ======== ПРОВЕРКА ПРИ ЗАПУСКЕ ЗАВЕРШЕНА ========
2026-06-22 01:59:44,200 - utils.startup_log - INFO -     • Каналы и роли — проверены
2026-06-22 01:59:44,200 - utils.startup_log - INFO - 
2026-06-22 01:59:44,200 - utils.startup_log - INFO -   ▶ Состояние
2026-06-22 01:59:44,200 - utils.startup_log - INFO -   ──────────────────────────────────────────────────
2026-06-22 01:59:44,200 - services.health_report - INFO - ========== ОТЧЁТ О СОСТОЯНИИ ==========
2026-06-22 01:59:44,200 - services.health_report - INFO - 📊 ПАМЯТЬ | заявки=0 | увольнения=0 | повышения=0 | склад=0 | переводы=0 | черновики_ОРЛС=0 ОСБ=0 ГРОМ=0 ППС=0 Акад=0 | сообщ_рапортов=0
2026-06-22 01:59:44,203 - services.health_report - INFO - 🗄️ БАЗА   | заявки=3 | увольнения=15 | повышения=6 | склад=1 | переводы=4
2026-06-22 01:59:44,204 - services.health_report - INFO - 🧹 Проверка осиротевших записей (только проверка=True)...
2026-06-22 01:59:44,513 - services.health_report - WARNING - 🧹 ЛИШНЯЯ ЗАПИСЬ (увольнение): message_id=1515959062016163941 (сообщение удалено)
2026-06-22 01:59:44,862 - services.health_report - WARNING - 🧹 ЛИШНЯЯ ЗАПИСЬ (увольнение): message_id=1515959970049556632 (сообщение удалено)
2026-06-22 01:59:45,225 - services.health_report - WARNING - 🧹 ЛИШНЯЯ ЗАПИСЬ (увольнение): message_id=1515968485094854700 (сообщение удалено)
2026-06-22 01:59:45,575 - services.health_report - WARNING - 🧹 ЛИШНЯЯ ЗАПИСЬ (увольнение): message_id=1515986481909600346 (сообщение удалено)
2026-06-22 01:59:45,911 - services.health_report - WARNING - 🧹 ЛИШНЯЯ ЗАПИСЬ (увольнение): message_id=1515993233690329128 (сообщение удалено)
2026-06-22 01:59:50,515 - services.health_report - WARNING - 🧹 ЛИШНЯЯ ЗАПИСЬ (увольнение): message_id=1516023710165766291 (сообщение удалено)
2026-06-22 01:59:50,806 - services.health_report - WARNING - 🧹 ЛИШНЯЯ ЗАПИСЬ (увольнение): message_id=1516036534128607282 (сообщение удалено)
2026-06-22 01:59:51,158 - services.health_report - WARNING - 🧹 ЛИШНЯЯ ЗАПИСЬ (увольнение): message_id=1516064178916429856 (сообщение удалено)
2026-06-22 01:59:51,472 - services.health_report - WARNING - 🧹 ЛИШНЯЯ ЗАПИСЬ (увольнение): message_id=1516068844425445499 (сообщение удалено)
2026-06-22 01:59:51,805 - services.health_report - WARNING - 🧹 ЛИШНЯЯ ЗАПИСЬ (увольнение): message_id=1516082593425264790 (сообщение удалено)
2026-06-22 01:59:52,141 - services.health_report - WARNING - 🧹 ЛИШНЯЯ ЗАПИСЬ (увольнение): message_id=1516093600453099682 (сообщение удалено)
2026-06-22 01:59:56,803 - services.health_report - WARNING - 🧹 ЛИШНЯЯ ЗАПИСЬ (увольнение): message_id=1516100743902265516 (сообщение удалено)
2026-06-22 01:59:57,137 - services.health_report - WARNING - 🧹 ЛИШНЯЯ ЗАПИСЬ (увольнение): message_id=1516113088200577125 (сообщение удалено)
2026-06-22 01:59:57,464 - services.health_report - WARNING - 🧹 ЛИШНЯЯ ЗАПИСЬ (увольнение): message_id=1516116820401066054 (сообщение удалено)
2026-06-22 01:59:57,802 - services.health_report - WARNING - 🧹 ЛИШНЯЯ ЗАПИСЬ (увольнение): message_id=1516123344918024345 (сообщение удалено)
2026-06-22 01:59:58,127 - services.health_report - WARNING - 🧹 ЛИШНЯЯ ЗАПИСЬ (склад): message_id=1516114081881526322 (сообщение удалено)
2026-06-22 01:59:58,436 - services.health_report - WARNING - 🧹 ЛИШНЯЯ ЗАПИСЬ (повышение): message_id=1515983272281112667 (сообщение удалено)
2026-06-22 01:59:58,730 - services.health_report - WARNING - 🧹 ЛИШНЯЯ ЗАПИСЬ (повышение): message_id=1516040108397301830 (сообщение удалено)
2026-06-22 01:59:59,117 - services.health_report - WARNING - 🧹 ЛИШНЯЯ ЗАПИСЬ (повышение): message_id=1516052747307319396 (сообщение удалено)
2026-06-22 01:59:59,487 - services.health_report - WARNING - 🧹 ЛИШНЯЯ ЗАПИСЬ (повышение): message_id=1516094665118584884 (сообщение удалено)
2026-06-22 01:59:59,901 - services.health_report - WARNING - 🧹 ЛИШНЯЯ ЗАПИСЬ (повышение): message_id=1516097916941500486 (сообщение удалено)
2026-06-22 02:00:01,835 - services.health_report - WARNING - 🧹 ЛИШНЯЯ ЗАПИСЬ (повышение): message_id=1516122223130181834 (сообщение удалено)
2026-06-22 02:00:03,665 - services.health_report - WARNING - 🧹 ЛИШНЯЯ ЗАПИСЬ (заявка перевод): message_id=1516019436480364605 (сообщение удалено)
2026-06-22 02:00:05,002 - services.health_report - WARNING - 🧹 ЛИШНЯЯ ЗАПИСЬ (заявка перевод): message_id=1516033835614343309 (сообщение удалено)
2026-06-22 02:00:06,229 - services.health_report - WARNING - 🧹 ЛИШНЯЯ ЗАПИСЬ (заявка перевод): message_id=1516046242575290508 (сообщение удалено)
2026-06-22 02:00:06,665 - services.health_report - INFO - 🧹 Проверка лишних записей завершена
2026-06-22 02:00:06,665 - services.health_report - INFO - ======== ОТЧЁТ О СОСТОЯНИИ ГОТОВ ========
2026-06-22 02:00:06,665 - utils.startup_log - INFO -     • Отчёт состояния — выведен выше
2026-06-22 02:00:08,209 - utils.startup_log - INFO -     • Сообщения для рапортов — проверены/созданы
2026-06-22 02:00:08,209 - utils.startup_log - INFO - 
2026-06-22 02:00:08,210 - utils.startup_log - INFO -   ▶ Фоновые задачи
2026-06-22 02:00:08,210 - utils.startup_log - INFO -   ──────────────────────────────────────────────────
2026-06-22 02:00:08,210 - services.worker_queue - INFO - Воркер очереди задач запущен
2026-06-22 02:00:08,210 - events - INFO - Запущена фоновая задача: start_position_checker
2026-06-22 02:00:08,210 - events - INFO - Запущена фоновая задача: warehouse_position_checker
2026-06-22 02:00:08,210 - events - INFO - Запущена фоновая задача: cleanup_manager
2026-06-22 02:00:08,210 - events - INFO - Запущена фоновая задача: apply_grom_position_checker
2026-06-22 02:00:08,210 - events - INFO - Запущена фоновая задача: apply_pps_position_checker
2026-06-22 02:00:08,210 - events - INFO - Запущена фоновая задача: apply_osb_position_checker
2026-06-22 02:00:08,210 - events - INFO - Запущена фоновая задача: apply_orls_position_checker
2026-06-22 02:00:08,211 - events - INFO - Запущена фоновая задача: academy_apply_position_checker
2026-06-22 02:00:08,211 - events - INFO - Запущена фоновая задача: admin_transfer_position_checker
2026-06-22 02:00:08,211 - events - INFO - Запущена фоновая задача: firing_position_checker
2026-06-22 02:00:08,211 - events - INFO - Запущена фоновая задача: promotion_setup_position_check
2026-06-22 02:00:08,216 - services.cleanup - INFO - 🧠 SQLite optimize выполнен
2026-06-22 02:00:08,218 - services.warehouse_session - INFO - 🧹 WarehouseSession: очищено 94 старых сессий
2026-06-22 02:00:08,219 - services.cleanup - INFO - 🧹 Очищено просроченных сессий склада: 94
2026-06-22 02:00:08,219 - services.cleanup - INFO - 🧹 Периодическая очистка завершена
2026-06-22 02:00:08,219 - utils.startup_log - INFO - 
2026-06-22 02:00:08,219 - utils.startup_log - INFO - ╔══════════════════════════════════════════════════╗
2026-06-22 02:00:08,219 - utils.startup_log - INFO - ║ БОТ ГОТОВ К РАБОТЕ                               ║
2026-06-22 02:00:08,219 - utils.startup_log - INFO - ║                                                  ║
2026-06-22 02:00:08,219 - utils.startup_log - INFO - ║ Помощник#1719                                    ║
2026-06-22 02:00:08,219 - utils.startup_log - INFO - ║ ЧВК Варкин (ID: 1470858553530257473)             ║
2026-06-22 02:00:08,219 - utils.startup_log - INFO - ╚══════════════════════════════════════════════════╝
2026-06-22 02:00:08,219 - utils.startup_log - INFO - 
2026-06-22 02:00:08,219 - utils.startup_log - INFO - done
2026-06-22 02:00:09,294 - services.base_position - INFO - Сообщение не найдено в канале 1517833352185380925 - создаем
2026-06-22 02:00:09,386 - services.base_position - INFO - Сообщение не найдено в канале 1517833799818547222 - создаем
2026-06-22 02:00:10,280 - services.base_position - INFO - 🔄 Сообщение обновлено в канале 1517833799818547222 (msg_id=1518314603518496909)
2026-06-22 02:00:10,448 - services.base_position - INFO - 🔄 Сообщение обновлено в канале 1517833352185380925 (msg_id=1518314604021678202)
2026-06-22 02:00:30,757 - __main__ - INFO - Остановка бота по запросу пользователя
2026-06-22 02:00:30,757 - services.worker_queue - INFO - Воркер очереди задач остановлен
2026-06-22 02:00:30,758 - services.worker_queue - INFO - Воркер очереди задач остановлен по CancelledError
2026-06-22 02:00:30,758 - services.base_position - INFO - Фоновая проверка позиции остановлена (канал 1482723021805584605)
2026-06-22 02:00:30,758 - services.base_position - INFO - Фоновая проверка позиции остановлена (канал 1471112353184616629)
2026-06-22 02:00:30,758 - services.cleanup - INFO - Фоновая задача очистки остановлена по CancelledError
2026-06-22 02:00:30,758 - services.base_position - INFO - Фоновая проверка позиции остановлена (канал 1517833352185380925)
2026-06-22 02:00:30,758 - services.base_position - INFO - Фоновая проверка позиции остановлена (канал 1517833799818547222)
2026-06-22 02:00:30,758 - services.base_position - INFO - Фоновая проверка позиции остановлена (канал 1517833889362481182)
2026-06-22 02:00:30,758 - services.base_position - INFO - Фоновая проверка позиции остановлена (канал 1517833579059740682)
2026-06-22 02:00:30,759 - services.base_position - INFO - Фоновая проверка позиции остановлена (канал 1503034563184693338)
2026-06-22 02:00:30,759 - services.base_position - INFO - Фоновая проверка позиции остановлена (канал 1517834808011657327)
2026-06-22 02:00:30,759 - services.base_position - INFO - Фоновая проверка позиции остановлена (канал 1517132584142770207)
2026-06-22 02:00:30,759 - events - WARNING - Фоновая задача 'start_position_checker' отменена
2026-06-22 02:00:30,759 - events - WARNING - Фоновая задача 'warehouse_position_checker' отменена
2026-06-22 02:00:30,759 - events - WARNING - Фоновая задача 'cleanup_manager' отменена
2026-06-22 02:00:30,759 - events - WARNING - Фоновая задача 'apply_grom_position_checker' отменена
2026-06-22 02:00:30,759 - events - WARNING - Фоновая задача 'apply_pps_position_checker' отменена
2026-06-22 02:00:30,759 - events - WARNING - Фоновая задача 'apply_osb_position_checker' отменена
2026-06-22 02:00:30,760 - events - WARNING - Фоновая задача 'apply_orls_position_checker' отменена
2026-06-22 02:00:30,760 - events - WARNING - Фоновая задача 'academy_apply_position_checker' отменена
2026-06-22 02:00:30,760 - events - WARNING - Фоновая задача 'admin_transfer_position_checker' отменена
2026-06-22 02:00:30,760 - events - WARNING - Фоновая задача 'firing_position_checker' отменена
2026-06-22 02:00:30,760 - events - WARNING - Фоновая задача 'promotion_setup_position_check' отменена
2026-06-22 02:00:30,762 - __main__ - INFO - Соединение с БД закрыто
